ID,Core,Core_depth,Field_depth_,Strat_depth,95%_min_age_SH20M1H,95%_max_age_SH20M1H,median_age_SH20M1H,mean_age_SH20M1H,mean_95%_error,accum_rate,sed_rate,PWAmp,PWVel,GRD_Gamma_Ray_Density__SAT_cal,GRD_SAT_UNSAT_mean,Magnetic_Susceptibility_MS,GRD_corrected_MS_GRD<0.3_not_included,GRD_corrected_MS_SAT_UNSAT_mean,Resitivity,Impedance_SAT,Fractional_porosity
Unit,,cm,cm,cm ,cal a BP,cal a BP,cal a BP,cal a BP,cal a BP,cm yr-1,yr cm-1,NA,m/s,kgm-3,,SI x 10^-5,SI x 10^-5 m3kg-1,SI x 10^-5 m3kg-1,Ohm.m,,NA
LP16-1C_1,LP16-1C,0,0.7,0.7,-6,5,-3,-2,6,0.1667,1.8227,0.0007,318.2139,0.9838,1.2146,0.4,0.40656931,0.329334378,2.0296,365.8050963,1.02568464
LP16-1C_2,LP16-1C,0.5,1.2,1.2,-6,14,1,1,8,0.125,1.9045,0.0006,320.8905,1.0198,1.2515,0.6,0.588371721,0.47941253,1.7227,378.5828792,1.00455172
LP16-1C_3,LP16-1C,1,1.7,1.7,-5,22,4,5,6,0.1667,2.0054,0,20.4645,1.0626,1.2956,0.8,0.752880535,0.617477965,1.4766,24.88194142,0.97944426
LP16-1C_4,LP16-1C,1.5,2.2,2.2,-5,31,7,8,8,0.125,2.1185,0,21.6181,1.0751,1.3084,-0.5,-0.465088789,-0.382136854,1.3835,26.51092062,0.97217376
LP16-1C_5,LP16-1C,2,2.7,2.7,-4,39,10,12,8,0.125,2.1831,0,22.2773,1.1188,1.3535,-0.6,-0.536274055,-0.443306472,1.1478,28.14037706,0.94648466
LP16-1C_6,LP16-1C,2.5,3.2,3.2,-4,48,14,16,6,0.1667,2.2255,0,22.7099,1.1899,1.4266,-0.5,-0.420197202,-0.350481519,1.0399,30.04559868,0.90480046
LP16-1C_7,LP16-1C,3,3.7,3.7,-3,56,17,19,8,0.125,2.2517,0,22.9777,1.209,1.4463,-0.5,-0.413560637,-0.345720194,1.0171,30.76829912,0.89365236
LP16-1C_8,LP16-1C,3.5,4.2,4.2,-3,65,20,23,6,0.1667,2.2719,0,23.1837,1.2369,1.4749,-0.5,-0.404236757,-0.338994669,0.9574,31.58795882,0.87736644
LP16-1C_9,LP16-1C,4,4.7,4.7,-2,73,23,26,8,0.125,2.284,0,23.3073,1.2357,1.4737,-0.3,-0.242783265,-0.203571319,0.9427,31.73303978,0.87804502
LP16-1C_10,LP16-1C,4.5,5.2,5.2,-2,82,26,30,6,0.1667,2.287,0,23.3382,1.247,1.4854,-0.5,-0.400957933,-0.336619456,0.9136,31.99798752,0.87135616
LP16-1C_11,LP16-1C,5,5.7,5.7,-1,90,30,33,8,0.125,2.2789,0,23.2558,1.2526,1.4911,-0.6,-0.47900716,-0.40238873,0.9025,31.99281742,0.86815714
LP16-1C_12,LP16-1C,5.5,6.2,6.2,0,99,33,37,6,0.1667,2.2628,0,23.091,1.2639,1.5028,-0.5,-0.395590126,-0.332719523,0.9142,31.98764732,0.86146828
LP16-1C_13,LP16-1C,6,6.7,6.7,0,107,36,40,8,0.125,2.2487,0.0016,595.6736,1.2603,1.4991,1,0.793435219,0.667079736,0.9005,823.3638778,0.86360096
LP16-1C_14,LP16-1C,6.5,7.2,7.2,1,116,39,44,6,0.1667,2.2366,0,22.8232,1.3063,1.5463,3.3,2.526250189,2.134068715,0.8697,32.42933294,0.83665164
LP16-1C_15,LP16-1C,7,7.7,7.7,1,124,42,47,8,0.125,2.2295,0.0135,1564.555,1.3796,1.6218,4.1,2.971791465,2.528024695,0.8916,2319.700583,0.79370722
LP16-1C_16,LP16-1C,7.5,8.2,8.2,2,133,46,51,6,0.1667,2.2224,0.2657,1543.35,1.5182,1.7644,1.9,1.251465384,1.076847163,0.898,2468.119041,0.7124715
LP16-1C_17,LP16-1C,8,8.7,8.7,2,141,49,54,8,0.125,2.2305,0.4919,1522.525,1.6088,1.8576,0.9,0.559430155,0.484498743,0.9279,2550.838255,0.65944532
LP16-1C_18,LP16-1C,8.5,9.2,9.2,3,150,52,58,6,0.1667,2.2295,0.5445,1542.9,1.4946,1.7401,1.3,0.869805109,0.747086146,0.8904,2436.742102,0.72633392
LP16-1C_19,LP16-1C,9,9.7,9.7,3,159,55,61,66,0.0152,2.2285,0.4473,1569.353,1.3821,1.6243,3,2.170614684,1.84689432,0.9144,2329.977946,0.79225312
LP16-1C_20,LP16-1C,9.5,10.2,10.2,37,191,88,94,152,0.0066,2.2275,0.0722,1560.947,1.3452,1.5864,11.6,8.623058946,7.312083519,0.9422,2269.111552,0.81387074
LP16-1C_21,LP16-1C,10,10.7,10.7,117,261,165,170,154,0.0065,2.2386,0.0155,1557.811,1.3722,1.6141,15.9,11.58747428,9.850473132,0.9409,2299.913417,0.79806952
LP16-1C_22,LP16-1C,10.5,11.2,11.2,194,328,242,247,152,0.0066,2.2638,0.0218,1572.088,1.3851,1.6275,10.3,7.4361684,6.328876815,0.9894,2338.021031,0.7905082
LP16-1C_23,LP16-1C,11,11.7,11.7,270,399,319,323,152,0.0066,2.283,0.0078,1509.911,1.3529,1.5943,4,2.956639674,2.508948156,0.939,2204.692902,0.80931456
LP16-1C_24,LP16-1C,11.5,12.2,12.2,343,474,395,399,152,0.0066,2.3052,0.0042,1514.579,1.2954,1.5352,2.4,1.852691038,1.563358539,0.9962,2138.196666,0.84304968
LP16-1C_25,LP16-1C,12,12.7,12.7,415,550,469,475,152,0.0066,2.3355,0.0047,1041.69,1.2502,1.4887,0.9,0.719868909,0.604569004,0.9947,1431.015276,0.8695143
LP16-1C_26,LP16-1C,12.5,13.2,13.2,487,630,544,551,154,0.0065,2.3617,0,24.1003,1.2296,1.4675,0.5,0.406629661,0.340724779,0.978,32.6901446,0.8816318
LP16-1C_27,LP16-1C,13,13.7,13.7,552,713,619,628,152,0.0066,2.388,0,24.3681,1.1878,1.4245,0.6,0.505119457,0.421209613,1.0199,32.19572396,0.90606068
LP16-1C_28,LP16-1C,13.5,14.2,14.2,619,797,695,704,152,0.0066,2.396,0,24.4505,1.1737,1.4099,0.8,0.68162938,0.567424514,1.0474,32.01349782,0.91439752
LP16-1C_29,LP16-1C,14,14.7,14.7,686,883,771,780,152,0.0066,2.3799,0,24.2857,1.167,1.4031,1.1,0.942554532,0.783994753,0.9874,31.66280596,0.91827512
LP16-1C_30,LP16-1C,14.5,15.2,15.2,754,971,846,856,154,0.0065,2.3728,0,24.2136,1.1055,1.3398,1.2,1.085479522,0.895688759,1.0562,30.31436434,0.9543368
LP16-1C_31,LP16-1C,15,15.7,15.7,823,1060,921,933,152,0.0066,2.3708,0,24.193,1.1466,1.3821,1,0.872126425,0.723556868,1.0482,31.12543372,0.93029568
LP16-1C_32,LP16-1C,15.5,16.2,16.2,891,1149,997,1009,152,0.0066,2.3809,0,24.296,1.1247,1.3595,0.1,0.088913248,0.073556677,0.9885,30.81005762,0.94309176
LP16-1C_33,LP16-1C,16,16.7,16.7,958,1238,1073,1085,152,0.0066,2.4092,0,24.5844,1.1565,1.3923,-0.2,-0.172928344,-0.143649864,1.0306,31.83421466,0.92447928
LP16-1C_34,LP16-1C,16.5,17.2,17.2,1023,1328,1149,1161,154,0.0065,2.4354,0,24.8522,1.1764,1.4127,0.1,0.085005122,0.070786445,0.991,32.5970828,0.91274954
LP16-1C_35,LP16-1C,17,17.7,17.7,1090,1418,1225,1238,152,0.0066,2.4475,0,24.9758,1.1875,1.4241,0.3,0.252640151,0.210662344,0.9469,32.9916012,0.90625456
LP16-1C_36,LP16-1C,17.5,18.2,18.2,1155,1507,1300,1314,152,0.0066,2.4495,0,24.9964,1.1798,1.4162,0.8,0.678079433,0.56489141,0.9819,32.85654228,0.91081074
LP16-1C_37,LP16-1C,18,18.7,18.7,1221,1596,1376,1390,152,0.0066,2.4243,0,24.7389,1.2211,1.4587,0.8,0.655140351,0.548431208,0.9798,33.37848376,0.88657574
LP16-1C_38,LP16-1C,18.5,19.2,19.2,1286,1686,1452,1466,152,0.0066,2.389,0,24.3784,1.2188,1.4564,2,1.640899526,1.373275665,0.9491,32.84540668,0.8879329
LP16-1C_39,LP16-1C,19,19.7,19.7,1351,1775,1528,1542,184,0.0054,2.3496,0,23.9767,1.2011,1.4381,1,0.832589533,0.695368698,0.9197,31.94652514,0.89830548
LP16-1C_40,LP16-1C,19.5,20.2,20.2,1446,1876,1619,1634,232,0.0043,2.2971,0,23.4412,1.2255,1.4632,1.6,1.30563135,1.093508371,0.974,31.71291616,0.8840553
LP16-1C_41,LP16-1C,20,20.7,20.7,1555,2045,1731,1750,232,0.0043,2.2275,0,22.7305,1.252,1.4905,2.1,1.677284543,1.408911979,0.9888,31.25985632,0.86844796
LP16-1C_42,LP16-1C,20.5,21.2,21.2,1652,2237,1834,1866,232,0.0043,2.1477,0,21.9168,1.2523,1.4908,2.7,2.156020349,1.811103702,0.9454,30.14621678,0.86835102
LP16-1C_43,LP16-1C,21,21.7,21.7,1746,2430,1923,1982,232,0.0043,2.0599,0,21.0207,1.2824,1.5217,1.9,1.481634174,1.248575708,0.9532,29.44602616,0.85070794
LP16-1C_44,LP16-1C,21.5,22.2,22.2,1840,2621,2009,2098,230,0.0043,1.9933,0,20.3409,1.3312,1.572,4.1,3.079835712,2.608109444,1.0091,29.33029546,0.8220137
LP16-1C_45,LP16-1C,22,22.7,22.7,1935,2823,2095,2213,232,0.0043,1.9751,0,20.1555,1.3143,1.5546,6.7,5.097697099,4.309764005,0.9999,28.7747881,0.83199852
LP16-1C_46,LP16-1C,22.5,23.2,23.2,2028,3024,2180,2329,232,0.0043,1.962,0,20.0216,1.2893,1.5288,2.8,2.171774116,1.831460789,1.1106,28.16288688,0.84663646
LP16-1C_47,LP16-1C,23,23.7,23.7,2118,3236,2263,2445,232,0.0043,1.9539,0,19.9392,1.3311,1.5718,3.4,2.554372869,2.163090138,1.0271,28.74726726,0.82220758
LP16-1C_48,LP16-1C,23.5,24.2,24.2,2208,3443,2348,2561,232,0.0043,1.9761,0.0009,390.6975,1.3275,1.5681,6.9,5.19790206,4.400147304,1.0113,562.1124411,0.82424332
LP16-1C_49,LP16-1C,24,24.7,24.7,2294,3649,2433,2677,230,0.0043,2.0024,0.0026,646.767,1.3654,1.6071,6.8,4.980352619,4.231138155,1.012,951.1456832,0.80204406
LP16-1C_50,LP16-1C,24.5,25.2,25.2,2380,3860,2517,2792,232,0.0043,2.0256,0.0085,1047.366,1.3827,1.6249,2.4,1.735779425,1.47698481,1.0012,1555.511284,0.7919623
LP16-1C_51,LP16-1C,25,25.7,25.7,2466,4070,2601,2908,232,0.0043,2.0428,0.0214,1104.794,1.3878,1.6302,1.7,1.224987926,1.042826818,1.0052,1645.580789,0.78895716
LP16-1C_52,LP16-1C,25.5,26.2,26.2,2549,4283,2686,3024,232,0.0043,2.0559,0.0253,1265.939,1.3522,1.5936,3.1,2.29251704,1.945265561,0.9938,1847.734085,0.80970232
LP16-1C_53,LP16-1C,26,26.7,26.7,2630,4492,2773,3140,232,0.0043,2.071,0.0125,1272.91,1.3189,1.5593,1.7,1.288995517,1.090248036,0.9954,1822.100729,0.82938114
LP16-1C_54,LP16-1C,26.5,27.2,27.2,2708,4712,2858,3256,230,0.0043,2.0902,0.0065,830.1042,1.3027,1.5426,1.2,0.921169549,0.777884288,1.0019,1177.001104,0.83878432
LP16-1C_55,LP16-1C,27,27.7,27.7,2788,4929,2944,3371,232,0.0043,2.1205,0.0063,883.9026,1.3095,1.5496,0.6,0.45819087,0.38718446,1.0732,1258.347457,0.83480978
LP16-1C_56,LP16-1C,27.5,28.2,28.2,2867,5139,3031,3487,232,0.0043,2.1397,0.0256,1568.666,1.3418,1.5829,0.4,0.298100978,0.252698568,1.2807,2275.854158,0.81580954
LP16-1C_57,LP16-1C,28,28.7,28.7,2944,5352,3117,3603,232,0.0043,2.1407,0.0645,1597.514,1.4979,1.7435,0.3,0.200280897,0.172067866,1.2556,2527.451109,0.72439512
LP16-1C_58,LP16-1C,28.5,29.2,29.2,3022,5564,3206,3719,232,0.0043,2.1467,0.0761,1634.977,1.7134,1.9653,1.3,0.758714435,0.661489304,1.2657,2883.198531,0.5980823
LP16-1C_59,LP16-1C,29,29.7,29.7,3098,5780,3296,3835,324,0.0031,2.1467,0.1272,1683.706,1.6682,1.9188,14.9,8.931572401,7.765392807,1.0212,2905.101461,0.62464386
LP16-1C_60,LP16-1C,29.5,30.2,30.2,3265,5935,3461,3997,462,0.0022,2.1387,0.0417,1731.701,1.5189,1.7651,30,19.75137119,16.99629137,1.0327,2770.406039,0.71208374
LP16-1C_61,LP16-1C,30,30.7,30.7,3560,6002,3741,4228,462,0.0022,2.1124,0.0047,1356.717,1.3834,1.6257,25,18.07115176,15.37789453,1.0477,2015.849829,0.7914776
LP16-1C_62,LP16-1C,30.5,31.2,31.2,3857,6059,4021,4459,462,0.0022,2.069,0,21.1134,1.2751,1.5142,7.2,5.646664576,4.754846362,1.0509,29.44602616,0.8549733
LP16-1C_63,LP16-1C,31,31.7,31.7,4151,6115,4304,4690,464,0.0022,2.0407,0,20.825,1.2645,1.5034,0.6,0.474495225,0.399108437,1.0236,28.85782786,0.86117746
LP16-1C_64,LP16-1C,31.5,32.2,32.2,4441,6179,4584,4922,462,0.0022,2.0428,0.0018,486.952,1.2731,1.5122,-0.1,-0.078548185,-0.066128734,1.0355,678.3137793,0.85613658
LP16-1C_65,LP16-1C,32,32.7,32.7,4729,6238,4864,5153,462,0.0022,2.0518,0.0017,486.3351,1.2619,1.5006,-0.4,-0.316993678,-0.266555174,0.9739,672.8717321,0.8627285
LP16-1C_66,LP16-1C,32.5,33.2,33.2,5017,6297,5148,5384,462,0.0022,2.067,0,21.0928,1.2623,1.5011,-0.3,-0.23765624,-0.199851612,1.0404,29.19118,0.86243768
LP16-1C_67,LP16-1C,33,33.7,33.7,5299,6356,5432,5615,464,0.0022,2.068,0,21.1031,1.2381,1.4762,-0.4,-0.323068429,-0.270963443,0.9887,28.7747881,0.87659092
LP16-1C_68,LP16-1C,33.5,34.2,34.2,5578,6414,5714,5847,462,0.0022,2.073,0,21.1546,1.2153,1.4528,-0.4,-0.329124365,-0.275335508,1.0303,28.4403224,0.88996864
LP16-1C_69,LP16-1C,34,34.7,34.7,5853,6475,5999,6078,462,0.0022,2.07,0,21.1237,1.2264,1.4642,-0.4,-0.326156246,-0.273195486,1.0556,28.59478908,0.88347366
LP16-1C_70,LP16-1C,34.5,35.2,35.2,6123,6553,6284,6309,462,0.0022,2.0771,0.0017,432.185,1.2256,1.4633,-0.5,-0.407978326,-0.341698652,1.0324,584.7212089,0.8840553
LP16-1C_71,LP16-1C,35,35.7,35.7,6387,6680,6547,6540,464,0.0022,2.0831,0.0025,715.363,1.2259,1.4637,-0.4,-0.326281993,-0.273286259,1.0515,968.0678182,0.88376448
LP16-1C_72,LP16-1C,35.5,36.2,36.2,6548,6960,6783,6772,462,0.0022,2.1003,0.0063,1060.22,1.2115,1.4488,-0.3,-0.247632973,-0.207070039,1.0319,1421.857835,0.8922952
LP16-1C_73,LP16-1C,36,36.7,36.7,6631,7256,7056,7003,462,0.0022,2.1043,0.0054,1179.559,1.2343,1.4722,-0.3,-0.243062183,-0.203773058,1.0048,1604.587464,0.87882054
LP16-1C_74,LP16-1C,36.5,37.2,37.2,6697,7549,7335,7234,462,0.0022,2.1094,0.0043,1043.731,1.2026,1.4396,-0.3,-0.249462718,-0.208385103,1.0432,1392.004087,0.89743302
LP16-1C_75,LP16-1C,37,37.7,37.7,6759,7844,7611,7465,464,0.0022,2.1195,0,21.6284,1.2066,1.4437,-0.5,-0.414403069,-0.346325771,1.0346,28.91740332,0.89510646
LP16-1C_76,LP16-1C,37.5,38.2,38.2,6819,8138,7889,7697,462,0.0022,2.1154,0,21.5872,1.2337,1.4716,-0.4,-0.324231906,-0.271805154,1.0353,29.3550324,0.8792083
LP16-1C_77,LP16-1C,38,38.7,38.7,6884,8434,8167,7928,462,0.0022,2.1104,0,21.5357,1.2558,1.4944,-0.6,-0.477781222,-0.401498271,1.0511,29.68496432,0.86631528
LP16-1C_78,LP16-1C,38.5,39.2,39.2,6946,8731,8445,8159,462,0.0022,2.1064,0,21.4945,1.2863,1.5258,-0.7,-0.544180418,-0.458769998,1.0475,30.181453,0.84838138
LP16-1C_79,LP16-1C,39,39.7,39.7,7006,9027,8723,8390,470,0.0021,2.0973,0.0045,1561.629,1.2856,1.525,-0.4,-0.311143161,-0.262288043,1.1042,2191.708792,0.84876914
LP16-1B_2,LP16-1B,19.5,39.8,39.8,7019,9086,8779,8437,314,0.0032,1.8823,0.0616,1514.304,1.2879,1.5275,2,1.552861221,1.309352499,1.7334,2128.305867,0.84741198
LP16-1B_3,LP16-1B,20,40.3,40.3,7153,9248,8944,8594,216,0.0046,1.8772,0.1224,1523.728,1.3804,1.6226,2.1,1.5213032,1.294220973,1.6565,2260.044788,0.79322252
LP16-1B_4,LP16-1B,20.5,40.8,40.8,7337,9322,9034,8702,216,0.0046,1.8954,0.1768,1451.302,1.3483,1.5895,2.1,1.55756858,1.321147222,1.6272,2113.468476,0.81202888
LP16-1B_5,LP16-1B,21,41.3,41.3,7521,9397,9123,8810,218,0.0046,1.9146,0.3556,1453.742,1.3713,1.6133,2.1,1.531370608,1.301711835,1.6417,2145.180278,0.79855422
LP16-1B_6,LP16-1B,21.5,41.8,41.8,7707,9473,9214,8919,216,0.0046,1.9186,0.3734,1476.994,1.359,1.6006,-0.4,-0.294327212,-0.249903814,1.7724,2164.218973,0.80572778
LP16-1B_7,LP16-1B,22,42.3,42.3,7890,9549,9304,9027,216,0.0046,1.9338,0.238,1508.39,1.3608,1.6025,-0.4,-0.293938749,-0.249615613,1.7533,2212.555431,0.80466144
LP16-1B_8,LP16-1B,22.5,42.8,42.8,8073,9626,9394,9135,216,0.0046,1.9499,0.2002,1452.984,1.3594,1.601,-0.4,-0.294245345,-0.249843084,1.7119,2129.508512,0.8055339
LP16-1B_9,LP16-1B,23,43.3,43.3,8256,9704,9483,9243,216,0.0046,1.9539,0.436,1423.119,1.3629,1.6046,-0.5,-0.366862784,-0.311603421,1.4036,2089.870548,0.80349816
LP16-1B_10,LP16-1B,23.5,43.8,43.8,8443,9781,9571,9351,216,0.0046,1.962,0.6024,1445.849,1.3593,1.6009,-0.2,-0.147132904,-0.124929132,1.1573,2118.962303,0.80563084
LP16-1B_11,LP16-1B,24,44.3,44.3,8628,9858,9660,9459,218,0.0046,1.963,0.7153,1461.673,1.3609,1.6026,0.3,0.220438749,0.187200347,1.1644,2144.060355,0.80466144
LP16-1B_12,LP16-1B,24.5,44.8,44.8,8812,9938,9748,9568,216,0.0046,1.958,0.5308,1473.273,1.3539,1.5954,0.1,0.073859224,0.062681639,1.1339,2152.436712,0.80873292
LP16-1B_13,LP16-1B,25,45.3,45.3,8998,10021,9837,9676,216,0.0046,1.9509,0.1196,1496.1,1.3539,1.5954,0.5,0.369296118,0.313408194,1.1824,2185.784653,0.80873292
LP16-1B_14,LP16-1B,25.5,45.8,45.8,9184,10103,9926,9784,216,0.0046,1.9348,0.0178,1498.656,1.3784,1.6206,0.4,0.290189356,0.246828995,1.1636,2220.437049,0.7943858
LP16-1B_15,LP16-1B,26,46.3,46.3,9366,10190,10013,9892,216,0.0046,1.9449,0.0369,1324.835,1.3471,1.5884,0.2,0.148464776,0.125916004,1.1212,1927.965288,0.8128044
LP16-1B_16,LP16-1B,26.5,46.8,46.8,9539,10273,10100,10000,218,0.0046,1.958,0.0729,1355.003,1.3758,1.6178,0.9,0.654182219,0.556300127,1.1201,2004.564694,0.79593684
LP16-1B_17,LP16-1B,27,47.3,47.3,9715,10354,10187,10109,216,0.0046,1.963,0.128,1385.34,1.3673,1.6091,0.5,0.365696025,0.310736978,1.1668,2039.551158,0.80088078
LP16-1B_18,LP16-1B,27.5,47.8,47.8,9891,10439,10272,10217,216,0.0046,1.9711,0.185,1426.267,1.3745,1.6166,-0.2,-0.145503797,-0.123718945,1.2014,2108.509952,0.79671236
LP16-1B_19,LP16-1B,28,48.3,48.3,10045,10530,10358,10325,216,0.0046,1.9711,0.1993,1446.149,1.3728,1.6148,0.1,0.07284207,0.06192654,1.1785,2135.765924,0.79768176
LP16-1B_20,LP16-1B,28.5,48.8,48.8,10156,10622,10447,10433,216,0.0046,1.9711,0.1481,1473.17,1.334,1.5748,0.5,0.374817873,0.317492449,1.1748,2127.585235,0.82046266
LP16-1B_21,LP16-1B,29,49.3,49.3,10232,10721,10549,10541,218,0.0046,1.958,0.0559,1526.095,1.2814,1.5208,0.1,0.078038272,0.065756541,1.2442,2136.523145,0.85119264
LP16-1B_22,LP16-1B,29.5,49.8,49.8,10309,10839,10666,10650,104,0.0096,1.9539,0.009,1612.164,1.2558,1.4944,-0.5,-0.398151019,-0.334581893,1.1768,2222.231472,0.86631528
LP16-1B_23,LP16-1B,30,50.3,50.3,10342,10900,10715,10702,32,0.0313,1.956,0,19.9598,1.2464,1.4848,-0.5,-0.401140384,-0.336751764,1.2353,27.35635128,0.87174392
LP16-1B_24,LP16-1B,30.5,50.8,50.8,10357,10925,10732,10718,32,0.0313,1.956,0,19.9598,1.2951,1.5349,-0.2,-0.154424726,-0.130304646,1.2688,28.17418156,0.84324356
LP16-1B_25,LP16-1B,31,51.3,51.3,10369,10965,10744,10734,32,0.0313,1.955,0,19.9495,1.292,1.5317,-0.5,-0.386993942,-0.326444283,1.362,28.10657256,0.84508542
LP16-1B_26,LP16-1B,31.5,51.8,51.8,10388,11010,10758,10750,32,0.0313,1.959,0,19.9907,1.3127,1.553,0.3,0.228534522,0.193179977,1.1969,28.5134992,0.83287098
LP16-1B_27,LP16-1B,32,52.3,52.3,10405,11052,10769,10766,32,0.0313,1.9661,0,20.0628,1.329,1.5697,-0.1,-0.07524618,-0.063707027,1.3077,28.88956432,0.82337086
LP16-1B_28,LP16-1B,32.5,52.8,52.8,10427,11105,10779,10782,32,0.0313,1.9691,0.0018,1283.626,1.2972,1.537,-0.3,-0.231265733,-0.195184852,1.2511,1814.12923,0.84198334
LP16-1B_29,LP16-1B,33,53.3,53.3,10443,11157,10791,10798,32,0.0313,1.963,0.0031,1278.012,1.2823,1.5216,-0.5,-0.389932474,-0.328593557,1.2212,1790.06679,0.85080488
LP16-1B_30,LP16-1B,33.5,53.8,53.8,10463,11218,10800,10814,32,0.0313,1.9539,0.0023,793.6404,1.296,1.5357,-0.7,-0.54013173,-0.455806299,1.2155,1120.818025,0.84266192
LP16-1B_31,LP16-1B,34,54.3,54.3,10473,11281,10810,10830,32,0.0313,1.9499,0,19.898,1.3575,1.5991,-0.9,-0.662974058,-0.562830807,1.2983,29.13025236,0.80669718
LP16-1B_32,LP16-1B,34.5,54.8,54.8,10491,11341,10817,10846,32,0.0313,1.9539,0,19.9392,1.3299,1.5707,-0.8,-0.601541562,-0.509340603,1.3542,28.72762088,0.82288616
LP16-1B_33,LP16-1B,35,55.3,55.3,10501,11404,10827,10862,30,0.0333,1.9711,0,20.1143,1.2348,1.4728,0.3,0.242950539,0.203692314,1.329,27.3705094,0.87852972
LP16-1B_34,LP16-1B,35.5,55.8,55.8,10509,11473,10836,10877,32,0.0313,1.9994,0,20.4027,1.2135,1.4509,0.1,0.082402868,0.06892155,1.3085,27.39898472,0.89103498
LP16-1B_35,LP16-1B,36,56.3,56.3,10522,11541,10846,10893,32,0.0313,2.0407,0,20.825,1.1937,1.4305,-0.6,-0.502639406,-0.419433956,1.3226,27.6174811,0.90266778
LP16-1B_36,LP16-1B,36.5,56.8,56.8,10535,11608,10855,10909,32,0.0313,2.0771,0,21.1958,1.1961,1.4329,-0.5,-0.418038551,-0.348935162,1.3447,28.1515922,0.90121368
LP16-1B_37,LP16-1B,37,57.3,57.3,10550,11678,10864,10925,32,0.0313,2.0912,0,21.34,1.1966,1.4335,-0.4,-0.334272327,-0.279034487,1.2494,28.35227162,0.90092286
LP16-1B_38,LP16-1B,37.5,57.8,57.8,10563,11743,10872,10941,32,0.0313,2.1013,0,21.443,1.2083,1.4455,-0.2,-0.165527793,-0.13836252,1.3961,28.70017958,0.89413706
LP16-1B_39,LP16-1B,38,58.3,58.3,10574,11809,10881,10957,32,0.0313,2.1144,0,21.5769,1.2139,1.4513,-0.7,-0.576640407,-0.482321519,1.277,28.98127394,0.8908411
LP16-1B_40,LP16-1B,38.5,58.8,58.8,10587,11877,10890,10973,32,0.0313,2.1154,0,21.5872,1.187,1.4236,-0.8,-0.673975334,-0.56195816,1.2395,28.50578382,0.90664232
LP16-1B_41,LP16-1B,39,59.3,59.3,10601,11942,10898,10989,32,0.0313,2.1094,0,21.5254,1.1668,1.4028,-0.9,-0.771368422,-0.641583682,1.396,28.05797362,0.918469
LP16-1B_42,LP16-1B,39.5,59.8,59.8,10609,12010,10907,11005,84,0.0119,2.1154,0,21.5872,1.1284,1.3633,-0.8,-0.708981985,-0.586816049,1.3821,27.4416977,0.94095908
LP16-1B_43,LP16-1B,40,60.3,60.3,10658,12045,10950,11047,118,0.0085,2.1094,0,21.5254,1.1396,1.3749,-0.8,-0.701983744,-0.581875834,1.3049,27.56705274,0.93436716
LP16-1B_44,LP16-1B,40.5,60.8,60.8,10731,12058,11011,11106,118,0.0085,2.1094,0,21.5254,1.1373,1.3724,-0.7,-0.615512166,-0.510043433,1.1753,27.52394206,0.93572432
LP16-1B_45,LP16-1B,41,61.3,61.3,10803,12074,11075,11165,118,0.0085,2.1114,0,21.546,1.1895,1.4262,-0.7,-0.588463079,-0.490807978,1.0884,28.49806844,0.90509128
LP16-1B_46,LP16-1B,41.5,61.8,61.8,10877,12094,11140,11224,118,0.0085,2.1114,0,21.546,1.2083,1.4455,-0.7,-0.579347274,-0.48426882,1.1091,28.8380224,0.89413706
LP16-1B_47,LP16-1B,42,62.3,62.3,10942,12114,11207,11283,118,0.0085,2.1074,0,21.5048,1.223,1.4607,-0.8,-0.654127591,-0.547700805,1.1506,29.04951926,0.8855094
LP16-1B_48,LP16-1B,42.5,62.8,62.8,11006,12131,11273,11342,118,0.0085,2.1003,0,21.4327,1.2224,1.4601,-0.8,-0.65443109,-0.547919722,1.1765,28.94134486,0.88580022
LP16-1B_49,LP16-1B,43,63.3,63.3,11065,12147,11341,11401,120,0.0083,2.0892,0,21.3194,1.2123,1.4497,-0.7,-0.577404782,-0.482871663,1.1666,28.60648146,0.8918105
LP16-1B_50,LP16-1B,43.5,63.8,63.8,11101,12166,11407,11461,118,0.0085,2.0781,0,21.2061,1.2182,1.4557,-0.7,-0.574626799,-0.48087129,1.177,28.55987102,0.88832066
LP16-1B_51,LP16-1B,44,64.3,64.3,11132,12185,11475,11520,118,0.0085,2.0569,0,20.9898,1.2288,1.4666,-0.8,-0.651057922,-0.545485046,1.2073,28.45567362,0.8821165
LP16-1B_52,LP16-1B,44.5,64.8,64.8,11163,12207,11544,11579,118,0.0085,2.0518,0,20.9383,1.2014,1.4384,-0.7,-0.582675095,-0.486659343,1.1715,27.90215476,0.89820854
LP16-1B_53,LP16-1B,45,65.3,65.3,11199,12229,11612,11638,118,0.0085,2.0559,0,20.9795,1.1943,1.4311,-0.7,-0.586134141,-0.489140065,1.2225,27.83231864,0.90228002
LP16-1B_54,LP16-1B,45.5,65.8,65.8,11238,12243,11679,11697,118,0.0085,2.064,0.0015,453.0201,1.245,1.4833,-0.6,-0.481916687,-0.404499589,1.1881,620.3612535,0.87251944
LP16-1B_55,LP16-1B,46,66.3,66.3,11280,12258,11745,11756,118,0.0085,2.0781,0.0021,945.0161,1.2744,1.5136,-0.6,-0.470799704,-0.396415439,1.1288,1317.419429,0.85536106
LP16-1B_56,LP16-1B,46.5,66.8,66.8,11321,12268,11809,11815,118,0.0085,2.0872,0.0114,1519.05,1.2919,1.5316,-0.5,-0.387022258,-0.326465014,1.1416,2140.088127,0.84508542
LP16-1B_57,LP16-1B,47,67.3,67.3,11362,12288,11874,11874,120,0.0083,2.1033,0.0178,1545.425,1.3275,1.5681,-0.3,-0.225995742,-0.191310752,1.1605,2223.422185,0.82424332
LP16-1B_58,LP16-1B,47.5,67.8,67.8,11405,12312,11938,11934,115,0.0087,2.1255,0.0597,1413.251,1.3457,1.5869,-0.2,-0.148621212,-0.12603177,1.159,2054.923059,0.81357992
LP16-2A_29,LP16-2A,74,68,68,11422,12318,11963,11957,118,0.0085,1.9368,0.0745,1438.918,1.4306,1.6742,0.4,0.279604748,0.238913598,1.4719,2195.10515,0.7638497
LP16-2A_30,LP16-2A,74.5,68.5,68.5,11462,12345,12028,12016,118,0.0085,1.9721,0.12,1406.641,1.4448,1.6888,1,0.692151515,0.592124092,1.3922,2162.656807,0.75551286
LP16-2A_31,LP16-2A,75,69,69,11503,12378,12093,12075,120,0.0083,1.9792,0.2847,1427.977,1.5338,1.7805,1.3,0.847558389,0.730148875,1.3459,2302.414155,0.70335914
LP16-2A_32,LP16-2A,75.5,69.5,69.5,11542,12412,12157,12135,118,0.0085,1.9994,0.4069,1439.426,1.6253,1.8746,1.8,1.107472401,0.960199038,1.3887,2431.735855,0.64975132
LP16-2A_33,LP16-2A,76,70,70,11583,12457,12222,12194,86,0.0116,2.0327,0.3689,1417.483,1.6692,1.9197,3.2,1.917103728,1.666890399,1.3368,2446.921631,0.62406222
LP16-2A_34,LP16-2A,76.5,70.5,70.5,11666,12475,12262,12237,84,0.0119,2.0559,0.4231,1408.14,1.6897,1.9408,3.7,2.189740934,1.906382403,1.3453,2455.086412,0.61204166
LP16-2A_35,LP16-2A,77,71,71,11750,12496,12302,12279,86,0.0116,2.072,0.4608,1404.769,1.733,1.9854,4,2.308146382,2.01471125,1.288,2500.452051,0.58664338
LP16-2A_36,LP16-2A,77.5,71.5,71.5,11842,12518,12343,12322,86,0.0116,2.0852,0.486,1405.091,1.7726,2.0262,4.1,2.312986038,2.023541981,1.2958,2547.866641,0.56337778
LP16-2A_37,LP16-2A,78,72,72,11923,12540,12383,12365,86,0.0116,2.0952,0.4498,1410.942,1.7152,1.9671,4.5,2.623569084,2.287619502,1.204,2490.247069,0.5971129
LP16-2A_38,LP16-2A,78.5,72.5,72.5,12015,12563,12423,12408,86,0.0116,2.1003,0.5089,1438.558,1.7334,1.9858,4.1,2.365333952,2.064674436,1.2579,2561.028125,0.5864495
LP16-2A_39,LP16-2A,79,73,73,12098,12586,12464,12451,86,0.0116,2.1043,0.2314,1453.269,1.6506,1.9006,4.2,2.544587566,2.209850462,1.2241,2485.952705,0.6349195
LP16-2A_40,LP16-2A,79.5,73.5,73.5,12174,12612,12505,12494,84,0.0119,2.1094,0.0949,1482.347,1.6006,1.8491,4.7,2.936479922,2.541738723,1.1935,2473.335275,0.66419538
LP16-2A_41,LP16-2A,80,74,74,12225,12644,12550,12536,86,0.0116,2.1205,0.0424,1504.956,1.4999,1.7455,4.7,3.133581179,2.69257546,1.2531,2383.591088,0.72323184
LP16-2A_42,LP16-2A,80.5,74.5,74.5,12282,12683,12596,12579,86,0.0116,2.1397,0.0099,1491.052,1.4771,1.7221,4.8,3.249611538,2.787294882,1.2197,2332.946379,0.73660956
LP16-2A_43,LP16-2A,81,75,75,12358,12724,12640,12622,86,0.0116,2.1659,0.0105,977.3928,1.4807,1.7258,4.3,2.904048018,2.49160404,1.248,1532.185383,0.73447688
LP16-2A_44,LP16-2A,81.5,75.5,75.5,12410,12772,12682,12665,86,0.0116,2.175,0.0037,666.9691,1.4493,1.6935,1.7,1.172973738,1.00383589,1.066,1027.957461,0.75289548
LP16-2A_45,LP16-2A,82,76,76,12455,12827,12722,12708,86,0.0116,2.176,0,22.2052,1.4013,1.6441,2.2,1.569985788,1.338123585,1.0854,33.3256692,0.78100808
LP16-2A_46,LP16-2A,82.5,76.5,76.5,12477,12882,12762,12751,84,0.0119,2.1659,0,22.1022,1.3269,1.5675,3.2,2.411651666,2.041407749,1.0752,31.7885587,0.82463108
LP16-2A_47,LP16-2A,83,77,77,12487,12941,12805,12793,86,0.0116,2.1508,0,21.9477,1.2862,1.5257,3.3,2.565610513,2.162910724,1.0561,30.81467094,0.84847832
LP16-2A_48,LP16-2A,83.5,77.5,77.5,12509,13008,12848,12836,86,0.0116,2.1296,0.0018,603.7897,1.2963,1.536,2.7,2.082909455,1.757776028,1.0781,852.8231076,0.84256498
LP16-2A_49,LP16-2A,84,78,78,12518,13077,12889,12879,86,0.0116,2.1033,0.0143,1358.736,1.4071,1.65,2.3,1.634622266,1.393917049,1.0521,2045.817319,0.77761518
LP16-2A_50,LP16-2A,84.5,78.5,78.5,12529,13143,12933,12922,86,0.0116,2.0751,0.0672,1415.459,1.544,1.791,0.5,0.323828561,0.279179346,1.0403,2294.379819,0.69734886
LP16-2A_51,LP16-2A,85,79,79,12540,13214,12975,12965,86,0.0116,2.0367,0.433,1398.838,1.6444,1.8943,1.5,0.912176981,0.791866427,1.0749,2385.549363,0.63860322
LP16-2A_52,LP16-2A,85.5,79.5,79.5,12544,13285,13016,13008,84,0.0119,2.0034,0.7258,1405.895,1.6863,1.9373,3.4,2.016255144,1.754977061,1.0658,2447.181727,0.61398046
LP16-2A_53,LP16-2A,86,80,80,12550,13354,13058,13050,12,0.0833,1.9832,0.7057,1391.729,1.6939,1.9451,4.2,2.479548273,2.159240424,1.0392,2431.381106,0.60952122
LP16-2A_54,LP16-2A,86.5,80.5,80.5,12554,13360,13063,13056,12,0.0833,1.9792,0.5627,1389.87,1.7246,1.9767,5.6,3.247168989,2.83294777,1.0479,2464.104658,0.59149038
LP16-2A_55,LP16-2A,87,81,81,12558,13371,13069,13062,12,0.0833,1.9691,0.5021,1385.702,1.7264,1.9786,4.9,2.838316889,2.47651403,1.0215,2458.754797,0.59052098
LP16-2A_56,LP16-2A,87.5,81.5,81.5,12565,13380,13075,13068,12,0.0833,1.9539,0.3459,1393.682,1.7333,1.9857,4.6,2.653934045,2.316577469,1.0683,2481.058609,0.5864495
LP16-2A_57,LP16-2A,88,82,82,12570,13390,13081,13074,12,0.0833,1.9428,0.2121,1435.949,1.7215,1.9735,5.1,2.962602063,2.584202122,1.0726,2541.998975,0.59333224
LP16-2A_58,LP16-2A,88.5,82.5,82.5,12574,13396,13086,13080,12,0.0833,1.9287,0.0846,1484.764,1.6965,1.9479,8.2,4.833469983,4.209765683,1.0811,2597.234733,0.60797018
LP16-2A_59,LP16-2A,89,83,83,12579,13410,13091,13086,12,0.0833,1.9116,0.0484,1518.309,1.644,1.8939,11.3,6.873313715,5.966619231,1.1436,2588.922007,0.63870016
LP16-2A_60,LP16-2A,89.5,83.5,83.5,12583,13421,13097,13092,12,0.0833,1.8934,0.0274,1545.619,1.573,1.8207,11.1,7.056790411,6.096467453,1.1498,2542.95425,0.68038436
LP16-2A_61,LP16-2A,90,84,84,12588,13426,13102,13098,12,0.0833,1.8853,0.0339,1551.694,1.554,1.8013,10.4,6.692204075,5.77369281,1.2198,2528.275143,0.69153246
LP16-2A_62,LP16-2A,90.5,84.5,84.5,12594,13437,13108,13104,12,0.0833,1.8813,0.0412,1578.247,1.6389,1.8886,10.9,6.650660378,5.771417467,1.1576,2684.316715,0.6417053
LP16-2A_63,LP16-2A,91,85,85,12600,13445,13114,13110,12,0.0833,1.8772,0.0232,1513.898,1.6786,1.9295,5.8,3.455182962,3.006008708,1.2238,2625.379166,0.61853664
LP16-2A_64,LP16-2A,91.5,85.5,85.5,12602,13458,13120,13116,12,0.0833,1.8722,0.0432,1513.49,1.758,2.0112,6.2,3.526649087,3.082780521,1.2006,2725.850913,0.5719085
LP16-2A_65,LP16-2A,92,86,86,12606,13467,13125,13122,12,0.0833,1.8681,0.0571,1525.02,1.8021,2.0565,10.1,5.604591819,4.911264429,1.3712,2803.08982,0.54612246
LP16-2A_66,LP16-2A,92.5,86.5,86.5,12610,13480,13131,13128,12,0.0833,1.8641,0.0485,1539.316,1.7678,2.0212,11.3,6.392200366,5.590766693,1.3651,2784.905386,0.56628598
LP16-2A_67,LP16-2A,93,87,87,12614,13491,13136,13134,12,0.0833,1.856,0.042,1505.302,1.7289,1.9812,11.7,6.767200858,5.905470751,1.3977,2674.157867,0.58906688
LP16-2A_68,LP16-2A,93.5,87.5,87.5,12619,13502,13141,13140,12,0.0833,1.847,0.0626,1452.007,1.7305,1.9829,11.5,6.645345471,5.799682165,1.1291,2581.523196,0.58809748
LP16-2A_69,LP16-2A,94,88,88,12623,13517,13145,13146,12,0.0833,1.8389,0.0788,1460.587,1.7475,2.0003,11.5,6.580997605,5.74920168,1.1347,2617.52141,0.5782096
LP16-2A_70,LP16-2A,94.5,88.5,88.5,12628,13533,13150,13152,12,0.0833,1.8389,0.0699,1453.659,1.7331,1.9855,11.5,6.635558897,5.792011093,1.1094,2587.535625,0.58654644
LP16-2A_71,LP16-2A,95,89,89,12634,13548,13155,13158,12,0.0833,1.8389,0.1032,1459.427,1.7383,1.9908,10.7,6.155488727,5.374607614,1.0925,2604.255728,0.5835413
LP16-2A_72,LP16-2A,95.5,89.5,89.5,12639,13565,13160,13164,10,0.1,1.8389,0.1405,1439.999,1.7792,2.033,10.8,6.070084146,5.312454064,1.0942,2619.149593,0.55950018
LP16-2A_73,LP16-2A,96,90,90,12647,13578,13164,13169,14,0.0714,1.8389,0.1487,1399.451,1.7637,2.017,10.7,6.066741218,5.304889093,1.0787,2527.126586,0.56861254
LP16-2A_74,LP16-2A,96.5,90.5,90.5,12651,13588,13171,13176,12,0.0833,1.8399,0.2064,1401.286,1.7645,2.0178,10.8,6.12081527,5.352402649,1.0596,2531.370045,0.56812784
LP16-2A_75,LP16-2A,97,91,91,12654,13598,13177,13182,12,0.0833,1.8419,0.2007,1409.263,1.7387,1.9912,10.3,5.924088364,5.172676834,1.0633,2515.081048,0.58334742
LP16-2A_76,LP16-2A,97.5,91.5,91.5,12658,13609,13183,13188,12,0.0833,1.8459,0.2176,1433.186,1.7527,2.0057,10,5.705323108,4.985729459,1.0864,2574.845018,0.57501058
LP16-2A_77,LP16-2A,98,92,92,12661,13619,13190,13194,12,0.0833,1.848,0.1757,1417.149,1.7642,2.0175,9.7,5.498282597,4.807945811,1.0559,2559.67674,0.56832172
LP16-2A_78,LP16-2A,98.5,92.5,92.5,12665,13629,13196,13200,12,0.0833,1.847,0.258,1416.375,1.802,2.0564,9.7,5.38291015,4.716982004,1.0653,2603.269432,0.5462194
LP16-2A_79,LP16-2A,99,93,93,12668,13638,13203,13206,14,0.0714,1.847,0.219,1419.641,1.7927,2.0469,9.7,5.41072628,4.738948315,1.0951,2598.210688,0.55164804
LP16-2A_80,LP16-2A,99.5,93.5,93.5,12673,13647,13208,13213,12,0.0833,1.854,0.1943,1423.977,1.8897,2.1467,9.7,5.133027216,4.518644332,1.0724,2722.361493,0.4948412
LP16-2A_81,LP16-2A,100,94,94,12676,13659,13214,13219,12,0.0833,1.8611,0.1326,1426.118,1.8725,2.129,10.1,5.393804842,4.744101943,1.0581,2705.864897,0.50482602
LP16-2A_82,LP16-2A,100.5,94.5,94.5,12679,13669,13220,13225,12,0.0833,1.8681,0.1225,1435.933,1.845,2.1007,10.5,5.691024862,4.998440498,1.0516,2691.277261,0.52091806
LP16-2A_83,LP16-2A,101,95,95,12683,13679,13226,13231,12,0.0833,1.8671,0.1214,1437.367,1.8289,2.0841,11.5,6.287794119,5.517916051,1.0337,2674.429098,0.53041818
LP16-2A_84,LP16-2A,101.5,95.5,95.5,12686,13691,13232,13237,12,0.0833,1.8681,0.1279,1457.215,1.865,2.1212,11.2,6.005502907,5.28008466,1.025,2755.626712,0.50928526
LP16-2A_85,LP16-2A,102,96,96,12689,13704,13239,13243,14,0.0714,1.8954,0.0306,1425.114,1.8116,2.0663,11.5,6.347834972,5.565447938,1.0287,2630.907196,0.54059688
LP16-2A_86,LP16-2A,102.5,96.5,96.5,12693,13712,13245,13250,12,0.0833,1.9075,0.0298,1463.939,1.7917,2.0458,11.7,6.530127578,5.71904045,1.0229,2678.009193,0.55222968
LP16-2A_87,LP16-2A,103,97,97,12697,13720,13251,13256,12,0.0833,1.9176,0.0439,1486.517,1.8173,2.0722,12.6,6.933312702,6.08062166,1.0144,2751.386434,0.53720398
LP16-2B_10,LP16-2B,94.5,97.5,97.5,12700,13733,13257,13262,12,0.0833,1.9539,0.5384,1598.971,1.7922,2.0463,8.9,4.966051957,4.349347275,0.719,2925.757204,0.55193886
LP16-2B_11,LP16-2B,95,98,98,12705,13744,13262,13268,12,0.0833,1.9116,0.6151,1579.794,1.8713,2.1277,9.7,5.183590678,4.558924383,0.6933,2995.799332,0.50560154
LP16-2B_12,LP16-2B,95.5,98.5,98.5,12710,13760,13268,13274,12,0.0833,1.8914,0.7277,1551.57,1.9078,2.1652,11.8,6.18520503,5.449744419,0.712,2989.92769,0.4841778
LP16-2B_13,LP16-2B,96,99,99,12716,13775,13274,13280,14,0.0714,1.8954,0.8133,1561.286,1.9483,2.207,31.5,16.16767839,14.27298938,0.7067,3061.928093,0.4604275
LP16-2B_14,LP16-2B,96.5,99.5,99.5,12721,13797,13280,13287,12,0.0833,1.8863,0.7238,1548.7,1.9083,2.1657,19,9.956761662,8.773041725,0.7235,2984.932578,0.48398392
LP16-2B_15,LP16-2B,97,100,100,12726,13822,13285,13293,12,0.0833,1.8863,0.9485,1543.631,1.9291,2.1872,10.8,5.598343458,4.937772533,0.7173,3002.386835,0.47167254
LP16-2B_16,LP16-2B,97.5,100.5,100.5,12730,13843,13291,13299,12,0.0833,1.8843,0.7455,1514.709,1.9152,2.1729,10.9,5.691174385,5.016284309,0.7105,2928.37407,0.4798155
LP16-2B_17,LP16-2B,98,101,101,12735,13864,13296,13305,12,0.0833,1.8934,1.2249,1518.35,1.8158,2.0706,11.3,6.223150205,5.457354539,0.6867,2808.421387,0.53807644
LP16-2B_18,LP16-2B,98.5,101.5,101.5,12739,13886,13300,13311,12,0.0833,1.8904,1.0791,1491.993,1.8638,2.12,11.4,6.116464371,5.377330767,0.7009,2819.889464,0.50996384
LP16-2B_19,LP16-2B,99,102,102,12745,13904,13304,13317,14,0.0714,1.9004,0.9261,1494.063,1.8148,2.0695,11.2,6.171612293,5.411855765,0.7045,2762.138651,0.53875502
LP16-2B_20,LP16-2B,99.5,102.5,102.5,12750,13924,13309,13324,12,0.0833,1.9297,0.9879,1514.693,1.7401,1.9927,10.7,6.149135182,5.369623167,0.6848,2705.102904,0.58247496
LP16-2B_21,LP16-2B,100,103,103,12754,13937,13314,13330,12,0.0833,1.9216,1.5987,1509.539,1.6713,1.9219,11.1,6.641678598,5.775588344,0.6882,2608.519072,0.622802
LP16-2B_22,LP16-2B,100.5,103.5,103.5,12760,13958,13319,13336,12,0.0833,1.9166,1.6333,1505.575,1.6692,1.9197,10.7,6.41031559,5.573664771,0.6948,2599.032337,0.62396528
LP16-2B_23,LP16-2B,101,104,104,12767,13977,13323,13342,12,0.0833,1.9085,1.7758,1503.958,1.636,1.8856,10.7,6.540324069,5.674579477,0.6991,2554.275179,0.64345022
LP16-2B_24,LP16-2B,101.5,104.5,104.5,12771,13990,13328,13348,12,0.0833,1.9045,1.5116,1493.714,1.6544,1.9046,10.5,6.346566369,5.513058465,0.6771,2560.019557,0.63268988
LP16-2B_25,LP16-2B,102,105,105,12776,14009,13334,13354,14,0.0714,1.9004,1.5358,1490.547,1.6209,1.87,10.8,6.66304822,5.775277905,0.6856,2512.527814,0.65227176
LP16-2B_26,LP16-2B,102.5,105.5,105.5,12783,14029,13338,13361,12,0.0833,1.8984,1.3903,1496.004,1.6071,1.8558,10.4,6.471370737,5.603933819,0.6923,2504.265199,0.66041472
LP16-2B_27,LP16-2B,103,106,106,12790,14048,13342,13367,12,0.0833,1.8944,1.0704,1502.293,1.5657,1.8132,9.3,5.939932945,5.128948607,0.6864,2462.527379,0.68464972
LP16-2B_28,LP16-2B,103.5,106.5,106.5,12795,14068,13347,13373,12,0.0833,1.8904,0.7605,1517.138,1.5504,1.7975,9.9,6.385612099,5.507710213,0.6896,2467.287848,0.69366514
LP16-2B_29,LP16-2B,104,107,107,12799,14079,13352,13379,12,0.0833,1.8934,0.7225,1529.388,1.6019,1.8505,10,6.24266787,5.403975207,0.6883,2553.485346,0.6635168
LP16-2B_30,LP16-2B,104.5,107.5,107.5,12806,14093,13356,13385,12,0.0833,1.8944,0.7344,1505.876,1.6607,1.911,9.8,5.901208151,5.128236136,0.6647,2588.717589,0.62900616
LP16-2B_31,LP16-2B,105,108,108,12812,14118,13361,13391,14,0.0714,1.8944,0.9219,1503.486,1.6567,1.9069,9.5,5.734268112,4.981899148,0.6696,2579.661165,0.63133272
LP16-2B_32,LP16-2B,105.5,108.5,108.5,12818,14132,13366,13398,12,0.0833,1.8984,0.7947,1501.922,1.6284,1.8778,9.7,5.95661316,5.165561354,0.6811,2541.246527,0.64790946
LP16-2B_33,LP16-2B,106,109,109,12822,14144,13371,13404,12,0.0833,1.9045,0.6665,1506.713,1.6268,1.8762,10.1,6.208373356,5.383314441,0.7192,2547.292362,0.64887886
LP16-2B_34,LP16-2B,106.5,109.5,109.5,12826,14164,13375,13410,12,0.0833,1.9095,0.7127,1514.3,1.6178,1.8668,10.6,6.552268712,5.678074186,0.7152,2548.587273,0.65411362
LP16-2B_35,LP16-2B,107,110,110,12831,14181,13379,13416,,,1.9136,0.6037,1506.747,1.6214,1.8706,10.8,6.660717495,5.773476156,0.7077,2540.451127,0.65198094
LP16-2B_36,LP16-2B,107.5,110.5,110.5,20062,20808,20457,20470,52,0.0192,1.9136,0.5623,1516.299,1.6089,1.8577,10.1,6.277680648,5.436867877,0.6952,2540.548165,0.65934838
LP16-2B_37,LP16-2B,108,111,111,20125,20818,20475,20496,52,0.0192,1.9126,0.5203,1541.144,1.5923,1.8407,10,6.28009855,5.432816608,0.7071,2560.767233,0.66904238
LP16-2B_38,LP16-2B,108.5,111.5,111.5,20188,20824,20497,20522,52,0.0192,1.9095,0.2728,1542.433,1.5466,1.7936,10.2,6.595200641,5.686919715,0.6935,2503.527068,0.69589476
LP16-2B_39,LP16-2B,109,112,112,20247,20836,20519,20548,52,0.0192,1.9075,0.4525,1550.824,1.5757,1.8235,10.2,6.473336372,5.593493793,0.6864,2555.07376,0.67883332
LP16-2B_40,LP16-2B,109.5,112.5,112.5,20301,20849,20540,20574,52,0.0192,1.9015,0.4921,1535.91,1.6202,1.8694,11,6.789209638,5.884369911,0.6477,2588.055021,0.65275646
LP16-2B_41,LP16-2B,110,113,113,20354,20866,20566,20600,54,0.0185,1.8964,0.5998,1546.828,1.5839,1.832,13.1,8.270627404,7.150618859,0.6877,2559.270291,0.67398632
LP16-2B_42,LP16-2B,110.5,113.5,113.5,20391,20885,20592,20627,52,0.0192,1.8934,0.2986,1557.058,1.4812,1.7263,18.8,12.69271645,10.89045574,0.7082,2441.536773,0.73418606
LP16-2B_43,LP16-2B,111,114,114,20417,20914,20620,20653,52,0.0192,1.8893,0.2684,1570.528,1.3705,1.6124,22.6,16.4906955,14.01650442,0.7227,2316.401264,0.79903892
LP16-2B_44,LP16-2B,111.5,114.5,114.5,20432,20952,20649,20679,52,0.0192,1.8883,0.8068,1229.385,1.3627,1.6044,32.4,23.77600659,20.19434986,0.7449,1805.198479,0.8035951
LP16-2B_45,LP16-2B,112,115,115,20449,20996,20677,20705,52,0.0192,1.8853,3.613,1662.529,1.431,1.6746,22.5,15.72361117,13.43576767,0.7277,2536.721496,0.76365582
LP16-2B_46,LP16-2B,112.5,115.5,115.5,20464,21057,20706,20731,52,0.0192,1.8853,4.0564,1662.529,1.5036,1.7493,27.5,18.28982756,15.72026826,0.7189,2638.268623,0.72109916
LP16-2B_47,LP16-2B,113,116,116,20478,21122,20732,20757,52,0.0192,1.8893,3.1705,1648.643,1.5922,1.8406,38.6,24.24261958,20.9717803,0.7313,2739.254198,0.66913932
LP16-2B_48,LP16-2B,113.5,116.5,116.5,20487,21203,20754,20783,54,0.0185,1.8934,6.9064,1605.922,1.7804,2.0341,33.1,18.59183039,16.2723455,0.7317,2922.476974,0.5588216
LP16-2B_49,LP16-2B,114,117,117,20494,21280,20777,20810,52,0.0192,1.8964,21.8754,1607.127,1.8091,2.0637,23.5,12.98996353,11.38734442,0.7669,2963.445642,0.54205098
LP16-2B_50,LP16-2B,114.5,117.5,117.5,20502,21356,20800,20836,52,0.0192,1.8964,23.256,1608.491,1.7979,2.0522,15.1,8.398526431,7.357895556,0.7484,2950.951499,0.54854596
LP16-2B_51,LP16-2B,115,118,118,20508,21431,20822,20862,52,0.0192,1.8964,17.4453,1626.424,1.65,1.9,18.8,11.39397392,9.894749862,0.7355,2781.351538,0.63530726
LP16-2B_52,LP16-2B,115.5,118.5,118.5,20514,21505,20842,20888,52,0.0192,1.8974,4.6036,1648.497,1.5741,1.8219,20.3,12.89636133,11.14225267,0.722,2713.797421,0.67980272
LP16-2B_53,LP16-2B,116,119,119,20521,21573,20863,20914,52,0.0192,1.9055,0.4784,1639.84,1.5739,1.8217,17.4,11.05535183,9.551522139,0.7372,2699.356934,0.67980272
LP16-2B_54,LP16-2B,116.5,119.5,119.5,20527,21652,20884,20940,52,0.0192,1.9045,0.5928,1542.093,1.6718,1.9225,27.2,16.26958287,14.14849679,0.7168,2665.519027,0.62241424
LP16-2B_55,LP16-2B,117,120,120,20532,21730,20905,20966,84,0.0119,1.9065,0.6737,1584.791,1.8341,2.0895,19.4,10.57716746,9.284652376,0.7243,2955.693674,0.52741304
LP16-2B_56,LP16-2B,117.5,120.5,120.5,20571,21785,20954,21008,84,0.0119,1.9055,1.2938,1608.012,1.8313,2.0866,17.5,9.556034605,8.38704328,0.7181,2995.179716,0.52906102
LP16-2B_57,LP16-2B,118,121,121,20600,21824,20999,21050,84,0.0119,1.9116,1.356,1614.485,1.9155,2.1732,13,6.786634279,5.981921111,0.7283,3121.650702,0.47971856
LP16-2B_58,LP16-2B,118.5,121.5,121.5,20630,21873,21042,21092,84,0.0119,1.9126,0.855,1608.545,1.9274,2.1855,11.2,5.810814762,5.124755129,0.757,3126.308564,0.47264194
LP16-2B_59,LP16-2B,119,122,122,20648,21928,21089,21134,84,0.0119,1.9105,0.6661,1620.476,1.9718,2.2311,12.9,6.542328214,5.781933543,0.7435,3209.910672,0.44675896
LP16-2B_60,LP16-2B,119.5,122.5,122.5,20668,21963,21132,21176,82,0.0122,1.9095,0.3875,1557.53,2.0135,2.274,12.6,6.25787558,5.540942358,0.7498,3139.937743,0.42223314
LP16-2B_61,LP16-2B,120,123,123,20689,22027,21176,21217,84,0.0119,1.9075,0.2637,1545.797,2.0311,2.2922,14.4,7.089614839,6.282256606,0.7725,3139.217906,0.4119575
LP16-2B_62,LP16-2B,120.5,123.5,123.5,20703,22092,21218,21259,84,0.0119,1.9055,0.1245,1515.906,2.0407,2.302,21.8,10.6826744,9.470051796,0.7603,3090.684189,0.40633498
LP16-2B_63,LP16-2B,121,124,124,20719,22161,21260,21301,84,0.0119,1.9116,0.065,1549.069,1.9662,2.2253,14.8,7.527218077,6.650642438,0.7831,3061.269502,0.44995798
LP16-2B_64,LP16-2B,121.5,124.5,124.5,20733,22221,21305,21343,84,0.0119,1.9116,0.0299,1547.814,1.9168,2.1745,14.4,7.512682896,6.622274952,0.7292,2994.346137,0.47894304
LP16-2B_65,LP16-2B,122,125,125,20748,22299,21345,21385,84,0.0119,1.9136,0.0546,1512.703,2.0394,2.3006,13.8,6.766815304,5.998351666,0.7336,3082.526567,0.4071105
LP16-2B_66,LP16-2B,122.5,125.5,125.5,20757,22389,21385,21427,84,0.0119,1.9146,0.071,1483.02,2.067,2.329,16.6,8.031091626,7.127420282,0.7388,3056.430288,0.39092152
LP16-2B_67,LP16-2B,123,126,126,20773,22463,21421,21469,82,0.0122,1.9136,0.0691,1500.839,2.0683,2.3304,18.2,8.799538653,7.809834394,0.7274,3094.786067,0.390146
LP16-2B_68,LP16-2B,123.5,126.5,126.5,20784,22573,21462,21510,84,0.0119,1.9136,0.0586,1497.315,,,17.7,,,0.7338,,
LP16-2B_69,LP16-2B,124,127,127,20792,22674,21499,21552,84,0.0119,1.9085,0.0876,1505.144,2.1329,2.3969,29.7,13.92438507,12.39087899,0.7405,,
LP16-2B_70,LP16-2B,124.5,127.5,127.5,20802,22786,21538,21594,84,0.0119,1.9388,0.083,1492.535,2.0597,2.3215,24.8,12.04065847,10.68254571,0.743,3066.862755,0.39518688
LP16-2B_71,LP16-2B,125,128,128,20812,22890,21574,21636,84,0.0119,1.9247,0.0387,1485.086,1.9595,2.2184,27.4,13.98325731,12.35100412,0.7384,2926.40625,0.45393252
LP16-2B_72,LP16-2B,125.5,128.5,128.5,20824,23001,21612,21678,84,0.0119,1.9237,0.0287,1482.021,2.0058,2.2661,21.7,10.81859405,9.575910884,0.7294,2978.101682,0.42678932
LP16-2B_73,LP16-2B,126,129,129,20831,23124,21648,21720,82,0.0122,1.9267,0.0859,1576.67,2.0321,2.2931,17,8.365790715,7.413407163,0.7493,3203.194315,0.41137586
LP16-3A_2,LP16-3A,130.5,129.5,129.5,20840,23219,21681,21761,84,0.0119,1.9156,0.1511,1568.868,2.1171,2.3806,18.1,8.549561142,7.603176795,0.7552,3299.4576,0.3615487
LP16-3A_3,LP16-3A,131,130,130,20851,23325,21719,21803,86,0.0116,1.994,0,20.3594,2.2253,2.492,5.3,2.381696442,2.126846498,,44.6716525,0.29814994
LP16-3A_4,LP16-3A,131.5,130.5,130.5,20905,23349,21760,21846,86,0.0116,1.999,0,20.4105,2.2759,2.544,12.6,5.536324566,4.952851478,,45.65222162,0.2684863
LP16-3A_5,LP16-3A,132,131,131,20957,23388,21806,21889,84,0.0119,2,0,20.4207,2.2756,2.5437,11.3,4.96573524,4.442352529,,45.67123168,0.26868018
LP16-3A_6,LP16-3A,132.5,131.5,131.5,21006,23419,21846,21931,86,0.0116,1.999,0,20.4105,2.3043,2.5733,13.6,5.901928197,5.285112732,,46.14171078,0.25181262
LP16-3A_7,LP16-3A,133,132,132,21035,23448,21894,21974,86,0.0116,1.999,0,20.4105,2.3253,2.5949,14.4,6.192703196,5.549435205,1.7383,46.50178836,0.23950124
LP16-3A_8,LP16-3A,133.5,132.5,132.5,21060,23489,21942,22017,84,0.0119,1.998,0,20.4003,2.3215,2.591,16,6.891988396,6.175298047,1.645,46.4139762,0.24173086
LP16-3A_9,LP16-3A,134,133,133,21091,23524,21981,22059,86,0.0116,1.999,0,20.4105,2.3304,2.6001,14.9,6.393691951,5.730524648,1.5307,46.58999822,0.2364961
LP16-3A_10,LP16-3A,134.5,133.5,133.5,21116,23566,22025,22102,86,0.0116,1.992,0,20.339,2.3715,2.6424,14.3,6.029830821,5.411703386,1.5574,47.12999528,0.21245498
LP16-3A_11,LP16-3A,135,134,134,21137,23614,22071,22145,86,0.0116,1.989,0,20.3084,2.3904,2.6619,14.2,5.940307879,5.334587097,1.717,47.38165984,0.20140382
LP16-3A_12,LP16-3A,135.5,134.5,134.5,21159,23655,22116,22188,84,0.0119,1.993,0,20.3492,2.4312,2.7038,16.7,6.869061522,6.176502715,1.5106,48.1753895,0.17745964
LP16-3A_13,LP16-3A,136,135,135,21173,23690,22164,22230,86,0.0116,1.994,0.0028,840.9954,2.4421,2.715,17.4,7.125126605,6.408884783,1.4312,1998.702596,0.1710616
LP16-3A_14,LP16-3A,136.5,135.5,135.5,21191,23747,22211,22273,86,0.0116,1.998,0.0027,845.1776,2.4572,2.7305,15.7,6.389420955,5.74977141,1.4732,2019.376633,0.16224006
LP16-3A_15,LP16-3A,137,136,136,21210,23798,22262,22316,84,0.0119,1.999,0.0019,913.6198,2.4523,2.7255,19.8,8.07414805,7.264760572,1.3541,2179.130336,0.16514826
LP16-3A_16,LP16-3A,137.5,136.5,136.5,21231,23839,22305,22358,86,0.0116,2.003,0,20.4513,2.4672,2.7409,14.3,5.796028006,5.217353059,1.5674,49.03617138,0.15642366
LP16-3A_17,LP16-3A,138,137,137,21246,23896,22350,22401,86,0.0116,2.003,0.0025,1157.135,2.4511,2.7243,14.7,5.997217414,5.395845117,1.5083,2758.879102,0.16582684
LP16-3A_18,LP16-3A,138.5,137.5,137.5,21259,23971,22387,22444,86,0.0116,2.009,0.0022,1190.166,2.4625,2.736,13.9,5.644715094,5.080427601,1.5724,2848.979628,0.15913798
LP16-3A_19,LP16-3A,139,138,138,21280,24027,22431,22487,84,0.0119,2.01,0.0043,1256.25,2.4701,2.7439,15.2,6.153504149,5.539623792,1.4178,3015.287428,0.15467874
LP16-3A_20,LP16-3A,139.5,138.5,138.5,21291,24094,22475,22529,86,0.0116,2.013,0.0067,1327.837,2.4972,2.7717,16.2,6.487336243,5.844817013,1.4016,3217.31346,0.13878058
LP16-3A_21,LP16-3A,140,139,139,21312,24144,22518,22572,86,0.0116,2.013,0.008,1386.364,2.4995,2.7741,18.7,7.481388216,6.740881112,1.481,3361.806619,0.13742342
LP16-3A_22,LP16-3A,140.5,139.5,139.5,21326,24214,22561,22615,84,0.0119,2.015,0.0093,1343.334,2.4889,2.7632,17.7,7.111436103,6.405560171,1.4968,3245.490505,0.14362758
LP16-3A_23,LP16-3A,141,140,140,21341,24292,22607,22657,76,0.0132,2.022,0.0321,1282.995,2.4688,2.7425,14.8,5.99478164,5.396522371,1.4219,3078.010286,0.15545426
LP16-3A_24,LP16-3A,141.5,140.5,140.5,21396,24323,22643,22695,78,0.0128,2.027,0.0347,1316.234,2.5048,2.7796,17.5,6.986502664,6.295949424,1.5549,3197.685374,0.13432134
LP16-3A_25,LP16-3A,142,141,141,21442,24351,22680,22734,76,0.0132,2.027,0.0412,1364.065,2.5551,2.8313,13.5,5.283509706,4.768111085,1.3828,3371.521635,0.10485158
LP16-3A_26,LP16-3A,142.5,141.5,141.5,21504,24378,22718,22772,76,0.0132,2.034,0.0648,1392.197,2.5465,2.8225,17.4,6.832860903,6.16483764,1.5355,3431.050166,0.10989246
LP16-3A_27,LP16-3A,143,142,142,21571,24397,22750,22810,76,0.0132,2.033,0.0802,1402.069,2.5677,2.8442,15.5,6.036548991,5.449598715,1.4666,3480.337127,0.09748414
LP16-3A_28,LP16-3A,143.5,142.5,142.5,21603,24450,22788,22848,76,0.0132,2.033,0.0864,1408.871,2.5498,2.8259,16.7,6.549466333,5.909699017,1.4787,3476.084919,0.10795366
LP16-3A_29,LP16-3A,144,143,143,21644,24480,22829,22886,76,0.0132,2.034,0.09,1398.9,2.5056,2.7803,16.2,6.46555329,5.826619202,1.3828,3399.358249,0.13393358
LP16-3A_30,LP16-3A,144.5,143.5,143.5,21687,24509,22868,22924,76,0.0132,2.033,0.1093,1384.878,2.4878,2.7621,17.6,7.074482755,6.372062111,1.4877,3344.633933,0.14430616
LP16-3A_31,LP16-3A,145,144,144,21708,24540,22907,22962,76,0.0132,2.034,0.0654,1381.793,2.4737,2.7476,16.4,6.629666069,5.968922202,1.4765,3320.779887,0.15254606
LP16-3A_32,LP16-3A,145.5,144.5,144.5,21738,24570,22945,23000,76,0.0132,2.033,0.0531,1359.866,2.4627,2.7362,17.2,6.984291083,6.286125337,1.4106,3255.375736,0.15904104
LP16-3A_33,LP16-3A,146,145,145,21760,24610,22981,23038,76,0.0132,2.033,0.0746,1358.049,2.4783,2.7522,18.6,7.505245016,6.758147691,1.5331,3268.931738,0.14983174
LP16-3A_34,LP16-3A,146.5,145.5,145.5,21780,24643,23024,23076,78,0.0128,2.034,0.0657,1387.449,2.4723,2.7461,20.8,8.413179428,7.574362391,1.5877,3332.701343,0.15341852
LP16-3A_35,LP16-3A,147,146,146,21793,24680,23065,23115,76,0.0132,2.033,0.0595,1406.921,2.478,2.7519,17.8,7.183260765,6.468160434,1.6436,3386.227786,0.15002562
LP16-3A_36,LP16-3A,147.5,146.5,146.5,21819,24717,23112,23153,76,0.0132,2.034,0.0645,1393.151,2.4543,2.7275,18.5,7.537925217,6.782698174,1.324,3325.184017,0.16398498
LP16-3A_37,LP16-3A,148,147,147,21857,24752,23155,23191,76,0.0132,2.033,0.14,1366.264,2.4771,2.7511,16.6,6.701296761,6.034024081,1.49,3287.381837,0.15051032
LP16-3A_38,LP16-3A,148.5,147.5,147.5,21869,24793,23195,23229,76,0.0132,2.033,0.15,1375.507,2.4963,2.7708,17.9,7.170549054,6.460202341,1.5427,3331.824016,0.13926528
LP16-3A_39,LP16-3A,149,148,148,21881,24827,23237,23267,76,0.0132,2.033,0.1506,1372.721,2.5202,2.7954,21.1,8.372224565,7.548063214,1.5271,3352.657133,0.12530592
LP16-3A_40,LP16-3A,149.5,148.5,148.5,21902,24896,23278,23305,76,0.0132,2.033,0.2439,1371.795,2.5324,2.808,26.1,10.30629621,9.294983431,1.4178,3364.493481,0.11813236
LP16-3A_41,LP16-3A,150,149,149,21914,24928,23313,23343,76,0.0132,2.033,0.2305,1397.251,2.5794,2.8563,23.4,9.071828083,8.192396743,1.5367,3482.114846,0.0906014
LP16-3A_42,LP16-3A,150.5,149.5,149.5,21940,24993,23350,23381,76,0.0132,2.039,0.2848,1414.008,2.5555,2.8317,18,7.043637254,6.356607963,1.4006,3495.451318,0.1046577
LP16-3A_43,LP16-3A,151,150,150,21958,25047,23393,23419,86,0.0116,2.039,0.4269,1411.073,2.5885,2.8656,14.1,5.447193661,4.92035924,1.5118,3527.373902,0.0852697
LP16-3A_44,LP16-3A,151.5,150.5,150.5,22045,25059,23429,23462,86,0.0116,2.049,0.4391,1407.28,2.6059,2.8835,16.9,6.485327296,5.860849194,1.6178,3538.539727,0.075091
LP16-3A_45,LP16-3A,152,151,151,22118,25066,23475,23505,84,0.0119,2.054,0.4215,1412.655,2.5569,2.8332,20.1,7.861033141,7.0945569,1.5711,3493.7945,0.10378524
LP16-3A_46,LP16-3A,152.5,151.5,151.5,22172,25096,23521,23547,86,0.0116,2.057,0.3054,1405.054,2.5668,2.8434,18.4,7.168342967,6.47119272,1.4765,3486.698737,0.09796884
LP16-3A_47,LP16-3A,153,152,152,22222,25112,23564,23590,86,0.0116,2.062,0.3716,1384.822,2.5459,2.8218,21.4,8.405817767,7.583871134,1.5488,3412.049651,0.11028022
LP16-3A_48,LP16-3A,153.5,152.5,152.5,22301,25123,23604,23633,84,0.0119,2.064,0.3904,1380.602,2.539,2.8148,29.9,11.7760596,10.62251933,1.4386,3393.827833,0.11425476
LP16-3A_49,LP16-3A,154,153,153,22357,25147,23641,23675,86,0.0116,2.073,0.3392,1376.494,2.5352,2.8108,21.1,8.322900387,7.506794467,1.5903,3379.1877,0.11658132
LP16-3A_50,LP16-3A,154.5,153.5,153.5,22425,25178,23686,23718,86,0.0116,2.077,0.3196,1367.347,2.541,2.8168,16.8,6.611479753,5.964177891,1.4787,3363.493663,0.11309148
LP16-3A_51,LP16-3A,155,154,154,22465,25218,23726,23761,84,0.0119,2.087,0.4252,1382.119,2.498,2.7726,15.6,6.244936922,5.626565264,1.7476,3349.741992,0.13839282
LP16-3A_52,LP16-3A,155.5,154.5,154.5,22514,25261,23768,23803,86,0.0116,2.097,0.397,1393.355,2.5638,2.8403,14.4,5.616626597,5.069961499,1.4036,3454.150969,0.0998107
LP16-3A_53,LP16-3A,156,155,155,22556,25297,23813,23846,84,0.0119,2.108,0.3024,1405.333,2.5449,2.8208,15.1,5.933410994,5.353081349,1.6165,3461.528304,0.11086186
LP16-3A_54,LP16-3A,156.5,155.5,155.5,22586,25344,23856,23888,86,0.0116,2.118,0.2627,1388.853,2.5177,2.7928,15.2,6.037290109,5.442580368,1.3504,3389.108724,0.12676002
LP16-3A_55,LP16-3A,157,156,156,22627,25389,23896,23931,86,0.0116,2.139,0.2788,1342.75,2.5053,2.7801,15.4,6.14696244,5.539466284,1.5235,3262.557403,0.13403052
LP16-3A_56,LP16-3A,157.5,156.5,156.5,22654,25452,23934,23974,84,0.0119,2.158,0.3048,1314.251,2.4916,2.7659,15.6,6.261048166,5.640019681,1.8568,3178.181371,0.14207654
LP16-3A_57,LP16-3A,158,157,157,22690,25503,23974,24016,86,0.0116,2.17,0.306,1304.871,2.5011,2.7758,15.3,6.117202921,5.511980964,1.8692,3165.986298,0.13645402
LP16-3A_58,LP16-3A,158.5,157.5,157.5,22709,25569,24013,24059,86,0.0116,2.175,0.4229,1322.993,2.512,2.787,10.1,4.020678117,3.624024294,1.5295,3222.068361,0.13015292
LP16-3A_59,LP16-3A,159,158,158,22736,25642,24057,24102,84,0.0119,2.176,0.5801,1340.727,2.5111,2.786,17.8,7.0886151,6.389124108,1.6688,3264.175246,0.13063762
LP16-3A_60,LP16-3A,159.5,158.5,158.5,22761,25714,24099,24144,86,0.0116,2.181,0.4337,1357.188,2.4504,2.7235,64.3,26.24082249,23.60897728,1.6085,3234.908503,0.16631154
LP16-3A_61,LP16-3A,160,159,159,22783,25794,24140,24187,86,0.0116,2.186,0.3676,1373.116,2.493,2.7674,44.3,17.7696588,16.007766,1.3877,3322.225925,0.14120408
LP16-3A_62,LP16-3A,160.5,159.5,159.5,22814,25864,24175,24230,84,0.0119,2.186,0.3395,1390.585,2.4908,2.7652,68.4,27.46062286,24.7362759,1.2577,3361.932293,0.14256124
LP16-3A_63,LP16-3A,161,160,160,22852,25918,24216,24272,50,0.02,2.181,0.315,1392.72,2.4975,2.772,39.3,15.73601013,14.17760055,1.3439,3374.813796,0.13868364
LP16-3A_64,LP16-3A,161.5,160.5,160.5,22887,25925,24234,24297,50,0.02,2.176,0.3951,1383.344,2.4667,2.7404,51.5,20.87780678,18.79310257,1.3799,3316.386893,0.15661754
LP16-3A_65,LP16-3A,162,161,161,22928,25932,24256,24322,50,0.02,2.166,0.4782,1394.72,2.5286,2.804,81.9,32.39001764,29.20849879,1.2874,3416.120508,0.12045892
LP16-3A_66,LP16-3A,162.5,161.5,161.5,22953,25939,24283,24347,50,0.02,2.152,0.3447,1422.34,2.5437,2.8195,32.1,12.61950385,11.38483255,1.1826,3501.940191,0.11154044
LP16-3A_67,LP16-3A,163,162,162,22998,25945,24308,24372,48,0.0208,2.134,0.3156,1437.037,2.5534,2.8296,18.2,7.127700401,6.432097484,1.3063,3549.923492,0.10582098
LP16-3A_68,LP16-3A,163.5,162.5,162.5,23038,25953,24337,24396,50,0.02,2.108,0.2217,1408.15,2.5115,2.7865,17.8,7.087281085,6.388009009,1.4066,3428.922471,0.1303468
LP16-3A_69,LP16-3A,164,163,163,23089,25958,24367,24421,50,0.02,2.092,0.3906,1375.411,2.5094,2.7842,16.1,6.41596009,5.782560742,1.4666,3346.611298,0.13170396
LP16-3A_70,LP16-3A,164.5,163.5,163.5,23128,25967,24394,24446,50,0.02,2.077,0.5104,1389.298,2.5629,2.8393,13.8,5.384585829,4.860377546,1.3598,3443.031277,0.1002954
LP16-3A_71,LP16-3A,165,164,164,23156,25976,24424,24471,50,0.02,2.062,0.3633,1393.243,2.5361,2.8118,21.5,8.477519444,7.646457373,1.4821,3421.406737,0.11599968
LP16-3A_72,LP16-3A,165.5,164.5,164.5,23184,25980,24448,24496,50,0.02,2.048,0.2944,1381.917,2.525,2.8003,20.9,8.277343507,7.463533124,1.4854,3380.621806,0.12249466
LP16-3A_73,LP16-3A,166,165,165,23221,25984,24479,24521,48,0.0208,2.033,0.2729,1371.795,2.5373,2.813,17.1,6.739319659,6.078867321,1.3046,3370.194908,0.11522416
LP16-3A_74,LP16-3A,166.5,165.5,165.5,23250,25987,24505,24545,50,0.02,2.033,0.2223,1373.649,2.539,2.8147,16.2,6.380577535,5.755543807,1.3626,3376.539814,0.1143517
LP16-3A_75,LP16-3A,167,166,166,23282,25991,24533,24570,50,0.02,2.033,0.1407,1389.61,2.53,2.8054,15.7,6.205595481,5.59627532,1.343,3405.313409,0.11958646
LP16-3A_76,LP16-3A,167.5,166.5,166.5,23312,25994,24562,24595,50,0.02,2.033,0.1207,1386.767,2.5124,2.7873,15.4,6.129616252,5.524968725,1.4147,3377.814044,0.1298621
LP16-3A_77,LP16-3A,168,167,167,23351,25994,24591,24620,50,0.02,2.028,0.1033,1363.82,2.5112,2.7861,15.7,6.252082451,5.635154304,1.3421,3320.49593,0.13063762
LP16-3A_78,LP16-3A,168.5,167.5,167.5,23369,26000,24616,24645,50,0.02,2.028,0.1094,1366.577,2.5044,2.7791,15.6,6.2291435,5.613371341,1.5427,3319.370439,0.13461216
LP16-3A_79,LP16-3A,169,168,168,23388,26006,24647,24670,48,0.0208,2.028,0.0785,1384.3,2.5217,2.7969,14.9,5.908815172,5.327368464,1.5562,3382.574513,0.1245304
LP16-3A_80,LP16-3A,169.5,168.5,168.5,23416,26010,24678,24694,50,0.02,2.028,0.058,1395.733,2.5286,2.804,16.2,6.406816676,5.777505255,1.4798,3418.692037,0.12036198
LP16-3A_81,LP16-3A,170,169,169,23452,26015,24703,24719,50,0.02,2.028,0.0395,1394.773,2.5114,2.7864,16.3,6.49028258,5.849897841,1.4798,3396.208465,0.13044374
LP16-3A_82,LP16-3A,170.5,169.5,169.5,23468,26018,24727,24744,50,0.02,2.028,0.0419,1368.421,2.525,2.8003,16.4,6.49514036,5.856552308,1.5737,3347.600775,0.12249466
LP16-3A_83,LP16-3A,171,170,170,23481,26023,24757,24769,42,0.0238,2.028,0.0486,1363.82,2.5384,2.8141,18.1,7.130509768,6.431910303,1.5915,3351.76549,0.11464252
LP16-3B_4,LP16-3B,171.5,170.5,170.5,23521,26029,24778,24790,42,0.0238,2.028,0.0369,1394.773,2.5788,2.8557,16.7,6.475762783,5.847905318,1.6218,3475.321335,0.09098916
LP16-3B_5,LP16-3B,172,171,171,23561,26031,24798,24811,42,0.0238,1.977,0.1167,1456.89,2.6239,2.9021,15.5,5.907152693,5.340925405,2.246,3685.33716,0.06452454
LP16-3B_6,LP16-3B,172.5,171.5,171.5,23602,26037,24820,24832,42,0.0238,2.014,0.0778,1460.479,2.5823,2.8593,22.2,8.596839401,7.764077808,2.0553,3643.285158,0.08895342
LP16-3B_7,LP16-3B,173,172,172,23635,26043,24843,24853,42,0.0238,2.054,0.033,1443.429,2.5641,2.8406,17.8,6.942006671,6.266391962,1.5379,3578.691519,0.09961682
LP16-3B_8,LP16-3B,173.5,172.5,172.5,23681,26050,24863,24874,42,0.0238,2.096,0.0348,1434.634,2.5403,2.816,14.5,5.708035466,5.149075922,1.9261,3528.070672,0.11357618
LP16-3B_9,LP16-3B,174,173,173,23713,26056,24888,24895,42,0.0238,2.137,0.0337,1436.156,2.537,2.8126,16.3,6.424987313,5.795277393,1.9205,3527.783533,0.11551498
LP16-3B_10,LP16-3B,174.5,173.5,173.5,23734,26058,24909,24916,42,0.0238,2.225,0.1041,1440.13,2.4521,2.7253,13.2,5.383180387,4.843519418,2.0069,3434.693098,0.1652452
LP16-3B_11,LP16-3B,175,174,174,23773,26068,24931,24937,42,0.0238,2.252,0.0463,1478.66,2.4765,2.7504,12.6,5.087885571,4.581176159,1.9452,3556.902331,0.15099502
LP16-3B_12,LP16-3B,175.5,174.5,174.5,23811,26074,24956,24958,42,0.0238,2.269,0.0712,1515.698,2.4919,2.7662,10.2,4.093296369,3.687316181,2.2826,3665.750435,0.14188266
LP16-3B_13,LP16-3B,176,175,175,23831,26078,24983,24979,42,0.0238,2.284,0.1007,1494.764,2.5144,2.7894,8.4,3.340787372,3.011412544,2.2987,3643.375038,0.12869882
LP16-3B_14,LP16-3B,176.5,175.5,175.5,23868,26086,25005,25000,42,0.0238,2.29,0.2858,1496.732,2.4784,2.7523,13.2,5.326099758,4.795935323,2.397,3602.792139,0.14983174
LP16-3B_15,LP16-3B,177,176,176,23896,26094,25027,25021,42,0.0238,2.29,0.3835,1487.013,2.4219,2.6943,25.8,10.65267459,9.575900834,2.3426,3508.853808,0.18288828
LP16-3B_16,LP16-3B,177.5,176.5,176.5,23919,26103,25053,25042,42,0.0238,2.292,0.402,1484.456,2.4486,2.7217,26.2,10.70005983,9.626363998,2.8458,3536.033422,0.16728094
LP16-3B_17,LP16-3B,178,177,177,23944,26108,25073,25063,42,0.0238,2.294,0.4082,1488.644,2.4734,2.7472,22.1,8.935245066,8.04462576,2.3014,3577.075266,0.15273994
LP16-3B_18,LP16-3B,178.5,177.5,177.5,23948,26117,25096,25084,42,0.0238,2.289,0.2584,1493.151,2.4361,2.7089,21.6,8.866607506,7.97385391,2.6714,3541.143071,0.17455144
LP16-3B_19,LP16-3B,179,178,178,23975,26123,25118,25105,44,0.0227,2.279,0.2626,1455.3,2.4317,2.7043,21.1,8.677187198,7.802441342,2.397,3445.845402,0.17726576
LP16-3B_20,LP16-3B,179.5,178.5,178.5,24001,26130,25141,25127,42,0.0238,2.254,0.4257,1453.256,2.3837,2.655,24.6,10.31993103,9.265646899,2.58,3382.397139,0.20528142
LP16-3B_21,LP16-3B,180,179,179,24027,26139,25166,25148,42,0.0238,2.21,0.6202,1443.501,2.426,2.6984,23.7,9.769200495,8.78283316,2.7424,3411.088013,0.18056172
LP16-3B_22,LP16-3B,180.5,179.5,179.5,24048,26152,25188,25169,42,0.0238,2.179,0.5262,1445.919,2.4701,2.7439,20.1,8.137199565,7.325423567,2.7083,3470.482917,0.15467874
LP16-3B_23,LP16-3B,181,180,180,24070,26167,25213,25190,40,0.025,2.162,0.2655,1453.934,2.453,2.7263,17.9,7.297105758,6.565762572,2.7734,3468.807009,0.16466356
LP16-3B_24,LP16-3B,181.5,180.5,180.5,24109,26175,25229,25210,40,0.025,2.152,0.2802,1460.964,2.4986,2.7731,17.9,7.164038196,6.454764315,3.0353,3541.532022,0.13800506
LP16-3B_25,LP16-3B,182,181,181,24152,26183,25247,25230,40,0.025,2.147,0.2048,1477.632,2.5356,2.8113,18.5,7.295969485,6.580648028,4.2077,3628.104949,0.1162905
LP16-3B_26,LP16-3B,182.5,181.5,181.5,24188,26186,25267,25250,40,0.025,2.147,0.1871,1447.741,2.4952,2.7696,17.7,7.093654633,6.390713342,2.675,3505.392227,0.13994386
LP16-3B_27,LP16-3B,183,182,182,24217,26194,25288,25270,40,0.025,2.157,0.3,1431.321,2.4863,2.7605,21,8.446279157,7.607314883,2.7852,3454.952732,0.14517862
LP16-3B_28,LP16-3B,183.5,182.5,182.5,24248,26203,25310,25290,40,0.025,2.173,0.199,1455.459,2.5051,2.7799,20.3,8.103425642,7.302534722,3.3518,3536.243407,0.13412746
LP16-3B_29,LP16-3B,184,183,183,24271,26206,25330,25310,40,0.025,2.199,0.1596,1479.812,2.4934,2.7678,21.1,8.462368884,7.623394678,2.8132,3580.775467,0.1410102
LP16-3B_30,LP16-3B,184.5,183.5,183.5,24312,26210,25350,25330,42,0.0238,2.269,0.0546,1463.871,2.4444,2.7174,17.7,7.240966334,6.51354905,3.7707,3481.893725,0.16970444
LP16-3B_31,LP16-3B,185,184,184,24346,26214,25372,25351,40,0.025,2.316,0.0592,1554.362,2.4789,2.7529,16,6.454401387,5.812022585,3.446,3742.241667,0.14954092
LP16-3B_32,LP16-3B,185.5,184.5,184.5,24388,26218,25392,25371,40,0.025,2.344,0.0771,1571.046,2.4913,2.7657,9.7,3.893530798,3.507305319,3.0212,3798.819264,0.14227042
LP16-3B_33,LP16-3B,186,185,185,24415,26224,25416,25391,40,0.025,2.357,0.0777,1575.535,2.5469,2.8228,7.4,2.905497926,2.621466148,2.9092,3883.34165,0.10969858
LP16-3B_34,LP16-3B,186.5,185.5,185.5,24441,26231,25437,25411,40,0.025,2.372,0.1729,1443.701,2.5411,2.8169,12.7,4.997777937,4.508478799,3.4766,3551.391005,0.11309148
LP16-3B_35,LP16-3B,187,186,186,24467,26243,25461,25431,40,0.025,2.378,0.268,1491.844,2.5025,2.7771,33.5,13.38679238,12.06279884,2.7271,3621.30746,0.1356785
LP16-3B_36,LP16-3B,187.5,186.5,186.5,24489,26252,25482,25451,40,0.025,2.378,0.3548,1506.017,2.472,2.7458,50.1,20.26676172,18.24595588,3.5203,3617.192856,0.15351546
LP16-3B_37,LP16-3B,188,187,187,24512,26261,25504,25471,40,0.025,2.377,0.2804,1525.674,2.4519,2.7251,48.4,19.73985007,17.76083896,2.8751,3638.529461,0.16534214
LP16-3B_38,LP16-3B,188.5,187.5,187.5,24528,26272,25525,25491,40,0.025,2.372,0.2241,1557.452,2.5368,2.8124,48.4,19.07929827,17.20925317,3.446,3825.570953,0.11561192
LP16-3B_39,LP16-3B,189,188,188,24564,26279,25544,25511,42,0.0238,2.366,0.1656,1606.246,2.4741,2.748,32.8,13.2573057,11.93615422,2.8132,3860.734791,0.15235218
LP16-3B_40,LP16-3B,189.5,188.5,188.5,24594,26287,25565,25532,40,0.025,2.358,0.1181,1630.705,2.3266,2.5962,31.9,13.7107545,12.28709256,4.163,3717.085551,0.23872572
LP16-3B_41,LP16-3B,190,189,189,24620,26296,25582,25552,40,0.025,2.331,0.0626,1598.766,2.2602,2.5278,42.4,18.75951678,16.77319309,3.2463,3554.898719,0.2776956
LP16-3B_42,LP16-3B,190.5,189.5,189.5,24637,26304,25603,25572,40,0.025,2.267,0.0769,1450.416,2.317,2.5863,47.9,20.6732962,18.52067132,3.6044,3294.384538,0.24444518
LP16-3B_43,LP16-3B,191,190,190,24663,26319,25623,25592,42,0.0238,2.213,0.1966,1463.624,2.443,2.716,17.3,7.081436441,6.369770123,3.4339,3479.557635,0.1705769
LP16-3B_44,LP16-3B,191.5,190.5,190.5,24723,26324,25639,25613,42,0.0238,2.199,0.2924,1483.806,2.5028,2.7774,16,6.392967403,5.760731478,3.5521,3602.201952,0.13548462
LP16-3B_45,LP16-3B,192,191,191,24782,26328,25658,25634,44,0.0227,2.194,0.2802,1513.104,2.5113,2.7862,20.9,8.322522582,7.501312959,3.6311,3684.125766,0.13054068
LP16-3B_46,LP16-3B,192.5,191.5,191.5,24839,26336,25675,25656,42,0.0238,2.201,0.2202,1522.13,2.5066,2.7814,28.7,11.44965448,10.31849665,4.3284,3700.189664,0.133255
LP16-3B_47,LP16-3B,193,192,192,24887,26340,25692,25677,42,0.0238,2.199,0.2827,1542.076,2.4971,2.7716,32.1,12.85502325,11.58180311,4.1367,3736.305597,0.13887752
LP16-3B_48,LP16-3B,193.5,192.5,192.5,24934,26342,25710,25698,42,0.0238,2.188,0.2532,1555.082,2.5158,2.7908,33.1,13.15687345,11.86019602,3.9532,3792.221421,0.1279233
LP16-3B_49,LP16-3B,194,193,193,24986,26346,25729,25719,42,0.0238,2.168,0.1665,1541.963,2.4988,2.7733,31.3,12.52611339,11.28603083,4.128,3738.161265,0.13790812
LP16-3B_50,LP16-3B,194.5,193.5,193.5,25052,26353,25747,25740,44,0.0227,2.147,0.1564,1525.942,2.4782,2.7521,36.4,14.68824406,13.22608978,4.2626,3672.909831,0.14992868
LP16-3B_51,LP16-3B,195,194,194,25103,26357,25768,25762,42,0.0238,2.126,0.0781,1501.413,2.4861,2.7603,32.5,13.07261655,11.77405512,3.7853,3623.820129,0.1453725
LP16-3B_52,LP16-3B,195.5,194.5,194.5,25150,26367,25784,25783,42,0.0238,2.1,0.2426,1473.684,2.5003,2.7749,32.4,12.95848463,11.67611253,6.4288,3574.471127,0.13703566
LP16-3B_53,LP16-3B,196,195,195,25193,26372,25803,25804,42,0.0238,2.074,0.222,1482.488,2.5263,2.8016,34.3,13.57723215,12.2428115,4.018,3628.323684,0.12171914
LP16-3B_54,LP16-3B,196.5,195.5,195.5,25245,26383,25821,25825,42,0.0238,2.048,0.1504,1514.793,2.5581,2.8343,25.3,9.890345466,8.926287281,5.7333,3747.808672,0.1032036
LP16-3B_55,LP16-3B,197,196,196,25298,26387,25842,25846,44,0.0227,2.034,0.1323,1520.179,2.5753,2.8521,28.5,11.06646055,9.992550869,4.5389,3783.265217,0.0930249
LP16-3B_56,LP16-3B,197.5,196.5,196.5,25334,26396,25860,25868,42,0.0238,2.023,0.1115,1505.208,2.5581,2.8343,24.6,9.616699544,8.679314905,5.4466,3724.156657,0.10310666
LP16-3B_57,LP16-3B,198,197,197,25376,26410,25878,25889,42,0.0238,2.028,0.1022,1486.803,2.5641,2.8406,27,10.53001012,9.50520129,3.7926,3686.133356,0.09961682
LP16-3B_58,LP16-3B,198.5,197.5,197.5,25411,26413,25899,25910,42,0.0238,2.037,0.0979,1490.124,2.5739,2.8507,23.7,9.207705247,8.313847796,4.4972,3706.684105,0.09389736
LP16-3B_59,LP16-3B,199,198,198,25440,26422,25918,25931,44,0.0227,2.054,0.0879,1486.252,2.5921,2.8693,25.5,9.837655612,8.887059618,3.9935,3719.81775,0.08323396
LP16-3B_60,LP16-3B,199.5,198.5,198.5,25456,26435,25937,25953,42,0.0238,2.094,0.0735,1501.075,2.537,2.8126,27.9,10.99737092,9.91952388,4.7134,3687.281913,0.11551498
LP16-3B_61,LP16-3B,200,199,199,25481,26447,25960,25974,42,0.0238,2.152,0.0245,1441.393,2.4579,2.7313,30.8,12.53080365,11.27659285,3.6719,3444.851152,0.1618523
LP16-3B_62,LP16-3B,200.5,199.5,199.5,25504,26464,25979,25995,42,0.0238,2.214,0.0335,1485.906,2.4524,2.7256,33,13.4563947,12.1075022,4.3476,3544.258653,0.16505132
LP16-3B_63,LP16-3B,201,200,200,25519,26482,26001,26016,26,0.0385,2.314,0.0274,1559.299,2.4257,2.6982,20.5,8.451140236,7.597786974,4.3865,3684.336547,0.18065866
LP16-3B_64,LP16-3B,201.5,200.5,200.5,25555,26485,26011,26029,26,0.0385,2.338,0.0482,1588.315,2.4824,2.7565,20.8,8.37889971,7.545765001,4.3,3828.663468,0.14750518
LP16-3B_65,LP16-3B,202,201,201,25596,26487,26022,26042,26,0.0385,2.357,0.0453,1595.802,2.5566,2.8329,8.9,3.481142065,3.141694538,5.6507,3946.370737,0.10397912
LP16-3B_66,LP16-3B,202.5,201.5,201.5,25629,26497,26031,26055,26,0.0385,2.372,0.04,1600.54,2.5183,2.7935,9.1,3.613480551,3.257592762,3.9216,3906.563353,0.12637226
LP16-3B_67,LP16-3B,203,202,202,25664,26511,26042,26068,26,0.0385,2.377,0.0412,1530.586,2.5082,2.7831,19.1,7.614922932,6.862933547,6.3662,3722.773457,0.13238254
LP16-3B_68,LP16-3B,203.5,202.5,202.5,25703,26512,26053,26081,26,0.0385,2.388,0.0724,1561.805,2.5517,2.8278,35.8,14.02977079,12.65998107,4.7708,3855.890805,0.10688732
LP16-3B_69,LP16-3B,204,203,203,25733,26523,26064,26094,26,0.0385,2.388,0.0574,1567.958,2.5089,2.7837,28.5,11.35958451,10.23799829,5.4618,3814.497394,0.13199478
LP16-3B_70,LP16-3B,204.5,203.5,203.5,25764,26537,26074,26107,26,0.0385,2.383,0.0406,1604.714,2.5414,2.8172,26.6,10.46661879,9.441977531,4.3189,3947.919381,0.1128976
LP16-3B_71,LP16-3B,205,204,204,25795,26548,26084,26120,26,0.0385,2.377,0.0121,1612.619,2.4269,2.6994,31.1,12.81450615,11.52099965,11.4666,3811.944955,0.17998008
LP16-3B_72,LP16-3B,205.5,204.5,204.5,25825,26570,26096,26133,26,0.0385,2.354,0.0348,1570.38,2.348,2.6182,44.1,18.78190592,16.84361849,4.6685,3607.821453,0.22622046
LP16-3B_73,LP16-3B,206,205,205,25845,26580,26109,26146,28,0.0357,2.313,0.071,1563.895,2.3111,2.5803,53.1,22.97569601,20.5792504,4.7134,3544.435232,0.24783808
LP16-3B_74,LP16-3B,206.5,205.5,205.5,25869,26597,26121,26160,26,0.0385,2.23,0.0365,1521.146,2.3396,2.6095,48.2,20.60188845,18.47064815,17.0503,3483.91086,0.2311644
LP16-3B_75,LP16-3B,207,206,206,25892,26611,26134,26173,26,0.0385,2.152,0.17,1480.055,2.3541,2.6244,34.7,14.74052571,13.22193267,4.4362,3407.810965,0.22273062
LP16-3B_76,LP16-3B,207.5,206.5,206.5,25910,26620,26147,26186,26,0.0385,2.08,0.104,1442.441,2.4083,2.6803,20.6,8.55369954,7.685829181,6.3869,3387.15204,0.19083736
LP16-3B_77,LP16-3B,208,207,207,25923,26630,26161,26199,26,0.0385,2.059,0.0597,1428.869,2.4673,2.741,23.3,9.443515976,8.500700171,6.3662,3426.142548,0.15632672
LP16-3B_78,LP16-3B,208.5,207.5,207.5,25935,26633,26173,26212,26,0.0385,2.061,0.1195,1424.326,2.5057,2.7804,21.4,8.540593858,7.696622781,6.3869,3461.28173,0.13383664
LP16-3B_79,LP16-3B,209,208,208,25943,26650,26188,26225,26,0.0385,2.074,0.1282,1433.31,2.5312,2.8067,15.2,6.005048207,5.41560911,9.4268,3513.82824,0.11890788
LP16-3B_80,LP16-3B,209.5,208.5,208.5,25949,26662,26204,26238,26,0.0385,2.09,0.0898,1451.389,2.5691,2.8457,24.3,9.45852774,8.539184205,5.4165,3604.469638,0.09670862
LP16-3B_81,LP16-3B,210,209,209,25956,26676,26219,26251,26,0.0385,2.114,0.0638,1488.733,2.5318,2.8073,25.7,10.15099771,9.154751354,18.1554,3650.462847,0.11852012
LP16-3B_82,LP16-3B,210.5,209.5,209.5,25961,26690,26234,26264,26,0.0385,2.146,0.0279,1499.651,2.5298,2.8052,24.5,9.684614749,8.733646699,7.1301,3674.681982,0.11978034
LP16-3B_83,LP16-3B,211,210,210,25971,26712,26250,26277,14,0.0714,2.176,0.032,1474.255,2.5333,2.8088,25.7,10.14493712,9.14967916,8.8723,3616.844471,0.11764766
LP16-3B_84,LP16-3B,211.5,210.5,210.5,25978,26720,26257,26284,16,0.0625,2.188,0.0476,1531.141,2.6059,2.8835,31.4,12.04966137,10.88938844,6.6921,3849.907011,0.075091
LP16-3B_85,LP16-3B,212,211,211,25989,26724,26264,26292,14,0.0714,2.18,0.0647,1556.031,2.6137,2.8916,29,11.09526168,10.0290005,13.6166,3922.750538,0.07053482
LP16-3B_86,LP16-3B,212.5,211.5,211.5,25998,26729,26271,26299,14,0.0714,2.175,0.055,1596.916,2.5506,2.8266,32.8,12.85980847,11.60387831,7.3992,3941.014513,0.1075659
LP16-3B_87,LP16-3B,213,212,212,26004,26732,26279,26306,16,0.0625,2.165,0.1919,1571.117,2.542,2.8178,50.9,20.02376038,18.06380152,5.6183,3865.947047,0.11260678
LP16-3B_88,LP16-3B,213.5,212.5,212.5,26010,26737,26289,26314,14,0.0714,2.129,0.2394,1585.257,2.5126,2.7875,56.7,22.56643442,20.34051073,5.784,3861.592232,0.12976516
LP16-3B_89,LP16-3B,214,213,213,26016,26741,26297,26321,14,0.0714,2.082,0.0794,1615.205,2.5356,2.8113,38.3,15.10462872,13.62371997,5.7333,3965.897807,0.1162905
LP16-3B_90,LP16-3B,214.5,213.5,213.5,26020,26747,26306,26328,16,0.0625,2.038,0.1082,1564.083,2.5528,2.8289,51.6,20.21344378,18.24044566,8.2734,3862.877599,0.10620874
LP16-3B_91,LP16-3B,215,214,214,26023,26758,26314,26336,14,0.0714,2.01,0.0219,1611.869,2.5108,2.7857,37,14.736426,13.28215473,7.6295,3923.895914,0.1308315
LP16-3B_92,LP16-3B,215.5,214.5,214.5,26027,26768,26321,26343,14,0.0714,1.998,0.0022,911.0808,2.4162,2.6883,50,20.69398821,18.59890488,8.6378,2145.391059,0.18628118
LP16-3B_93,LP16-3B,216,215,215,26031,26777,26331,26350,16.66666667,0.06,1.997,0,20.39,2.3412,2.6112,54,23.06511098,20.68015355,12.41,46.7273638,0.23029194
LP16-4A_20,LP16-4A,219.5,215.3,215.3,26033,26778,26334,26355,14,0.0714,1.997,0,20.39,2.2923,2.5609,29,12.65090374,11.3240856,13.6166,45.8894099,0.25888924
LP16-4A_21,LP16-4A,220,215.8,215.8,26039,26792,26342,26362,16,0.0625,2.419,0.3333,1432.208,2.3637,2.6343,37.6,15.90728759,14.27298004,3.8447,3309.295107,0.21701116
LP16-4A_22,LP16-4A,220.5,216.3,216.3,26041,26806,26350,26370,14,0.0714,2.414,0.4525,1430.943,2.4341,2.7068,32.4,13.3107579,11.9698065,3.7207,3391.229261,0.17571472
LP16-4A_23,LP16-4A,221,216.8,216.8,26048,26815,26357,26377,14,0.0714,2.414,0.3387,1471.951,2.5331,2.8086,23.2,9.158759059,8.26020462,3.04,3610.941012,0.1177446
LP16-4A_24,LP16-4A,221.5,217.3,217.3,26049,26825,26365,26384,16,0.0625,2.414,0.291,1504.05,2.4915,2.7659,26.8,10.75656777,9.689605316,3.5521,3637.014224,0.14217348
LP16-4A_25,LP16-4A,222,217.8,217.8,26053,26832,26373,26392,14,0.0714,2.409,0.3253,1498.134,2.4379,2.7107,25.1,10.29573557,9.259596486,3.2144,3555.216083,0.17358204
LP16-4A_26,LP16-4A,222.5,218.3,218.3,26057,26839,26382,26399,14,0.0714,2.404,0.2211,1469.438,2.3958,2.6674,35.4,14.77563141,13.27125908,3.3865,3435.051028,0.1982048
LP16-4A_27,LP16-4A,223,218.8,218.8,26061,26848,26391,26406,16,0.0625,2.414,0.207,1463.918,2.4269,2.6994,42.3,17.42937653,15.67004133,3.083,3460.48633,0.17998008
LP16-4A_28,LP16-4A,223.5,219.3,219.3,26063,26859,26401,26414,14,0.0714,2.43,0.148,1492.629,2.49,2.7643,37.7,15.14063169,13.63820058,2.8417,3607.516815,0.14304594
LP16-4A_29,LP16-4A,224,219.8,219.8,26067,26868,26409,26421,14,0.0714,2.446,0.1638,1515.489,2.5238,2.7991,38.2,15.13572434,13.64716984,3.1987,3705.953133,0.12317324
LP16-4A_30,LP16-4A,224.5,220.3,220.3,26073,26874,26417,26428,16,0.0625,2.455,0.1255,1490.589,2.5446,2.8205,25.6,10.06041389,9.076361579,3.1883,3671.14802,0.11105574
LP16-4A_31,LP16-4A,225,220.8,220.8,26077,26879,26423,26436,14,0.0714,2.485,0.0744,1493.389,2.5279,2.8033,21.8,8.623775533,7.77655585,3.8447,3657.004217,0.12084668
LP16-4A_32,LP16-4A,225.5,221.3,221.3,26085,26887,26430,26443,14,0.0714,2.502,0.0603,1483.106,2.6317,2.9101,26,9.879586648,8.934417689,3.7348,3761.3774,0.05996836
LP16-4A_33,LP16-4A,226,221.8,221.8,26090,26891,26438,26450,14,0.0714,2.54,0.0543,1461.45,,,41.6,,,3.5978,,
LP16-4A_34,LP16-4A,226.5,222.3,222.3,26097,26896,26445,26457,14,0.0714,2.559,0.0419,1520.499,,,39.5,,,3.8674,,
LP16-4A_35,LP16-4A,227,222.8,222.8,26103,26905,26454,26464,14,0.0714,2.569,0.0934,1556.97,,,40.2,,,4.0345,,
LP16-4A_36,LP16-4A,227.5,223.3,223.3,26113,26915,26461,26471,14,0.0714,2.57,0.1055,1561.361,,,30.7,,,3.4521,,
LP16-4A_37,LP16-4A,228,223.8,223.8,26122,26928,26469,26478,16,0.0625,2.569,0.0744,1483.257,,,19.7,,,2.7083,,
LP16-4A_38,LP16-4A,228.5,224.3,224.3,26126,26937,26477,26486,14,0.0714,2.562,0.2791,1464,,,24.1,,,3.1473,,
LP16-4A_39,LP16-4A,229,224.8,224.8,26130,26948,26485,26493,14,0.0714,2.543,0.3287,1467.398,,,50.2,,,3.268,,
LP16-4A_40,LP16-4A,229.5,225.3,225.3,26135,26953,26492,26500,14,0.0714,2.538,0.3172,1493.82,,,55.4,,,3.4643,,
LP16-4A_41,LP16-4A,230,225.8,225.8,26140,26961,26499,26507,14,0.0714,2.52,0.2802,1516.245,,,46.3,,,3.1272,,
LP16-4A_42,LP16-4A,230.5,226.3,226.3,26144,26961,26508,26514,14,0.0714,2.512,0.2358,1553.494,,,39,,,3.2517,,
LP16-4A_43,LP16-4A,231,226.8,226.8,26149,26975,26514,26521,16,0.0625,2.505,0.129,1572.505,2.5028,2.7775,42.2,16.86081469,15.1933972,3.0976,,0.13548462
LP16-4A_44,LP16-4A,231.5,227.3,227.3,26155,26980,26523,26529,14,0.0714,2.486,0.1533,1441.995,2.3525,2.6229,49,20.82853391,18.68181865,3.2571,3318.447775,0.22350614
LP16-4A_45,LP16-4A,232,227.8,227.8,26159,26991,26530,26536,14,0.0714,2.451,0.3034,1458.061,2.2986,2.5673,46.8,20.36052636,18.22903617,3.1883,3289.149216,0.25520552
LP16-4A_46,LP16-4A,232.5,228.3,228.3,26162,27001,26539,26543,14,0.0714,2.404,0.1873,1456.97,2.3502,2.6204,54.7,23.27482577,20.87436212,3.0782,3349.920162,0.22496024
LP16-4A_47,LP16-4A,233,228.8,228.8,26166,27009,26546,26550,14,0.0714,2.415,0.1305,1468.085,2.3079,2.577,38.6,16.72498893,14.97887881,3.268,3323.258354,0.24977688
LP16-4A_48,LP16-4A,233.5,229.3,229.3,26172,27021,26555,26557,14,0.0714,2.481,0.0428,1513.728,2.3214,2.5909,25.4,10.9414771,9.803653679,3.1423,3443.815541,0.2418278
LP16-4A_49,LP16-4A,234,229.8,229.8,26174,27031,26561,26564,16,0.0625,2.511,0.1094,1559.627,2.4251,2.6976,27.8,11.463251,10.3055694,3.2463,3684.423246,0.18104642
LP16-4A_50,LP16-4A,234.5,230.3,230.3,26181,27038,26569,26572,14,0.0714,2.517,0.1657,1572.142,,,31.6,,,2.7813,,
LP16-4A_51,LP16-4A,235,230.8,230.8,26192,27041,26576,26579,14,0.0714,2.518,0.1712,1569.826,,,26,,,2.5465,,
LP16-4A_52,LP16-4A,235.5,231.3,231.3,26200,27044,26582,26586,14,0.0714,2.518,0.1426,1568.847,,,19.1,,,3.3865,,
LP16-4A_53,LP16-4A,236,231.8,231.8,26208,27054,26590,26593,16,0.0625,2.512,0.1679,1547.751,2.4948,2.7693,30.8,12.34563146,11.12212569,2.8417,,0.14023468
LP16-4A_54,LP16-4A,236.5,232.3,232.3,26214,27058,26597,26601,14,0.0714,2.487,0.2075,1491.007,2.3664,2.6372,60.5,25.56585185,22.94126827,3.2091,3448.611803,0.21546012
LP16-4A_55,LP16-4A,237,232.8,232.8,26221,27064,26604,26608,14,0.0714,2.446,0.2183,1477.946,2.4045,2.6764,70.9,29.48596939,26.49113786,2.8253,3465.828236,0.19306698
LP16-4A_56,LP16-4A,237.5,233.3,233.3,26229,27069,26610,26615,14,0.0714,2.398,0.1518,1485.75,2.3766,2.6477,47.1,19.81783488,17.78920211,2.7813,3449.242555,0.20944984
LP16-4A_57,LP16-4A,238,233.8,233.8,26234,27076,26616,26622,16,0.0625,2.367,0.1314,1472.015,2.3459,2.6161,37.3,15.8999125,14.25806952,3.1322,3379.316555,0.22748068
LP16-4A_58,LP16-4A,238.5,234.3,234.3,26238,27088,26625,26630,14,0.0714,2.36,0.122,1452.308,2.3852,2.6564,39.7,16.64462191,14.94488422,2.6641,3382.015347,0.20440896
LP16-4A_59,LP16-4A,239,234.8,234.8,26246,27095,26634,26637,14,0.0714,2.377,0.1407,1448.507,2.4302,2.7027,37,15.22539078,13.6898843,2.9353,3428.015715,0.17804128
LP16-4A_60,LP16-4A,239.5,235.3,235.3,26248,27100,26640,26644,14,0.0714,2.414,0.1091,1486.453,2.455,2.7283,30.1,12.26063014,11.03248585,2.8294,3548.875155,0.16350028
LP16-4A_61,LP16-4A,240,235.8,235.8,26253,27108,26649,26651,16,0.0625,2.434,0.1092,1501.542,2.5631,2.8395,26,10.14412353,9.156605704,2.7271,3721.383893,0.10019846
LP16-4A_62,LP16-4A,240.5,236.3,236.3,26262,27117,26657,26659,14,0.0714,2.465,0.099,1549.34,,,33.1,,,2.5631,,
LP16-4A_63,LP16-4A,241,236.8,236.8,26265,27126,26663,26666,14,0.0714,2.465,0.1362,1564.086,,,31.1,,,2.7083,,
LP16-4A_64,LP16-4A,241.5,237.3,237.3,26269,27135,26670,26673,14,0.0714,2.465,0.0936,1573.07,2.5469,2.8228,23.9,9.383973032,8.466627152,6.5142,,0.10969858
LP16-4A_65,LP16-4A,242,237.8,237.8,26275,27143,26678,26680,14,0.0714,2.461,0.0768,1550.724,2.4857,2.7599,42.9,17.25847874,15.54394365,4.7941,3742.37609,0.14556638
LP16-4A_66,LP16-4A,242.5,238.3,238.3,26280,27149,26683,26687,16,0.0625,2.45,0.0749,1517.028,2.4177,2.6899,75.4,31.18701162,28.03092182,6.3048,3574.21978,0.18540872
LP16-4A_67,LP16-4A,243,238.8,238.8,26283,27158,26691,26695,14,0.0714,2.424,0.0415,1494.451,2.3235,2.593,99.7,42.90901148,38.44951464,4.6354,3402.559734,0.24056758
LP16-4A_68,LP16-4A,243.5,239.3,239.3,26288,27170,26699,26702,14,0.0714,2.403,0.0579,1427.808,2.3352,2.6051,53.8,23.03828796,20.65202445,5.9418,3264.97701,0.23368484
LP16-4A_69,LP16-4A,244,239.8,239.8,26294,27182,26706,26709,16,0.0625,2.393,0.123,1425.253,2.3926,2.6641,44.2,18.4734519,16.59089819,4.4462,3327.928943,0.20004666
LP16-4A_70,LP16-4A,244.5,240.3,240.3,26303,27190,26713,26717,14,0.0714,2.388,0.092,1476.809,2.4549,2.7282,52.5,21.38564346,19.24339392,5.4466,3525.770375,0.16359722
LP16-4A_71,LP16-4A,245,240.8,240.8,26311,27195,26720,26724,16,0.0625,2.398,0.0742,1499.687,2.4997,2.7743,36,14.40158319,12.9761874,4.7248,3636.933093,0.13732648
LP16-4A_72,LP16-4A,245.5,241.3,241.3,26323,27198,26727,26732,14,0.0714,2.415,0.0542,1518.868,2.5404,2.8161,25.8,10.15598862,9.161487619,3.8598,3735.315324,0.11347924
LP16-4A_73,LP16-4A,246,241.8,241.8,26330,27202,26733,26739,16,0.0625,2.423,0.1334,1580.561,2.612,2.8899,37.7,14.43323623,13.0455993,4.085,3982.38804,0.07150422
LP16-4A_74,LP16-4A,246.5,242.3,242.3,26340,27205,26740,26747,14,0.0714,2.419,0.1879,1584.152,2.5162,2.7912,27.5,10.9292945,9.852263711,4.163,3863.610958,0.12772942
LP16-4A_75,LP16-4A,247,242.8,242.8,26351,27210,26748,26754,16,0.0625,2.424,0.1505,1553.846,2.446,2.7191,23.1,9.443866136,8.495564083,4.3476,3698.06356,0.16873504
LP16-4A_76,LP16-4A,247.5,243.3,243.3,26356,27216,26754,26762,14,0.0714,2.415,0.2039,1507.491,2.4457,2.7187,41.4,16.92798729,15.22799506,4.0098,3587.265931,0.16902586
LP16-4A_77,LP16-4A,248,243.8,243.8,26362,27219,26763,26769,16,0.0625,2.393,0.3413,1505.032,2.4465,2.7196,79.2,32.37271419,29.12243952,4.4162,3582.410014,0.16854116
LP16-4A_78,LP16-4A,248.5,244.3,244.3,26370,27226,26772,26777,14,0.0714,2.358,0.2767,1511.538,2.5151,2.7902,64.9,25.80379867,23.2602583,3.9853,3685.248871,0.12831106
LP16-4A_79,LP16-4A,249,244.8,244.8,26377,27233,26780,26784,16,0.0625,2.339,0.255,1529.758,2.4521,2.7253,42.4,17.29142791,15.55797146,4.4462,3648.53957,0.1652452
LP16-4A_80,LP16-4A,249.5,245.3,245.3,26384,27241,26787,26792,14,0.0714,2.302,0.1619,1537.742,2.44,2.7128,47.6,19.50833896,17.54618061,4.2719,3651.810255,0.17232182
LP16-4A_81,LP16-4A,250,245.8,245.8,26389,27245,26796,26799,16,0.0625,2.25,0.1223,1548.52,2.4326,2.7053,54.8,22.52725486,20.25687466,5.6507,3667.835179,0.17668412
LP16-4A_82,LP16-4A,250.5,246.3,246.3,26394,27252,26804,26807,14,0.0714,2.2,0.1855,1546.029,2.4238,2.6962,53.3,21.99010373,19.76849871,3.9452,3650.575794,0.18182194
LP16-4A_83,LP16-4A,251,246.8,246.8,26401,27260,26813,26814,16,0.0625,2.152,0.1675,1542.652,2.3997,2.6714,57.9,24.12789102,21.67397817,3.5521,3611.25599,0.19597518
LP16-4A_84,LP16-4A,251.5,247.3,247.3,26407,27264,26819,26822,16,0.0625,2.069,0.1448,1519.089,2.4454,2.7184,70.3,28.74820086,25.86094117,3.0976,3614.483724,0.1691228
LP16-4A_85,LP16-4A,252,247.8,247.8,26411,27276,26827,26830,15,0.0667,1.999,0.0809,1470.935,2.5282,2.8036,45.2,17.87848304,16.12218993,3.0212,3602.325239,0.1206528
LP16-4B_2,LP16-4B,250.5,248,248,26413,27280,26829,26833,14,0.0714,1.994,0.0511,1478.132,2.5168,2.7919,40.2,15.97244094,14.39870601,3.1677,3605.911698,0.12724472
LP16-4B_3,LP16-4B,251,248.5,248.5,26418,27289,26836,26840,16,0.0625,2.013,0.0999,1467.201,2.5235,2.7987,-0.2,-0.079256504,-0.071461084,1.3588,3587.406717,0.12346406
LP16-4B_4,LP16-4B,251.5,249,249,26421,27298,26844,26848,14,0.0714,2.033,0.1082,1441.844,2.5408,2.8165,14.2,5.588898297,5.041672629,1.3081,3546.431686,0.11328536
LP16-4B_5,LP16-4B,252,249.5,249.5,26427,27317,26852,26855,16,0.0625,2.042,0.0848,1455.453,2.611,2.8888,40.7,15.58797509,14.08892679,1.3956,3665.832361,0.0721828
LP16-4B_6,LP16-4B,252.5,250,250,26431,27334,26860,26863,14,0.0714,2.059,0.1668,1474.928,2.5577,2.8339,47.8,18.68886975,16.86700035,1.4854,3648.725694,0.10339748
LP16-4B_7,LP16-4B,253,250.5,250.5,26443,27336,26868,26870,14,0.0714,2.079,0.198,1470.297,2.5802,2.8571,49.1,19.02975238,17.1853474,1.4312,3665.08389,0.09021364
LP16-4B_8,LP16-4B,253.5,251,251,26457,27340,26874,26877,16,0.0625,2.106,0.1343,1463.516,2.4885,2.7627,38.8,15.59187167,14.04403867,1.5724,3535.336651,0.1439184
LP16-4B_9,LP16-4B,254,251.5,251.5,26467,27344,26880,26885,14,0.0714,2.127,0.1302,1463.868,2.4821,2.7562,47.4,19.09640493,17.19745801,1.5014,3528.303724,0.14769906
LP16-4B_10,LP16-4B,254.5,252,252,26477,27345,26888,26892,16,0.0625,2.162,0.0958,1471.749,2.4637,2.7373,46.9,19.03633726,17.13395592,1.4798,3524.524779,0.1584594
LP16-4B_11,LP16-4B,255,252.5,252.5,26487,27349,26897,26900,14,0.0714,2.177,0.0784,1542.878,2.5094,2.7842,42.6,16.9763913,15.30044023,1.5993,3754.132897,0.13170396
LP16-4B_12,LP16-4B,255.5,253,253,26495,27356,26904,26907,16,0.0625,2.183,0.114,1536.242,2.5681,2.8446,40.1,15.61483697,14.09671099,1.5813,3813.817327,0.09729026
LP16-4B_13,LP16-4B,256,253.5,253.5,26504,27365,26911,26915,14,0.0714,2.204,0.1405,1503.411,2.5124,2.7873,24.3,9.672056814,8.717970131,1.5587,3661.926947,0.1298621
LP16-4B_14,LP16-4B,256.5,254,254,26510,27369,26918,26922,14,0.0714,2.214,0.2572,1490.909,2.5263,2.8016,36.4,14.40849126,12.99237139,1.6547,3648.941247,0.12171914
LP16-4B_15,LP16-4B,257,254.5,254.5,26514,27373,26926,26929,16,0.0625,2.23,0.2378,1486.667,2.5349,2.8105,57.1,22.52562934,20.31670458,1.7125,3649.289632,0.11667826
LP16-4B_16,LP16-4B,257.5,255,255,26518,27379,26934,26937,14,0.0714,2.267,0.2239,1488.509,2.5109,2.7858,77.7,30.94532952,27.89155107,1.5864,3623.736612,0.1308315
LP16-4B_17,LP16-4B,258,255.5,255.5,26525,27383,26942,26944,16,0.0625,2.292,0.2659,1500,2.5852,2.8622,46,17.79372997,16.07132794,1.7245,3745.498035,0.0872085
LP16-4B_18,LP16-4B,258.5,256,256,26529,27386,26950,26952,14,0.0714,2.32,0.1509,1512.386,2.5799,2.8568,47.6,18.45042329,16.66203849,1.4821,3769.630471,0.09040752
LP16-4B_19,LP16-4B,259,256.5,256.5,26534,27392,26956,26959,14,0.0714,2.339,0.3837,1533.771,2.5761,2.8529,42.7,16.57540869,14.96721214,1.5141,3818.162597,0.0925402
LP16-4B_20,LP16-4B,259.5,257,257,26541,27399,26964,26966,16,0.0625,2.346,0.2987,1571.333,2.5895,2.8667,30.1,11.62373692,10.4998254,1.705,3929.358722,0.08468806
LP16-4B_21,LP16-4B,260,257.5,257.5,26548,27405,26970,26974,14,0.0714,2.347,0.2487,1596.599,2.4748,2.7486,34,13.73865462,12.36977796,1.6395,3838.429389,0.15196442
LP16-4B_22,LP16-4B,260.5,258,258,26554,27414,26978,26981,16,0.0625,2.347,0.1506,1626.473,2.3887,2.66,58.1,24.32333793,21.84189005,1.6232,3792.332777,0.20237322
LP16-4B_23,LP16-4B,261,258.5,258.5,26559,27421,26987,26989,14,0.0714,2.347,0.0304,1539.017,2.3755,2.6465,75.4,31.74051581,28.49039047,1.5355,3571.357136,0.21012842
LP16-4B_24,LP16-4B,261.5,259,259,26565,27425,26993,26996,16,0.0625,2.334,0.015,1534.517,2.409,2.6809,75.5,31.34111274,28.16178322,1.5928,3604.18568,0.19054654
LP16-4B_25,LP16-4B,262,259.5,259.5,26570,27432,27000,27004,14,0.0714,2.323,0.0217,1244.242,2.3956,2.6672,76,31.72419797,28.49404667,1.746,2908.464412,0.19830174
LP16-4B_26,LP16-4B,262.5,260,260,26575,27442,27007,27011,14,0.0714,2.313,0.0113,1194.731,2.3899,2.6613,50.2,21.00522724,18.86302795,1.6788,2786.907407,0.20169464
LP16-4B_27,LP16-4B,263,260.5,260.5,26587,27444,27015,27018,14,0.0714,2.308,0.0215,1470.064,2.3974,2.6691,51.6,21.52292452,19.33256308,1.7095,3438.483975,0.1972354
LP16-4B_28,LP16-4B,263.5,261,261,26598,27445,27021,27025,16,0.0625,2.303,0.0243,1503.264,2.385,2.6562,76.4,32.034003,28.76253837,1.6165,3500.405865,0.20460284
LP16-4B_29,LP16-4B,264,261.5,261.5,26609,27449,27028,27033,14,0.0714,2.313,0.0236,1451.066,2.4285,2.7011,60,24.70616057,22.21340235,1.6645,3432.0818,0.17901068
LP16-4B_30,LP16-4B,264.5,262,262,26620,27452,27036,27040,14,0.0714,2.344,0.059,1497.764,2.4858,2.76,51.2,20.59674847,18.55062631,1.6395,3614.710413,0.14546944
LP16-4B_31,LP16-4B,265,262.5,262.5,26631,27456,27044,27047,14,0.0714,2.368,0.1356,1513.099,2.5684,2.845,47.4,18.45472096,16.66066648,1.6436,3756.937477,0.09699944
LP16-4B_32,LP16-4B,265.5,263,263,26640,27462,27052,27054,14,0.0714,2.392,0.1527,1531.37,2.562,2.8384,44.6,17.4081359,15.71302121,1.6326,3793.980846,0.1007801
LP16-4B_33,LP16-4B,266,263.5,263.5,26653,27471,27060,27061,16,0.0625,2.404,0.1428,1556.995,2.5809,2.8579,29.4,11.3912584,10.28740627,1.5838,3882.185934,0.08972894
LP16-4B_34,LP16-4B,266.5,264,264,26662,27475,27068,27069,14,0.0714,2.409,0.1119,1526.616,2.5302,2.8056,30.8,12.17312477,10.97791903,1.645,3741.34207,0.11948952
LP16-4B_35,LP16-4B,267,264.5,264.5,26668,27479,27075,27076,14,0.0714,2.424,0.1449,1529.338,2.5183,2.7934,36.3,14.4147547,12.9950258,1.49,3732.690504,0.1264692
LP16-4B_36,LP16-4B,267.5,265,265,26678,27484,27080,27083,14,0.0714,2.429,0.2448,1536.37,2.548,2.824,54.9,21.54605715,19.44040666,1.6547,3788.300895,0.10902
LP16-4B_37,LP16-4B,268,265.5,265.5,26687,27494,27087,27090,14,0.0714,2.429,0.3145,1549.107,2.5165,2.7915,82.7,32.86366533,29.62534694,1.7021,3778.557245,0.12753554
LP16-4B_38,LP16-4B,268.5,266,266,26696,27502,27095,27097,16,0.0625,2.424,0.313,1576.073,2.4665,2.7402,87.3,35.39363565,31.85930731,1.5954,3778.069665,0.15681142
LP16-4B_39,LP16-4B,269,266.5,266.5,26702,27510,27102,27105,14,0.0714,2.419,0.2708,1572.822,2.4331,2.7057,48.3,19.85136939,17.8509341,1.6903,3725.993236,0.1763933
LP16-4B_40,LP16-4B,269.5,267,267,26707,27516,27110,27112,14,0.0714,2.414,0.1914,1534.647,2.538,2.8137,62.6,24.66499519,22.24824635,1.6745,3771.087643,0.11493334
LP16-4B_41,LP16-4B,270,267.5,267.5,26714,27519,27116,27119,14,0.0714,2.414,0.1593,1542.492,2.5401,2.8158,85.7,33.73896891,30.43491666,1.6151,3793.129768,0.11367312
LP16-4B_42,LP16-4B,270.5,268,268,26721,27525,27123,27126,14,0.0714,2.413,0.1803,1555.771,2.5904,2.8676,65,25.09284895,22.6671199,1.6802,3891.57404,0.08420336
LP16-4B_43,LP16-4B,271,268.5,268.5,26730,27534,27129,27133,16,0.0625,2.414,0.2261,1576.747,2.4415,2.7144,54.8,22.44526692,20.18864338,1.6259,3746.536032,0.17144936
LP16-4B_44,LP16-4B,271.5,269,269,26734,27543,27137,27141,14,0.0714,2.416,0.0945,1544.757,2.5279,2.8033,65.1,25.75265079,23.22265073,1.5775,3782.809453,0.12084668
LP16-4B_45,LP16-4B,272,269.5,269.5,26737,27550,27145,27148,14,0.0714,2.419,0.2402,1527.147,2.5096,2.7844,72.8,29.0091122,26.14540445,1.6367,3716.064258,0.13160702
LP16-4B_46,LP16-4B,272.5,270,270,26739,27558,27153,27155,14,0.0714,2.414,0.1718,1543.478,2.5352,2.8108,75.6,29.8204393,26.89638207,1.5235,3789.128906,0.11658132
LP16-4B_47,LP16-4B,273,270.5,270.5,26754,27561,27159,27162,16,0.0625,2.414,0.0464,1593.399,2.4714,2.7451,79.2,32.04705193,28.85106024,1.5915,3826.076032,0.15400016
LP16-4B_48,LP16-4B,273.5,271,271,26767,27565,27165,27170,14,0.0714,2.414,0.0281,1550.418,2.4129,2.6849,44.8,18.56723833,16.6857482,1.6178,3646.626633,0.18821998
LP16-4B_49,LP16-4B,274,271.5,271.5,26776,27570,27173,27177,14,0.0714,2.409,0.115,1506.567,2.4123,2.6843,66.5,27.56722452,24.77329215,1.5813,3542.760915,0.1885108
LP16-4B_50,LP16-4B,274.5,272,272,26784,27578,27180,27184,14,0.0714,2.409,0.1875,1503.745,2.4251,2.6976,80.7,33.27641568,29.91580758,1.6205,3552.387641,0.18104642
LP16-4B_51,LP16-4B,275,272.5,272.5,26794,27583,27187,27191,14,0.0714,2.403,0.1821,1498.13,2.4188,2.6911,53.6,22.15968002,19.9178482,1.5212,3531.102737,0.18473014
LP16-4B_52,LP16-4B,275.5,273,273,26802,27589,27193,27198,16,0.0625,2.403,0.2782,1487.005,2.445,2.718,49,20.04096291,18.02798727,1.6381,3537.616268,0.16941362
LP16-4B_53,LP16-4B,276,273.5,273.5,26812,27593,27200,27206,14,0.0714,2.419,0.1451,1474.101,2.415,2.6872,74,30.64148838,27.53833541,1.6659,3469.826712,0.18695976
LP16-4B_54,LP16-4B,276.5,274,274,26822,27599,27208,27213,14,0.0714,2.435,0.2679,1496.62,2.5463,2.8223,46.5,18.26158751,16.47613271,1.6463,3688.109129,0.1099894
LP16-4B_55,LP16-4B,277,274.5,274.5,26831,27604,27217,27220,14,0.0714,2.445,0.3113,1526.217,2.6589,2.9381,49.6,18.65423469,16.88161888,1.7291,3905.699549,0.04397326
LP16-4B_56,LP16-4B,277.5,275,275,26840,27612,27224,27227,16,0.0625,2.45,0.2542,1565.495,2.6873,2.9673,56.5,21.02503412,19.04096654,1.634,4043.521688,0.02739652
LP16-4B_57,LP16-4B,278,275.5,275.5,26848,27618,27232,27235,14,0.0714,2.451,0.1907,1563.138,2.485,2.7591,36.7,14.76873951,13.30124968,1.6138,3771.377964,0.14595414
LP16-4B_58,LP16-4B,278.5,276,276,26856,27627,27240,27242,14,0.0714,2.45,0.1214,1543.793,2.4166,2.6888,33.5,13.86226036,12.45901241,1.5674,3635.857712,0.1860873
LP16-4B_59,LP16-4B,279,276.5,276.5,26862,27633,27247,27249,14,0.0714,2.445,0.3547,1507.398,2.5146,2.7896,84.7,33.68373994,30.36295899,1.6903,3674.406773,0.12860188
LP16-4B_60,LP16-4B,279.5,277,277,26872,27638,27254,27256,14,0.0714,2.44,0.2969,1520.249,2.4513,2.7245,92.8,37.85706479,34.06113431,1.645,3624.835855,0.1657299
LP16-4B_61,LP16-4B,280,277.5,277.5,26875,27646,27262,27263,16,0.0625,2.434,0.1442,1556.266,2.4661,2.7397,75,30.4127313,27.37539751,1.4056,3729.987735,0.15710224
LP16-4B_62,LP16-4B,280.5,278,278,26878,27652,27269,27271,14,0.0714,2.42,0.1577,1491.985,2.4388,2.7116,56.2,23.04456114,20.72594916,1.6519,3541.686329,0.1730004
LP16-4B_63,LP16-4B,281,278.5,278.5,26881,27657,27276,27278,14,0.0714,2.404,0.3095,1490.391,2.428,2.7005,48.2,19.85191869,17.8486229,1.4168,3524.388766,0.17939844
LP16-4B_64,LP16-4B,281.5,279,279,26888,27662,27282,27285,14,0.0714,2.389,0.1627,1484.773,2.4673,2.741,68.5,27.76312637,24.99132883,1.6059,3560.248579,0.15632672
LP16-4B_65,LP16-4B,282,279.5,279.5,26895,27664,27290,27292,16,0.0625,2.384,0.2765,1479.826,2.4597,2.7332,54.8,22.27878667,20.04998234,1.4765,3538.901634,0.16078596
LP16-4B_66,LP16-4B,282.5,280,280,26900,27667,27296,27300,14,0.0714,2.376,0.3784,1490.59,2.4798,2.7538,45.6,18.38873293,16.55899886,1.3588,3589.750761,0.14905622
LP16-4B_67,LP16-4B,283,280.5,280.5,26912,27669,27302,27307,12,0.0833,2.367,0.3136,1504.768,2.5548,2.831,57.4,22.46719414,20.27539153,1.5025,3718.954741,0.10504546
LP16-4B_68,LP16-4B,283.5,281,281,26930,27679,27309,27313,14,0.0714,2.363,0.1969,1496.517,2.4707,2.7445,48.1,19.46813177,17.52626607,1.2849,3592.655561,0.15429098
LP16-4B_69,LP16-4B,284,281.5,281.5,26946,27685,27315,27320,14,0.0714,2.355,0.2762,1485.804,2.4839,2.7581,57.8,23.26949571,20.95668857,1.9452,3583.471873,0.14653578
LP16-4B_70,LP16-4B,284.5,282,282,26961,27691,27322,27327,14,0.0714,2.351,0.2836,1481.411,2.4436,2.7165,49.8,20.37998148,18.33216216,1.7858,3522.560936,0.17018914
LP16-4B_71,LP16-4B,285,282.5,282.5,26972,27695,27330,27334,14,0.0714,2.349,0.1966,1487.651,2.4704,2.7442,69.8,28.25429499,25.43583061,1.8603,3571.030226,0.15448486
LP16-4B_72,LP16-4B,285.5,283,283,26988,27700,27337,27341,14,0.0714,2.345,0.1554,1479.495,2.4275,2.7,42,17.30172048,15.55554331,1.6773,3498.06023,0.17959232
LP16-4B_73,LP16-4B,286,283.5,283.5,26998,27705,27344,27348,14,0.0714,2.341,0.1127,1477.904,2.4224,2.6947,49,20.22787627,18.18350621,1.7215,3487.901381,0.18259746
LP16-4B_74,LP16-4B,286.5,284,284,27008,27709,27350,27355,14,0.0714,2.349,0.1812,1471.804,2.4219,2.6943,50.2,20.72729707,18.63217914,1.6617,3472.873094,0.18298522
LP16-4B_75,LP16-4B,287,284.5,284.5,27022,27713,27357,27362,14,0.0714,2.358,0.2428,1490.519,2.4984,2.773,53.6,21.45371536,19.32958874,1.8139,3612.982008,0.138102
LP16-4B_76,LP16-4B,287.5,285,285,27036,27717,27364,27369,12,0.0833,2.362,0.2078,1513.133,2.5529,2.829,48.3,18.92002292,17.0733185,1.6299,3737.156675,0.10620874
LP16-4B_77,LP16-4B,288,285.5,285.5,27044,27722,27371,27375,14,0.0714,2.366,0.1471,1559.657,2.5937,2.871,43.6,16.81004044,15.18637798,1.5724,3905.588193,0.08226456
LP16-4B_78,LP16-4B,288.5,286,286,27051,27727,27377,27382,14,0.0714,2.362,0.0502,1538.762,2.4893,2.7636,41.2,16.55065893,14.90801842,1.6151,3718.163318,0.1434337
LP16-4B_79,LP16-4B,289,286.5,286.5,27059,27729,27383,27389,14,0.0714,2.352,0.2293,1505.762,2.3892,2.6606,33.5,14.02131474,12.59109848,1.7907,3511.650435,0.2020824
LP16-4B_80,LP16-4B,289.5,287,287,27069,27732,27389,27396,14,0.0714,2.333,0.223,1479.391,2.4139,2.686,34.7,14.37512573,12.91885783,1.8189,3480.819935,0.18763834
LP16-4B_81,LP16-4B,290,287.5,287.5,27074,27738,27395,27403,14,0.0714,2.308,0.1884,1457.071,2.4384,2.7112,73.5,30.14302311,27.10989088,1.726,3458.297389,0.17329122
LP16-4B_82,LP16-4B,290.5,288,288,27082,27744,27403,27410,14,0.0714,2.313,0.1521,1471.374,2.436,2.7088,68.2,27.99657859,25.17760944,1.7021,3489.311626,0.17464838
LP16-4B_83,LP16-4B,291,288.5,288.5,27091,27750,27410,27417,14,0.0714,2.334,0.1273,1472.555,2.4701,2.7439,51.2,20.72759292,18.6597854,1.7538,3534.476028,0.15467874
LP16-4B_84,LP16-4B,291.5,289,289,27101,27760,27418,27424,14,0.0714,2.343,0.1437,1497.125,2.5136,2.7886,38.1,15.15741585,13.66271821,1.6178,3648.218228,0.12918352
LP16-4B_85,LP16-4B,292,289.5,289.5,27108,27769,27425,27431,14,0.0714,2.339,0.1416,1531.762,2.55,2.8261,44.4,17.4116614,15.71093263,1.6218,3779.460024,0.10785672
LP16-4B_86,LP16-4B,292.5,290,290,27116,27776,27433,27438,20,0.05,2.335,0.1984,1536.184,2.5338,2.8093,46.4,18.31273436,16.51640543,1.6759,3769.413326,0.11735684
LP16-4B_87,LP16-4B,293,290.5,290.5,27136,27781,27443,27448,22,0.0455,2.323,0.3656,1544.548,2.4912,2.7656,31.3,12.56413797,11.3177853,1.2849,3734.667868,0.14227042
LP16-4B_88,LP16-4B,293.5,291,291,27155,27789,27454,27459,22,0.0455,2.298,0.2909,1549.562,2.4477,2.7208,52,21.24414132,19.11190762,1.8139,3690.043542,0.16776564
LP16-4B_89,LP16-4B,294,291.5,291.5,27173,27802,27465,27470,22,0.0455,2.257,0.0581,1577.219,2.391,2.6625,77.6,32.45482703,29.14600148,1.3231,3680.650663,0.20101606
LP16-4B_90,LP16-4B,294.5,292,292,27193,27808,27477,27481,22,0.0455,2.204,0.0362,1552.113,2.3667,2.6375,81.5,34.43582246,30.90093402,1.598,3590.282883,0.21526624
LP16-4B_91,LP16-4B,295,292.5,292.5,27212,27813,27490,27492,22,0.0455,2.147,0.0248,1439.008,2.3762,2.6472,70.7,29.75370756,26.70759333,1.4106,3340.180489,0.20974066
LP16-4B_92,LP16-4B,295.5,293,293,27226,27824,27501,27503,22,0.0455,2.049,0.0618,1380.728,2.5,2.7746,90.9,36.3598726,32.76142741,1.333,3348.677747,0.13722954
LP16-4B_93,LP16-4B,296,293.5,293.5,27242,27837,27513,27514,20,0.05,2.01,0.0999,1355.361,2.4926,2.767,63.9,25.63551793,23.09345537,1.4066,3278.791517,0.1414949
LP16-4B_94,LP16-4B,296.5,294,294,27253,27846,27526,27524,93.61904762,0.0107,2,0.0496,1357.773,2.4715,2.7452,36.9,14.93044174,13.44149499,1.2618,3260.420958,0.15390322