LP08_M1H_BACON_SH20M1H,,,,,,,,,,,,,
Strat_depth,95%CI_min,95%CI_max,median_age,SH20M1Hmean_age,mean 95%,Unit ,95%CI_min_nearest_10_years,95%CI_max_nearest_10_years,median_age_nearest_10_years,SH20M1Hmean_age_nearest_10_years,mean_min_95%CI_err.,max_mean_95%CI_nearest_10_years,mean_95%CI_nearest_10_years
cm,cal a BP,cal a BP,cal a BP,cal a BP,cal a BP,-,cal a BP,cal a BP,cal a BP,cal a BP,cal a BP,cal a BP,cal a BP
0,-59.91,-54.07,-56.98,-56.98,2.92,6C,-60,-50,-60,-60,0,10,10
1,-53.39,-0.71,-30.28,-29.74,26.34,6C,-50,0,-30,-30,20,30,30
2,-49.78,55.22,-3.89,-2.5,52.5,6C,-50,60,0,0,50,60,60
3,-46.15,110.89,22.52,24.74,78.52,6C,-50,110,20,20,70,90,80
4,-42.33,166.63,49.16,51.98,104.48,6C,-40,170,50,50,90,120,110
5,-38.76,222.58,75.76,79.21,130.67,6C,-40,220,80,80,120,140,130
6,-35.16,278.8,102.04,106.45,156.98,6C,-40,280,100,110,150,170,160
7,-31.56,335.02,128.46,133.69,183.29,6C,-30,340,130,130,160,210,190
8,-27.97,391.24,154.92,160.93,209.605,6C,-30,390,150,160,190,230,210
9,-24.36,447.47,181.47,188.17,235.915,6C,-20,450,180,190,210,260,240
10,-20.71,503.69,207.95,215.41,262.2,6C,-20,500,210,220,240,280,260
11,58.9,533.07,259.34,266.65,237.085,6C,60,530,260,270,210,260,240
12,115.75,588.95,312.03,317.88,236.6,6C,120,590,310,320,200,270,240
13,146.99,636.96,366.81,369.12,244.985,6C,150,640,370,370,220,270,250
14,168.77,689.06,416.11,420.35,260.145,6C,170,690,420,420,250,270,260
15,192.65,749.4,467.81,471.59,278.375,6C,190,750,470,470,280,280,280
16,219.71,813.38,524.05,522.82,296.835,6C,220,810,520,520,300,290,300
17,239.91,879.01,578.03,574.06,319.55,6C,240,880,580,570,330,310,320
18,257.01,953.27,630.48,625.3,348.13,6C,260,950,630,630,370,320,350
19,267.27,1033.3,679.44,676.53,383.015,6C,270,1030,680,680,410,350,380
20,284.93,1114.53,731.17,727.77,414.8,6C,280,1110,730,730,450,380,420
21,355.1,1126.93,758.11,757.27,385.915,6C,360,1130,760,760,400,370,390
22,416,1140.99,787.73,786.76,362.495,6C,420,1140,790,790,370,350,360
23,475.1,1154.53,814.56,816.26,339.715,6C,480,1150,810,820,340,330,340
24,518.92,1168.03,841.57,845.76,324.555,6C,520,1170,840,850,330,320,330
25,565.05,1181.37,871.33,875.26,308.16,6C,570,1180,870,880,310,300,310
26,586.75,1195.14,907.21,904.76,304.195,6C,590,1200,910,900,310,300,310
27,604.4,1207.39,947.3,934.25,301.495,6C,600,1210,950,930,330,280,310
28,623.59,1224.21,986.7,963.75,300.31,6C,620,1220,990,960,340,260,300
29,648.39,1244.62,1020.58,993.25,298.115,6C,650,1240,1020,990,340,250,300
30,664.58,1274.95,1050.07,1022.75,305.185,6C,660,1270,1050,1020,360,250,310
31,730.43,1276.63,1075.11,1050.17,273.1,6C,730,1280,1080,1050,320,230,280
32,794.65,1281.1,1099.31,1077.59,243.225,S,790,1280,1100,1080,290,200,250
33,857.8,1284.07,1123.09,1105,213.135,S,860,1280,1120,1110,250,170,210
34,916.71,1287.13,1147.82,1132.42,185.21,S,920,1290,1150,1130,210,160,190
35,981.31,1290.82,1171.66,1159.84,154.755,S,980,1290,1170,1160,180,130,160
36,1044.05,1296.65,1197.27,1187.26,126.3,S,1040,1300,1200,1190,150,110,130
37,1101.22,1302.11,1222.46,1214.68,100.445,S,1100,1300,1220,1210,110,90,100
38,1156.12,1310.71,1247.49,1242.1,77.295,S,1160,1310,1250,1240,80,70,80
39,1181.37,1325.6,1272.17,1269.52,72.115,S,1180,1330,1270,1270,90,60,80
40,1199.28,1344.79,1297.33,1296.94,72.755,S,1200,1340,1300,1300,100,40,70
41,1216.1,1362.09,1313.18,1313.66,72.995,S,1220,1360,1310,1310,90,50,70
42,1233.81,1400.02,1328.84,1330.38,83.105,S,1230,1400,1330,1330,100,70,90
43,1256.18,1442.75,1343.77,1347.09,93.285,S,1260,1440,1340,1350,90,90,90
44,1276.01,1492.93,1358,1363.81,108.46,S,1280,1490,1360,1360,80,130,110
45,1284.96,1543.07,1371.69,1380.53,129.055,6B,1280,1540,1370,1380,100,160,130
46,1292.1,1591.55,1385.58,1397.25,149.725,6B,1290,1590,1390,1400,110,190,150
47,1294.84,1641.38,1399.25,1413.96,173.27,6B,1290,1640,1400,1410,120,230,180
48,1298.04,1687.38,1412.89,1430.68,194.67,6B,1300,1690,1410,1430,130,260,200
49,1300.76,1735.79,1427.1,1447.4,217.515,6B,1300,1740,1430,1450,150,290,220
50,1303.46,1785.08,1441.07,1464.12,240.81,6B,1300,1790,1440,1460,160,330,250
51,1320.11,1798.51,1457.12,1479.39,239.2,6B,1320,1800,1460,1480,160,320,240
52,1328.36,1803.63,1475.35,1494.65,237.635,6B,1330,1800,1480,1490,160,310,240
53,1338.05,1812.32,1493.33,1509.92,237.135,6B,1340,1810,1490,1510,170,300,240
54,1348.26,1827.93,1510.96,1525.19,239.835,6B,1350,1830,1510,1530,180,300,240
55,1357.26,1842.77,1528.03,1540.45,242.755,6B,1360,1840,1530,1540,180,300,240
56,1362.67,1856.03,1544.27,1555.72,246.68,6B,1360,1860,1540,1560,200,300,250
57,1366.92,1874.51,1559.69,1570.99,253.795,6B,1370,1870,1560,1570,200,300,250
58,1372.29,1892.21,1577.52,1586.25,259.96,6B,1370,1890,1580,1590,220,300,260
59,1376.33,1911.27,1592.84,1601.52,267.47,6B,1380,1910,1590,1600,220,310,270
60,1380.28,1933.66,1610.66,1616.79,276.69,6B,1380,1930,1610,1620,240,310,280
61,1397.44,1943.62,1624.78,1631.8,273.09,6B,1400,1940,1620,1630,230,310,270
62,1409.02,1952.66,1639.32,1646.82,271.82,6B,1410,1950,1640,1650,240,300,270
63,1421.61,1959.24,1655.4,1661.83,268.815,6B,1420,1960,1660,1660,240,300,270
64,1433.43,1968.34,1670.98,1676.85,267.455,6B,1430,1970,1670,1680,250,290,270
65,1439.58,1979.43,1684.73,1691.87,269.925,6B,1440,1980,1680,1690,250,290,270
66,1450.49,1990.69,1701.51,1706.88,270.1,6B,1450,1990,1700,1710,260,280,270
67,1459.57,2005.28,1721.38,1721.9,272.855,6B,1460,2010,1720,1720,260,290,280
68,1469.35,2024.48,1736.77,1736.91,277.565,6B,1470,2020,1740,1740,270,280,280
69,1476.6,2046.64,1753.24,1751.93,285.02,6B,1480,2050,1750,1750,270,300,290
70,1483.79,2070.93,1765.91,1766.95,293.57,6B,1480,2070,1770,1770,290,300,300
71,1504.42,2077.06,1781.94,1782.13,286.32,6B,1500,2080,1780,1780,280,300,290
72,1522.93,2084.21,1796.97,1797.32,280.64,6B,1520,2080,1800,1800,280,280,280
73,1540.77,2092.77,1812.28,1812.51,276,6B,1540,2090,1810,1810,270,280,280
74,1553.59,2102.93,1827.91,1827.7,274.67,6B,1550,2100,1830,1830,280,270,280
75,1569.55,2113.7,1845.65,1842.89,272.075,6B,1570,2110,1850,1840,270,270,270
76,1580.08,2124.76,1864.41,1858.08,272.34,6B,1580,2120,1860,1860,280,260,270
77,1589.68,2133.86,1879.3,1873.26,272.09,6B,1590,2130,1880,1870,280,260,270
78,1597.49,2148.75,1895.34,1888.45,275.63,6B,1600,2150,1900,1890,290,260,280
79,1608.06,2165.99,1911.85,1903.64,278.965,6B,1610,2170,1910,1900,290,270,280
80,1614.78,2186.75,1926.89,1918.83,285.985,6B,1610,2190,1930,1920,310,270,290
81,1638.46,2188.68,1939.23,1933.34,275.11,6B,1640,2190,1940,1930,290,260,280
82,1660.09,2194.77,1954.03,1947.85,267.34,6B,1660,2190,1950,1950,290,240,270
83,1682.21,2201.45,1969.52,1962.36,259.62,6B,1680,2200,1970,1960,280,240,260
84,1696.33,2211.57,1984.47,1976.87,257.62,6B,1700,2210,1980,1980,280,230,260
85,1710.7,2216.93,2000.96,1991.38,253.115,6B,1710,2220,2000,1990,280,230,260
86,1728.96,2227.58,2014.16,2005.9,249.31,6B,1730,2230,2010,2010,280,220,250
87,1747.98,2238.87,2030.19,2020.41,245.445,6B,1750,2240,2030,2020,270,220,250
88,1762.61,2250.49,2046.07,2034.92,243.94,6B,1760,2250,2050,2030,270,220,250
89,1776.65,2264.81,2063.3,2049.43,244.08,6B,1780,2260,2060,2050,270,210,240
90,1789.07,2278.12,2078.44,2063.94,244.525,6B,1790,2280,2080,2060,270,220,250
91,1830.77,2281.59,2092.07,2079.65,225.41,6B,1830,2280,2090,2080,250,200,230
92,1866.82,2286.54,2105.03,2095.35,209.86,6B,1870,2290,2110,2100,230,190,210
93,1904.45,2290.95,2118.43,2111.06,193.25,6B,1900,2290,2120,2110,210,180,200
94,1945.75,2295.59,2129.16,2126.77,174.92,6B,1950,2300,2130,2130,180,170,180
95,1981.18,2300.2,2142.38,2142.48,159.51,6B,1980,2300,2140,2140,160,160,160
96,2014.39,2305.34,2154.5,2158.18,145.475,6B,2010,2310,2150,2160,150,150,150
97,2052.03,2311.27,2166.76,2173.89,129.62,6B,2050,2310,2170,2170,120,140,130
98,2080.67,2318.37,2180.33,2189.6,118.85,6B,2080,2320,2180,2190,110,130,120
99,2106.62,2327.8,2194.3,2205.31,110.59,6B,2110,2330,2190,2210,100,120,110
100,2125.6,2341.35,2208.92,2221.01,107.875,6B,2130,2340,2210,2220,90,120,110
101,2143.87,2349.38,2221.35,2234.16,102.755,6B,2140,2350,2220,2230,90,120,110
102,2152.65,2368.23,2235.62,2247.3,107.79,6B,2150,2370,2240,2250,100,120,110
103,2159.68,2392.76,2250.12,2260.44,116.54,6B,2160,2390,2250,2260,100,130,120
104,2164.59,2415.47,2264.22,2273.58,125.44,6B,2160,2420,2260,2270,110,150,130
105,2168.83,2435.62,2277.51,2286.72,133.395,6B,2170,2440,2280,2290,120,150,140
106,2171.47,2460.57,2292.43,2299.87,144.55,6B,2170,2460,2290,2300,130,160,150
107,2174.22,2488.12,2307.92,2313.01,156.95,6B,2170,2490,2310,2310,140,180,160
108,2178.62,2518.71,2319.56,2326.15,170.045,6B,2180,2520,2320,2330,150,190,170
109,2182.24,2549.61,2330.97,2339.29,183.685,6B,2180,2550,2330,2340,160,210,190
110,2184.25,2579.84,2343.6,2352.44,197.795,6B,2180,2580,2340,2350,170,230,200
111,2197.39,2591.97,2355.83,2365.23,197.29,6B,2200,2590,2360,2370,170,220,200
112,2208.8,2603.78,2369.55,2378.03,197.49,6B,2210,2600,2370,2380,170,220,200
113,2216.78,2616.53,2383.04,2390.83,199.875,6B,2220,2620,2380,2390,170,230,200
114,2225.73,2624.31,2395.42,2403.62,199.29,6B,2230,2620,2400,2400,170,220,200
115,2231.19,2637.03,2409.06,2416.42,202.92,6B,2230,2640,2410,2420,190,220,210
116,2235.66,2648.09,2423.01,2429.22,206.215,6B,2240,2650,2420,2430,190,220,210
117,2241.02,2668.36,2435.82,2442.02,213.67,6B,2240,2670,2440,2440,200,230,220
118,2245.88,2686.45,2448.39,2454.81,220.285,6B,2250,2690,2450,2450,200,240,220
119,2252.58,2710.91,2462.06,2467.61,229.165,6B,2250,2710,2460,2470,220,240,230
120,2257.11,2735.64,2475.41,2480.41,239.265,6B,2260,2740,2480,2480,220,260,240
121,2273.61,2741.52,2487.55,2493.45,233.955,6B,2270,2740,2490,2490,220,250,240
122,2291.44,2748.86,2500.11,2506.49,228.71,6B,2290,2750,2500,2510,220,240,230
123,2307.26,2759.23,2514.1,2519.53,225.985,6B,2310,2760,2510,2520,210,240,230
124,2320.73,2770.2,2527.83,2532.57,224.735,6B,2320,2770,2530,2530,210,240,230
125,2327.9,2786.19,2542.31,2545.62,229.145,6B,2330,2790,2540,2550,220,240,230
126,2335.4,2800.27,2555.42,2558.66,232.435,6B,2340,2800,2560,2560,220,240,230
127,2346.3,2813.5,2569.58,2571.7,233.6,6B,2350,2810,2570,2570,220,240,230
128,2348.67,2828.57,2582.85,2584.74,239.95,6B,2350,2830,2580,2580,230,250,240
129,2352.89,2842.81,2596.33,2597.78,244.96,6B,2350,2840,2600,2600,250,240,250
130,2359.07,2865.33,2608.13,2610.82,253.13,6B,2360,2870,2610,2610,250,260,260
131,2377.89,2875.92,2621.7,2623.99,249.015,6B,2380,2880,2620,2620,240,260,250
132,2394.98,2882.42,2636.14,2637.16,243.72,6B,2390,2880,2640,2640,250,240,250
133,2415.69,2893.93,2651.78,2650.33,239.12,6B,2420,2890,2650,2650,230,240,240
134,2429.55,2901.92,2665.59,2663.5,236.185,6B,2430,2900,2670,2660,230,240,240
135,2443.14,2915.98,2678.61,2676.67,236.42,6B,2440,2920,2680,2680,240,240,240
136,2454.98,2932.43,2692.07,2689.84,238.725,6B,2450,2930,2690,2690,240,240,240
137,2462.87,2946.87,2708.5,2703.01,242,6B,2460,2950,2710,2700,240,250,250
138,2474.18,2964.95,2720.93,2716.18,245.385,6B,2470,2960,2720,2720,250,240,250
139,2479.93,2984.88,2733.26,2729.35,252.475,6B,2480,2980,2730,2730,250,250,250
140,2486.81,3003.92,2743.52,2742.51,258.555,6B,2490,3000,2740,2740,250,260,260
141,2507.12,3012.7,2756.29,2754.24,252.79,6B,2510,3010,2760,2750,240,260,250
142,2520.67,3022.69,2766.32,2765.97,251.01,6B,2520,3020,2770,2770,250,250,250
143,2536,3031,2776.65,2777.7,247.5,6B,2540,3030,2780,2780,240,250,250
144,2550.98,3040.17,2788.49,2789.42,244.595,6B,2550,3040,2790,2790,240,250,250
145,2562.23,3047.85,2799.68,2801.15,242.81,6B,2560,3050,2800,2800,240,250,250
146,2572.79,3053.65,2811.91,2812.88,240.43,6B,2570,3050,2810,2810,240,240,240
147,2584.79,3066.87,2824.85,2824.6,241.04,6B,2580,3070,2820,2820,240,250,250
148,2592.43,3080.95,2838.52,2836.33,244.26,6B,2590,3080,2840,2840,250,240,250
149,2598.68,3092.74,2849.67,2848.06,247.03,6B,2600,3090,2850,2850,250,240,250
150,2601.96,3106.78,2862.01,2859.79,252.41,6B,2600,3110,2860,2860,260,250,260
151,2629.97,3111.17,2873.13,2872.5,240.6,6B,2630,3110,2870,2870,240,240,240
152,2657.27,3114.15,2885.14,2885.22,228.44,6B,2660,3110,2890,2890,230,220,230
153,2680.25,3122.41,2896.84,2897.94,221.08,6B,2680,3120,2900,2900,220,220,220
154,2700.91,3125.48,2908.71,2910.66,212.285,6B,2700,3130,2910,2910,210,220,220
155,2726.61,3137.84,2920.83,2923.37,205.615,6B,2730,3140,2920,2920,190,220,210
156,2738.8,3147.71,2933.13,2936.09,204.455,6B,2740,3150,2930,2940,200,210,210
157,2755.91,3158.51,2945.51,2948.81,201.3,6B,2760,3160,2950,2950,190,210,200
158,2776.4,3168.89,2957.88,2961.53,196.245,6B,2780,3170,2960,2960,180,210,200
159,2786.35,3188.82,2969.73,2974.25,201.235,6B,2790,3190,2970,2970,180,220,200
160,2796.44,3198.17,2983.4,2986.96,200.865,6B,2800,3200,2980,2990,190,210,200
161,2833.53,3213.44,3002.01,3007.36,189.955,6B,2830,3210,3000,3010,180,200,190
162,2865.37,3231.95,3022.79,3027.76,183.29,6B,2870,3230,3020,3030,160,200,180
163,2882.21,3254.55,3043.97,3048.15,186.17,6B,2880,3250,3040,3050,170,200,190
164,2893.45,3283.04,3064.36,3068.55,194.795,6B,2890,3280,3060,3070,180,210,200
165,2902.58,3321.76,3084.51,3088.95,209.59,6B,2900,3320,3080,3090,190,230,210
166,2908.94,3364.24,3103.97,3109.34,227.65,6B,2910,3360,3100,3110,200,250,230
167,2915.37,3398.56,3123.24,3129.74,241.595,6B,2920,3400,3120,3130,210,270,240
168,2921.87,3444.15,3139.53,3150.14,261.14,6B,2920,3440,3140,3150,230,290,260
169,2928.73,3499.37,3156.47,3170.54,285.32,6B,2930,3500,3160,3170,240,330,290
170,2935.03,3545.86,3175.34,3190.93,305.415,6B,2940,3550,3180,3190,250,360,310
171,2960.26,3567.75,3198.51,3214.41,303.745,6B,2960,3570,3200,3210,250,360,310
172,2978.01,3586.21,3223.62,3237.9,304.1,6B,2980,3590,3220,3240,260,350,310
173,2991.84,3614.34,3248.44,3261.38,311.25,6B,2990,3610,3250,3260,270,350,310
174,3002.74,3632.9,3271.07,3284.86,315.08,6B,3000,3630,3270,3280,280,350,320
175,3015.06,3669.6,3297.1,3308.34,327.27,6A,3020,3670,3300,3310,290,360,330
176,3029.55,3695.22,3320.59,3331.83,332.835,6A,3030,3700,3320,3330,300,370,340
177,3039.64,3733.06,3345.36,3355.31,346.71,6A,3040,3730,3350,3360,320,370,350
178,3051.93,3778.37,3366.09,3378.79,363.22,6A,3050,3780,3370,3380,330,400,370
179,3059.01,3822.69,3387.24,3402.27,381.84,6A,3060,3820,3390,3400,340,420,380
180,3069.64,3872.12,3407.88,3425.76,401.24,6A,3070,3870,3410,3430,360,440,400
181,3096.11,3887.68,3431.65,3449.13,395.785,6A,3100,3890,3430,3450,350,440,400
182,3116.19,3904.57,3456.8,3472.51,394.19,6A,3120,3900,3460,3470,350,430,390
183,3133.81,3922.62,3482.97,3495.88,394.405,6A,3130,3920,3480,3500,370,420,400
184,3149.49,3937.07,3507.07,3519.26,393.79,6A,3150,3940,3510,3520,370,420,400
185,3162.4,3949.65,3531.4,3542.64,393.625,6A,3160,3950,3530,3540,380,410,400
186,3176.2,3964.3,3556.59,3566.01,394.05,6A,3180,3960,3560,3570,390,390,390
187,3185.86,3990.76,3580.7,3589.39,402.45,6A,3190,3990,3580,3590,400,400,400
188,3196.65,4017.89,3604.78,3612.77,410.62,6A,3200,4020,3600,3610,410,410,410
189,3209.4,4042.42,3628.88,3636.14,416.51,6A,3210,4040,3630,3640,430,400,420
190,3221.49,4074.41,3657.87,3659.52,426.46,6A,3220,4070,3660,3660,440,410,430
191,3270.53,4091.5,3682.85,3685.49,410.485,6A,3270,4090,3680,3690,420,400,410
192,3308.5,4104.49,3709.6,3711.46,397.995,6A,3310,4100,3710,3710,400,390,400
193,3350.39,4125.72,3736.68,3737.44,387.665,6A,3350,4130,3740,3740,390,390,390
194,3381.04,4148.23,3764.42,3763.41,383.595,6A,3380,4150,3760,3760,380,390,390
195,3403.79,4171.55,3792.63,3789.38,383.88,6A,3400,4170,3790,3790,390,380,390
196,3425.49,4191.64,3818.75,3815.35,383.075,6A,3430,4190,3820,3820,390,370,380
197,3447.27,4221.41,3844.18,3841.33,387.07,6A,3450,4220,3840,3840,390,380,390
198,3465.61,4251.97,3872.57,3867.3,393.18,6A,3470,4250,3870,3870,400,380,390
199,3482.28,4281.17,3896.57,3893.27,399.445,6A,3480,4280,3900,3890,410,390,400
200,3498.09,4319.65,3920.46,3919.24,410.78,6A,3500,4320,3920,3920,420,400,410
201,3523.74,4323.11,3948.43,3941.61,399.685,6A,3520,4320,3950,3940,420,380,400
202,3549.71,4334.11,3971.18,3963.98,392.2,6A,3550,4330,3970,3960,410,370,390
203,3575.64,4345.32,3993.43,3986.34,384.84,6A,3580,4350,3990,3990,410,360,390
204,3598.73,4359.83,4017.82,4008.71,380.55,6A,3600,4360,4020,4010,410,350,380
205,3620.24,4372.39,4042.2,4031.08,376.075,6A,3620,4370,4040,4030,410,340,380
206,3640.3,4388.04,4067.24,4053.45,373.87,6A,3640,4390,4070,4050,410,340,380
207,3658,4408.06,4090.61,4075.81,375.03,6A,3660,4410,4090,4080,420,330,380
208,3676.31,4424.17,4115.74,4098.18,373.93,6A,3680,4420,4120,4100,420,320,370
209,3696.02,4443.7,4141.15,4120.55,373.84,6A,3700,4440,4140,4120,420,320,370
210,3708.62,4472.08,4166.89,4142.91,381.73,6A,3710,4470,4170,4140,430,330,380
211,3775,4478.3,4192.1,4169.16,351.65,6A,3780,4480,4190,4170,390,310,350
212,3820.84,4482.51,4215.94,4195.41,330.835,6A,3820,4480,4220,4200,380,280,330
213,3877.44,4486.8,4240.41,4221.66,304.68,6A,3880,4490,4240,4220,340,270,310
214,3931.3,4495.26,4265.41,4247.9,281.98,6A,3930,4500,4270,4250,320,250,290
215,3974.56,4504.5,4289.61,4274.15,264.97,6A,3970,4500,4290,4270,300,230,270
216,4014.91,4513.76,4314.39,4300.4,249.425,6A,4010,4510,4310,4300,290,210,250
217,4052.36,4524.65,4338.69,4326.64,236.145,6A,4050,4520,4340,4330,280,190,240
218,4075.4,4538.52,4365.51,4352.89,231.56,6A,4080,4540,4370,4350,270,190,230
219,4097.48,4551.62,4392.17,4379.14,227.07,6A,4100,4550,4390,4380,280,170,230
220,4111.99,4580.62,4419.36,4405.38,234.315,6A,4110,4580,4420,4410,300,170,240
221,4153.38,4585.78,4429.01,4419.74,216.2,6A,4150,4590,4430,4420,270,170,220
222,4183.36,4590.84,4438.43,4434.09,203.74,6A,4180,4590,4440,4430,250,160,210
223,4215.2,4597.08,4448.79,4448.45,190.94,6A,4220,4600,4450,4450,230,150,190
224,4244.4,4604.41,4460.44,4462.81,180.005,6A,4240,4600,4460,4460,220,140,180
225,4264.32,4611.26,4472.15,4477.16,173.47,6A,4260,4610,4470,4480,220,130,180
226,4282.94,4619.92,4485.68,4491.52,168.49,6A,4280,4620,4490,4490,210,130,170
227,4304.97,4635.11,4504.94,4505.87,165.07,6A,4300,4640,4500,4510,210,130,170
228,4320.42,4654.01,4523.31,4520.23,166.795,6A,4320,4650,4520,4520,200,130,170
229,4330.23,4678.27,4538.43,4534.58,174.02,6A,4330,4680,4540,4530,200,150,180
230,4348.44,4706.18,4551.72,4548.94,178.87,6A,4350,4710,4550,4550,200,160,180
231,4360.03,4713.63,4559.62,4557.78,176.8,6A,4360,4710,4560,4560,200,150,180
232,4378.66,4718.7,4568.2,4566.61,170.02,6A,4380,4720,4570,4570,190,150,170
233,4388.92,4724.36,4578.24,4575.45,167.72,6A,4390,4720,4580,4580,190,140,170
234,4402.78,4731.74,4587.55,4584.29,164.48,6A,4400,4730,4590,4580,180,150,170
235,4415.63,4740.39,4596.3,4593.13,162.38,6A,4420,4740,4600,4590,170,150,160
236,4426.93,4747.92,4604.65,4601.97,160.495,6A,4430,4750,4600,4600,170,150,160
237,4438.1,4757.04,4612.98,4610.81,159.47,6A,4440,4760,4610,4610,170,150,160
238,4454.41,4767.76,4620.73,4619.64,156.675,6A,4450,4770,4620,4620,170,150,160
239,4465.53,4779.14,4628.96,4628.48,156.805,6A,4470,4780,4630,4630,160,150,160
240,4473.33,4794.44,4637.2,4637.32,160.555,6A,4470,4790,4640,4640,170,150,160
241,4490.52,4797.63,4644.87,4645.9,153.555,6A,4490,4800,4640,4650,160,150,160
242,4507.77,4801.56,4653.26,4654.49,146.895,6A,4510,4800,4650,4650,140,150,150
243,4517.12,4805.08,4661.07,4663.07,143.98,6A,4520,4810,4660,4660,140,150,150
244,4526.85,4808.53,4669.9,4671.65,140.84,6A,4530,4810,4670,4670,140,140,140
245,4537.56,4812.48,4679.5,4680.24,137.46,6A,4540,4810,4680,4680,140,130,140
246,4550.08,4816.72,4688.51,4688.82,133.32,6A,4550,4820,4690,4690,140,130,140
247,4561.87,4822.87,4697.78,4697.4,130.5,6A,4560,4820,4700,4700,140,120,130
248,4567.13,4828.59,4706.52,4705.99,130.73,6A,4570,4830,4710,4710,140,120,130
249,4574.98,4835.55,4715.73,4714.57,130.285,6A,4570,4840,4720,4710,140,130,140
250,4580.13,4844.06,4724.78,4723.15,131.965,6A,4580,4840,4720,4720,140,120,130
251,4591.4,4853.67,4735.64,4733.53,131.135,6A,4590,4850,4740,4730,140,120,130
252,4602.75,4865.58,4745.75,4743.91,131.415,6A,4600,4870,4750,4740,140,130,140
253,4609.84,4884.55,4755.97,4754.29,137.355,6A,4610,4880,4760,4750,140,130,140
254,4617.95,4904.29,4764.66,4764.67,143.17,6A,4620,4900,4760,4760,140,140,140
255,4624.97,4921.58,4774.72,4775.05,148.305,6A,4620,4920,4770,4780,160,140,150
256,4629.86,4943.13,4784.55,4785.43,156.635,6A,4630,4940,4780,4790,160,150,160
257,4636.26,4966.55,4794.46,4795.81,165.145,6A,4640,4970,4790,4800,160,170,170
258,4640.77,4990.43,4804.64,4806.19,174.83,6A,4640,4990,4800,4810,170,180,180
259,4645.63,5015.12,4814.77,4816.57,184.745,6A,4650,5020,4810,4820,170,200,190
260,4648.81,5042.53,4823.98,4826.95,196.86,6A,4650,5040,4820,4830,180,210,200
261,4660.02,5048.14,4834.64,4837.71,194.06,6A,4660,5050,4830,4840,180,210,200
262,4674.65,5057.44,4846.26,4848.47,191.395,6A,4670,5060,4850,4850,180,210,200
263,4683.23,5064.67,4856.77,4859.24,190.72,6A,4680,5060,4860,4860,180,200,190
264,4690.99,5076.89,4867.47,4870,192.95,6A,4690,5080,4870,4870,180,210,200
265,4695.02,5088.54,4875.87,4880.77,196.76,6A,4700,5090,4880,4880,180,210,200
266,4702.4,5099.98,4886.36,4891.53,198.79,6A,4700,5100,4890,4890,190,210,200
267,4707.59,5118.85,4896.26,4902.29,205.63,6A,4710,5120,4900,4900,190,220,210
268,4711.72,5138.71,4906.16,4913.06,213.495,6A,4710,5140,4910,4910,200,230,220
269,4716.61,5155.3,4917.06,4923.82,219.345,6A,4720,5160,4920,4920,200,240,220
270,4720.91,5177.94,4927.46,4934.59,228.515,6A,4720,5180,4930,4930,210,250,230
271,4733.02,5184.35,4938.07,4944.24,225.665,6A,4730,5180,4940,4940,210,240,230
272,4741.13,5191.45,4948.57,4953.9,225.16,6A,4740,5190,4950,4950,210,240,230
273,4748.99,5198.03,4956.7,4963.55,224.52,6A,4750,5200,4960,4960,210,240,230
274,4759.89,5206.29,4966.67,4973.21,223.2,6A,4760,5210,4970,4970,210,240,230
275,4767.48,5215.71,4977.29,4982.86,224.115,6A,4770,5220,4980,4980,210,240,230
276,4774.64,5224.57,4988.48,4992.52,224.965,6A,4770,5220,4990,4990,220,230,230
277,4782.85,5230.53,4998.92,5002.17,223.84,6A,4780,5230,5000,5000,220,230,230
278,4788.56,5243.17,5009.64,5011.83,227.305,6A,4790,5240,5010,5010,220,230,230
279,4793.6,5255.37,5020.26,5021.48,230.885,6A,4790,5260,5020,5020,230,240,240
280,4797.67,5267.33,5029.22,5031.14,234.83,6A,4800,5270,5030,5030,230,240,240
281,4812.25,5274.94,5040.67,5042.1,231.345,6A,4810,5270,5040,5040,230,230,230
282,4822.71,5282.91,5050.12,5053.07,230.1,6A,4820,5280,5050,5050,230,230,230
283,4834.33,5293.92,5060.55,5064.04,229.795,6A,4830,5290,5060,5060,230,230,230
284,4846.47,5310.07,5071.78,5075,231.8,6A,4850,5310,5070,5080,230,230,230
285,4855.29,5321.02,5084.06,5085.97,232.865,6A,4860,5320,5080,5090,230,230,230
286,4860.16,5331.26,5095.07,5096.94,235.55,6A,4860,5330,5100,5100,240,230,240
287,4868.57,5341.69,5106.24,5107.91,236.56,6A,4870,5340,5110,5110,240,230,240
288,4873.26,5354.05,5118.23,5118.87,240.395,6A,4870,5350,5120,5120,250,230,240
289,4877.26,5368.06,5131.09,5129.84,245.4,6A,4880,5370,5130,5130,250,240,250
290,4884.48,5381.93,5140.38,5140.81,248.725,6A,4880,5380,5140,5140,260,240,250
291,4903.85,5385.22,5150.08,5151.26,240.685,6A,4900,5390,5150,5150,250,240,250
292,4919.23,5396.14,5160.35,5161.71,238.455,6A,4920,5400,5160,5160,240,240,240
293,4931.04,5405.7,5171.32,5172.16,237.33,6A,4930,5410,5170,5170,240,240,240
294,4944.35,5416.07,5180.88,5182.61,235.86,6A,4940,5420,5180,5180,240,240,240
295,4959.37,5422.09,5191.51,5193.06,231.36,6A,4960,5420,5190,5190,230,230,230
296,4972.11,5436.08,5202.11,5203.51,231.985,6A,4970,5440,5200,5200,230,240,240
297,4984.67,5449.23,5213.8,5213.96,232.28,6A,4980,5450,5210,5210,230,240,240
298,4993.23,5460.9,5224,5224.41,233.835,6A,4990,5460,5220,5220,230,240,240
299,5000.23,5474.01,5235.14,5234.86,236.89,6A,5000,5470,5240,5230,230,240,240
300,5007.31,5484.25,5245.4,5245.31,238.47,6A,5010,5480,5250,5250,240,230,240
301,5029.71,5491.4,5255.03,5255.31,230.845,6A,5030,5490,5260,5260,230,230,230
302,5045.39,5496.05,5264.49,5265.3,225.33,6A,5050,5500,5260,5270,220,230,230
303,5057.52,5504.8,5273.58,5275.29,223.64,6A,5060,5500,5270,5280,220,220,220
304,5072.65,5511.98,5284.47,5285.29,219.665,6A,5070,5510,5280,5290,220,220,220
305,5079.56,5517.98,5294.79,5295.28,219.21,6A,5080,5520,5290,5300,220,220,220
306,5092.94,5527.16,5304.01,5305.27,217.11,6A,5090,5530,5300,5310,220,220,220
307,5106.17,5533.53,5314.67,5315.27,213.68,6A,5110,5530,5310,5320,210,210,210
308,5113.75,5545.18,5324.65,5325.26,215.715,6A,5110,5550,5320,5330,220,220,220
309,5120.78,5549.96,5334.65,5335.25,214.59,6A,5120,5550,5330,5340,220,210,220
310,5128.18,5562.94,5344.64,5345.25,217.38,6A,5130,5560,5340,5350,220,210,220
311,5151.17,5570.42,5353.43,5355.73,209.625,6A,5150,5570,5350,5360,210,210,210
312,5177.62,5575.3,5361.78,5366.22,198.84,6A,5180,5580,5360,5370,190,210,200
313,5202.78,5582.48,5370.94,5376.7,189.85,6A,5200,5580,5370,5380,180,200,190
314,5218.44,5589.08,5380.34,5387.19,185.32,6A,5220,5590,5380,5390,170,200,190
315,5236.71,5596.29,5389.59,5397.67,179.79,6A,5240,5600,5390,5400,160,200,180
316,5252.35,5605.38,5398.84,5408.16,176.515,6A,5250,5610,5400,5410,160,200,180
317,5268.1,5611.38,5407.94,5418.64,171.64,6A,5270,5610,5410,5420,150,190,170
318,5284.3,5624.37,5417.43,5429.13,170.035,6A,5280,5620,5420,5430,150,190,170
319,5295.91,5636.64,5426.31,5439.62,170.365,6A,5300,5640,5430,5440,140,200,170
320,5306.78,5646.64,5436.79,5450.1,169.93,6A,5310,5650,5440,5450,140,200,170
321,5330.17,5673.49,5474.57,5487.39,171.66,6A,5330,5670,5470,5490,160,180,170
322,5341.25,5739.72,5513.16,5524.68,199.235,6A,5340,5740,5510,5520,180,220,200
323,5362.86,5802.76,5550.84,5561.98,219.95,6A,5360,5800,5550,5560,200,240,220
324,5375.19,5881.23,5584.76,5599.27,253.02,5C,5380,5880,5580,5600,220,280,250
325,5386.93,5954.91,5618.47,5636.56,283.99,5C,5390,5950,5620,5640,250,310,280
326,5400.37,6029.68,5650.7,5673.85,314.655,5C,5400,6030,5650,5670,270,360,320
327,5407.2,6114.64,5680.69,5711.14,353.72,5C,5410,6110,5680,5710,300,400,350
328,5417.11,6205.93,5713.13,5748.44,394.41,5C,5420,6210,5710,5750,330,460,400
329,5423.87,6297.97,5746.49,5785.73,437.05,5C,5420,6300,5750,5790,370,510,440
330,5431.74,6388,5777.26,5823.02,478.13,5C,5430,6390,5780,5820,390,570,480
331,5474.33,6413.58,5823.2,5862.62,469.625,5C,5470,6410,5820,5860,390,550,470
332,5504.27,6447.73,5866.89,5902.22,471.73,5C,5500,6450,5870,5900,400,550,480
333,5526.01,6478.19,5911.93,5941.82,476.09,5C,5530,6480,5910,5940,410,540,480
334,5544.98,6508.79,5958.75,5981.42,481.905,5C,5540,6510,5960,5980,440,530,490
335,5567.9,6545.25,6008.68,6021.02,488.675,5C,5570,6550,6010,6020,450,530,490
336,5590.23,6584.62,6052.95,6060.62,497.195,5C,5590,6580,6050,6060,470,520,500
337,5606.91,6634.8,6097.59,6100.22,513.945,5C,5610,6630,6100,6100,490,530,510
338,5623.28,6700.69,6141.59,6139.82,538.705,5C,5620,6700,6140,6140,520,560,540
339,5638.27,6758.56,6186.62,6179.42,560.145,5C,5640,6760,6190,6180,540,580,560
340,5645.06,6826.05,6229.64,6219.02,590.495,5C,5650,6830,6230,6220,570,610,590
341,5697.4,6840.07,6260.64,6256.65,571.335,5C,5700,6840,6260,6260,560,580,570
342,5736.65,6850.14,6302.82,6294.27,556.745,5C,5740,6850,6300,6290,550,560,560
343,5775.49,6857.99,6342.41,6331.9,541.25,5C,5780,6860,6340,6330,550,530,540
344,5816.35,6867.82,6385.66,6369.52,525.735,5C,5820,6870,6390,6370,550,500,530
345,5849.63,6884.3,6427.47,6407.15,517.335,5C,5850,6880,6430,6410,560,470,520
346,5879.38,6900.89,6468.74,6444.77,510.755,5C,5880,6900,6470,6440,560,460,510
347,5911.7,6921.9,6512.3,6482.4,505.1,5C,5910,6920,6510,6480,570,440,510
348,5940.83,6945.58,6553.23,6520.03,502.375,5C,5940,6950,6550,6520,580,430,510
349,5964.76,6969.72,6592.18,6557.65,502.48,5C,5960,6970,6590,6560,600,410,510
350,5987.54,7010.28,6631.29,6595.28,511.37,5C,5990,7010,6630,6600,610,410,510
351,6071.82,7021.37,6657.77,6628.02,474.775,5C,6070,7020,6660,6630,560,390,480
352,6159.21,7029.41,6684.56,6660.77,435.1,5C,6160,7030,6680,6660,500,370,440
353,6233.42,7040.52,6713.51,6693.52,403.55,5C,6230,7040,6710,6690,460,350,410
354,6303.46,7055.03,6746,6726.27,375.785,5C,6300,7060,6750,6730,430,330,380
355,6365.89,7070.86,6775.39,6759.02,352.485,5C,6370,7070,6780,6760,390,310,350
356,6425.23,7090.11,6806.03,6791.77,332.44,5C,6430,7090,6810,6790,360,300,330
357,6470.78,7109.85,6837.93,6824.52,319.535,5C,6470,7110,6840,6820,350,290,320
358,6506.81,7128.97,6869.34,6857.27,311.08,5C,6510,7130,6870,6860,350,270,310
359,6544.95,7156.26,6905.05,6890.01,305.655,5C,6540,7160,6910,6890,350,270,310
360,6571.01,7187.69,6938.56,6922.76,308.34,5C,6570,7190,6940,6920,350,270,310
361,6638.72,7195.72,6961.95,6951.95,278.5,5C,6640,7200,6960,6950,310,250,280
362,6712.17,7205.23,6985.39,6981.13,246.53,5C,6710,7210,6990,6980,270,230,250
363,6771.12,7214.75,7010.75,7010.31,221.815,5C,6770,7210,7010,7010,240,200,220
364,6821.51,7226.7,7034.04,7039.49,202.595,5C,6820,7230,7030,7040,220,190,210
365,6862.21,7242,7059.35,7068.68,189.895,5C,6860,7240,7060,7070,210,170,190
366,6900.72,7260.87,7088.57,7097.86,180.075,5C,6900,7260,7090,7100,200,160,180
367,6923.66,7304.48,7118.08,7127.04,190.41,5C,6920,7300,7120,7130,210,170,190
368,6954.55,7349.91,7149.83,7156.23,197.68,5C,6950,7350,7150,7160,210,190,200
369,6971.01,7406.3,7181.17,7185.41,217.645,5C,6970,7410,7180,7190,220,220,220
370,6987.91,7466.37,7209.82,7214.59,239.23,5C,6990,7470,7210,7210,220,260,240
371,7004.14,7479.96,7228.91,7233.64,237.91,5C,7000,7480,7230,7230,230,250,240
372,7024.02,7495.07,7250.17,7252.69,235.525,5C,7020,7500,7250,7250,230,250,240
373,7038.69,7516.89,7268.9,7271.74,239.1,5C,7040,7520,7270,7270,230,250,240
374,7051.82,7542.42,7289.11,7290.78,245.3,5C,7050,7540,7290,7290,240,250,250
375,7064.43,7568.73,7308.32,7309.83,252.15,5C,7060,7570,7310,7310,250,260,260
376,7074.27,7600.67,7326.82,7328.88,263.2,5C,7070,7600,7330,7330,260,270,270
377,7085.16,7632.23,7345.05,7347.93,273.535,5C,7090,7630,7350,7350,260,280,270
378,7091.6,7671.55,7363.63,7366.98,289.975,5B,7090,7670,7360,7370,280,300,290
379,7097.93,7713.19,7380.35,7386.02,307.63,5B,7100,7710,7380,7390,290,320,310
380,7106.03,7749.65,7396.96,7405.07,321.81,5B,7110,7750,7400,7410,300,340,320
381,7130.17,7760.98,7415.45,7422.91,315.405,5B,7130,7760,7420,7420,290,340,320
382,7153.06,7769.81,7436.45,7440.75,308.375,5B,7150,7770,7440,7440,290,330,310
383,7167.66,7784.63,7452.61,7458.59,308.485,5B,7170,7780,7450,7460,290,320,310
384,7184.74,7800.46,7472.96,7476.43,307.86,5B,7180,7800,7470,7480,300,320,310
385,7201.85,7815.84,7492.04,7494.28,306.995,5B,7200,7820,7490,7490,290,330,310
386,7212.13,7828.67,7509.19,7512.12,308.27,5B,7210,7830,7510,7510,300,320,310
387,7224.01,7845.22,7528.79,7529.96,310.605,5B,7220,7850,7530,7530,310,320,320
388,7233.98,7865.34,7546.41,7547.8,315.68,5B,7230,7870,7550,7550,320,320,320
389,7242.3,7890.73,7564.89,7565.64,324.215,5B,7240,7890,7560,7570,330,320,330
390,7249.69,7917.47,7583.12,7583.48,333.89,5B,7250,7920,7580,7580,330,340,340
391,7281.71,7926.4,7603.16,7603.15,322.345,5B,7280,7930,7600,7600,320,330,330
392,7309.93,7934.49,7620.44,7622.82,312.28,5B,7310,7930,7620,7620,310,310,310
393,7336.56,7943.99,7640.66,7642.49,303.715,5B,7340,7940,7640,7640,300,300,300
394,7359.87,7956.24,7664.55,7662.15,298.185,5B,7360,7960,7660,7660,300,300,300
395,7379.45,7968.29,7685.6,7681.82,294.42,5B,7380,7970,7690,7680,300,290,300
396,7396.68,7982.71,7707.74,7701.49,293.015,5B,7400,7980,7710,7700,300,280,290
397,7410.79,7995.9,7729.97,7721.16,292.555,5B,7410,8000,7730,7720,310,280,300
398,7423.04,8019.93,7750.16,7740.83,298.445,5B,7420,8020,7750,7740,320,280,300
399,7434.2,8044.03,7770.62,7760.5,304.915,5B,7430,8040,7770,7760,330,280,310
400,7448.33,8073.11,7789.39,7780.17,312.39,5B,7450,8070,7790,7780,330,290,310
401,7483.58,8080.16,7806.87,7798.86,298.29,5B,7480,8080,7810,7800,320,280,300
402,7518.26,8089.71,7824.38,7817.55,285.725,5B,7520,8090,7820,7820,300,270,290
403,7542.9,8098.79,7843.19,7836.24,277.945,5B,7540,8100,7840,7840,300,260,280
404,7570.87,8109.43,7860.67,7854.93,269.28,5B,7570,8110,7860,7850,280,260,270
405,7595.41,8117.88,7880.28,7873.62,261.235,5B,7600,8120,7880,7870,270,250,260
406,7615.18,8124.98,7899.41,7892.31,254.9,5B,7620,8120,7900,7890,270,230,250
407,7634.45,8141.43,7919.95,7911,253.49,5B,7630,8140,7920,7910,280,230,260
408,7650.03,8155.99,7940.77,7929.69,252.98,5B,7650,8160,7940,7930,280,230,260
409,7661.54,8171.35,7961.4,7948.38,254.905,5B,7660,8170,7960,7950,290,220,260
410,7673.19,8192.14,7983.26,7967.07,259.475,5B,7670,8190,7980,7970,300,220,260
411,7751.74,8212.07,8006.72,7997.26,230.165,5B,7750,8210,8010,8000,250,210,230
412,7825.04,8234.09,8031.27,8027.45,204.525,5B,7830,8230,8030,8030,200,200,200
413,7888.84,8253.12,8058.55,8057.64,182.14,5B,7890,8250,8060,8060,170,190,180
414,7944.71,8268.64,8088.71,8087.83,161.965,5B,7940,8270,8090,8090,150,180,170
415,7982.84,8297.41,8118,8118.02,157.285,5B,7980,8300,8120,8120,140,180,160
416,8006.58,8327.27,8148.05,8148.21,160.345,5B,8010,8330,8150,8150,140,180,160
417,8026.18,8361.71,8175.28,8178.4,167.765,5B,8030,8360,8180,8180,150,180,170
418,8036.88,8410.66,8200.27,8208.6,186.89,5B,8040,8410,8200,8210,170,200,190
419,8050.77,8468.6,8227.76,8238.79,208.915,5B,8050,8470,8230,8240,190,230,210
420,8061.09,8537.52,8255.97,8268.98,238.215,5B,8060,8540,8260,8270,210,270,240
421,8107.41,8547.25,8287.5,8300.51,219.92,5B,8110,8550,8290,8300,190,250,220
422,8150.15,8560.78,8318.72,8332.05,205.315,5B,8150,8560,8320,8330,180,230,210
423,8192.36,8576.85,8351.26,8363.59,192.245,5B,8190,8580,8350,8360,170,220,200
424,8233.13,8598.64,8385.19,8395.12,182.755,5B,8230,8600,8390,8400,170,200,190
425,8262.96,8624.9,8419.76,8426.66,180.97,5B,8260,8620,8420,8430,170,190,180
426,8292.5,8659.44,8453.56,8458.2,183.47,5B,8290,8660,8450,8460,170,200,190
427,8313.98,8695.83,8485.56,8489.73,190.925,5B,8310,8700,8490,8490,180,210,200
428,8330.82,8743.94,8518.54,8521.27,206.56,5B,8330,8740,8520,8520,190,220,210
429,8346.39,8791.65,8550.18,8552.81,222.63,5B,8350,8790,8550,8550,200,240,220
430,8366.81,8845.44,8582.63,8584.34,239.315,5B,8370,8850,8580,8580,210,270,240
431,8413.71,8863.3,8602.24,8608.88,224.795,5B,8410,8860,8600,8610,200,250,230
432,8437.69,8890.79,8623.17,8633.41,226.55,5B,8440,8890,8620,8630,190,260,230
433,8454.23,8922.19,8648.35,8657.95,233.98,5B,8450,8920,8650,8660,210,260,240
434,8468.07,8957.63,8674.67,8682.49,244.78,5B,8470,8960,8670,8680,210,280,250
435,8478.81,8995.08,8697.91,8707.02,258.135,5B,8480,9000,8700,8710,230,290,260
436,8488.85,9032.62,8719.32,8731.56,271.885,5B,8490,9030,8720,8730,240,300,270
437,8499.83,9083.42,8740.59,8756.09,291.795,5B,8500,9080,8740,8760,260,320,290
438,8506.56,9141.96,8761.7,8780.63,317.7,5B,8510,9140,8760,8780,270,360,320
439,8517.07,9201.45,8782.3,8805.16,342.19,5B,8520,9200,8780,8810,290,390,340
440,8523.54,9264.71,8802.94,8829.7,370.585,5B,8520,9260,8800,8830,310,430,370
441,8544.28,9282.62,8825.08,8852.46,369.17,5B,8540,9280,8830,8850,310,430,370
442,8558.16,9302.76,8847.88,8875.23,372.3,5B,8560,9300,8850,8880,320,420,370
443,8570.96,9325.29,8870.47,8898,377.165,5B,8570,9330,8870,8900,330,430,380
444,8582.36,9348.76,8890.94,8920.77,383.2,5B,8580,9350,8890,8920,340,430,390
445,8591.09,9369.82,8911.84,8943.54,389.365,5B,8590,9370,8910,8940,350,430,390
446,8602.39,9401.14,8933.73,8966.31,399.375,5B,8600,9400,8930,8970,370,430,400
447,8611.53,9452.31,8954.7,8989.08,420.39,5B,8610,9450,8950,8990,380,460,420
448,8620.18,9502.53,8974.21,9011.85,441.175,5B,8620,9500,8970,9010,390,490,440
449,8628.4,9559.06,8993.76,9034.62,465.33,5B,8630,9560,8990,9030,400,530,470
450,8638.48,9621.88,9014.3,9057.39,491.7,5B,8640,9620,9010,9060,420,560,490
451,8674.06,9692.72,9064.25,9112.39,509.33,5B,8670,9690,9060,9110,440,580,510
452,8712.35,9794.77,9114.92,9167.39,541.21,5B,8710,9790,9110,9170,460,620,540
453,8735.11,9937.42,9164.8,9222.39,601.155,5B,8740,9940,9160,9220,480,720,600
454,8757.69,10111.19,9218.91,9277.4,676.75,5B,8760,10110,9220,9280,520,830,680
455,8779.97,10285.77,9263.89,9332.4,752.9,5B,8780,10290,9260,9330,550,960,760
456,8798.88,10486.22,9312.25,9387.4,843.67,5B,8800,10490,9310,9390,590,1100,850
457,8811.12,10662.46,9360.13,9442.4,925.67,5B,8810,10660,9360,9440,630,1220,930
458,8821.06,10854.32,9409.77,9497.4,1016.63,5B,8820,10850,9410,9500,680,1350,1020
459,8842.07,11042.59,9452.16,9552.4,1100.26,5B,8840,11040,9450,9550,710,1490,1100
460,8856.66,11233.76,9499.18,9607.4,1188.55,5B,8860,11230,9500,9610,750,1620,1190
461,8865.96,11426.37,9545.41,9662.41,1280.205,5B,8870,11430,9550,9660,790,1770,1280
462,8874.17,11619.23,9587.33,9717.41,1372.53,5B,8870,11620,9590,9720,850,1900,1380
463,8881.85,11822.16,9630.02,9772.41,1470.155,5B,8880,11820,9630,9770,890,2050,1470
464,8890.35,12026.24,9674.29,9827.41,1567.945,5B,8890,12030,9670,9830,940,2200,1570
465,8902.67,12228.28,9716.71,9882.41,1662.805,5B,8900,12230,9720,9880,980,2350,1670
466,8912.8,12432.91,9760.26,9937.41,1760.055,5B,8910,12430,9760,9940,1030,2490,1760
467,8926.22,12621.7,9801.37,9992.42,1847.74,5B,8930,12620,9800,9990,1060,2630,1850
468,8937.23,12808.62,9840.44,10047.42,1935.695,5B,8940,12810,9840,10050,1110,2760,1940
469,8947.39,12997.41,9883.91,10102.42,2025.01,5B,8950,13000,9880,10100,1150,2900,2030
470,8961.26,13196.55,9923.15,10157.42,2117.645,5B,8960,13200,9920,10160,1200,3040,2120
471,20664.01,21685.91,21264.99,21230.77,510.95,1,20660,21690,21260,21230,570,460,520
472,20748.87,21706.64,21297.19,21269.43,478.885,1,20750,21710,21300,21270,520,440,480
473,20833.3,21730.01,21330.47,21308.08,448.355,1,20830,21730,21330,21310,480,420,450
474,20904.3,21760.66,21365.35,21346.74,428.18,1,20900,21760,21370,21350,450,410,430
475,20955.87,21796.09,21401.05,21385.39,420.11,1,20960,21800,21400,21390,430,410,420
476,20992.1,21835.57,21438.24,21424.05,421.735,1,20990,21840,21440,21420,430,420,430
477,21016.91,21884.12,21475.69,21462.7,433.605,1,21020,21880,21480,21460,440,420,430
478,21040.52,21940.75,21513.01,21501.36,450.115,1,21040,21940,21510,21500,460,440,450
479,21060.82,22007.13,21547.2,21540.01,473.155,1,21060,22010,21550,21540,480,470,480
480,21077.57,22077.8,21578.43,21578.67,500.115,1,21080,22080,21580,21580,500,500,500
481,21358.84,22146.82,21734.98,21740.88,393.99,1,21360,22150,21730,21740,380,410,400
482,21560.51,22212.03,21904.6,21903.1,325.76,1,21560,22210,21900,21900,340,310,330
483,21673.2,22318.09,22086.67,22065.31,322.445,1,21670,22320,22090,22070,400,250,330
484,21753.7,22497.4,22262.74,22227.53,371.85,1,21750,22500,22260,22230,480,270,380
485,21818.29,22766.84,22420.67,22389.74,474.275,1,21820,22770,22420,22390,570,380,480
486,21896.79,23052.73,22565.61,22551.96,577.97,1,21900,23050,22570,22550,650,500,580
487,21948.84,23349.57,22714.29,22714.17,700.365,1,21950,23350,22710,22710,760,640,700
488,21996.69,23650.2,22868.63,22876.39,826.755,1,22000,23650,22870,22880,880,770,830
489,22045.29,23954.47,23018.93,23038.6,954.59,1,22050,23950,23020,23040,990,910,950
490,22098.37,24258.08,23178.97,23200.82,1079.855,1,22100,24260,23180,23200,1100,1060,1080
491,22192.68,24305.98,23243.51,23265.33,1056.65,1,22190,24310,23240,23270,1080,1040,1060
492,22258.48,24370.61,23305.19,23329.84,1056.065,1,22260,24370,23310,23330,1070,1040,1060
493,22300.91,24437.46,23358.94,23394.35,1068.275,1,22300,24440,23360,23390,1090,1050,1070
494,22369.95,24521.92,23422.47,23458.86,1075.985,1,22370,24520,23420,23460,1090,1060,1080
495,22405.98,24615.18,23488.59,23523.37,1104.6,1,22410,24620,23490,23520,1110,1100,1110
496,22437.55,24730.55,23551.45,23587.88,1146.5,1,22440,24730,23550,23590,1150,1140,1150
497,22478.77,24844.44,23618.86,23652.39,1182.835,1,22480,24840,23620,23650,1170,1190,1180
498,22513.41,24979.63,23689.33,23716.9,1233.11,1,22510,24980,23690,23720,1210,1260,1240
499,22541.75,25117.75,23760.26,23781.41,1288,1,22540,25120,23760,23780,1240,1340,1290
500,22561.82,25238.04,23828.66,23845.92,1338.11,1,22560,25240,23830,23850,1290,1390,1340
501,22623.03,25256.35,23870.24,23892.62,1316.66,1,22620,25260,23870,23890,1270,1370,1320
502,22680.75,25280.13,23913.06,23939.31,1299.69,1,22680,25280,23910,23940,1260,1340,1300
503,22729.42,25309.61,23953.93,23986.01,1290.095,1,22730,25310,23950,23990,1260,1320,1290
504,22800.37,25338.56,24007.47,24032.71,1269.095,1,22800,25340,24010,24030,1230,1310,1270
505,22855.24,25363.03,24060.2,24079.41,1253.895,1,22860,25360,24060,24080,1220,1280,1250
506,22895.79,25394.49,24106.55,24126.1,1249.35,1,22900,25390,24110,24130,1230,1260,1250
507,22928.86,25436.31,24157.7,24172.8,1253.725,1,22930,25440,24160,24170,1240,1270,1260
508,22956.52,25497.86,24197.21,24219.5,1270.67,1,22960,25500,24200,24220,1260,1280,1270
509,22983.54,25560.07,24243.04,24266.19,1288.265,1,22980,25560,24240,24270,1290,1290,1290
510,23033.15,25624.79,24297.44,24312.89,1295.82,1,23030,25620,24300,24310,1280,1310,1300
511,23091.45,25647.65,24340.92,24356.14,1278.1,1,23090,25650,24340,24360,1270,1290,1280
512,23142.52,25666.47,24379.11,24399.38,1261.975,1,23140,25670,24380,24400,1260,1270,1270
513,23200.06,25692.91,24419.06,24442.63,1246.425,1,23200,25690,24420,24440,1240,1250,1250
514,23255.47,25707.07,24467.74,24485.87,1225.8,1,23260,25710,24470,24490,1230,1220,1230
515,23294.78,25730.58,24514.48,24529.12,1217.9,1,23290,25730,24510,24530,1240,1200,1220
516,23339.9,25758.65,24560.34,24572.36,1209.375,1,23340,25760,24560,24570,1230,1190,1210
517,23374.82,25774.31,24608.14,24615.61,1199.745,1,23370,25770,24610,24620,1250,1150,1200
518,23412.26,25814.59,24657.9,24658.85,1201.165,1,23410,25810,24660,24660,1250,1150,1200
519,23451.76,25844.82,24708.72,24702.1,1196.53,1,23450,25840,24710,24700,1250,1140,1200
520,23471.52,25879.19,24764.16,24745.34,1203.835,1,23470,25880,24760,24750,1280,1130,1210
521,23554.68,25887.99,24798.67,24790.37,1166.655,1,23550,25890,24800,24790,1240,1100,1170
522,23635.15,25913.66,24841.41,24835.4,1139.255,1,23640,25910,24840,24840,1200,1070,1140
523,23672.82,25936.96,24888.39,24880.42,1132.07,1,23670,25940,24890,24880,1210,1060,1140
524,23712.95,25970.24,24938.49,24925.45,1128.645,1,23710,25970,24940,24930,1220,1040,1130
525,23760.82,26007.16,24993,24970.48,1123.17,1,23760,26010,24990,24970,1210,1040,1130
526,23819.18,26029.11,25037.63,25015.51,1104.965,1,23820,26030,25040,25020,1200,1010,1110
527,23865.39,26067.1,25091.65,25060.53,1100.855,1,23870,26070,25090,25060,1190,1010,1100
528,23891.47,26104.95,25141.45,25105.56,1106.74,1,23890,26100,25140,25110,1220,990,1110
529,23937.18,26142.97,25183.19,25150.59,1102.895,1,23940,26140,25180,25150,1210,990,1100
530,23980.07,26182.55,25231.01,25195.61,1101.24,1,23980,26180,25230,25200,1220,980,1100
531,24056.45,26204.33,25268.8,25242.16,1073.94,1,24060,26200,25270,25240,1180,960,1070
532,24130.24,26218.51,25324.55,25288.7,1044.135,1,24130,26220,25320,25290,1160,930,1050
533,24201.11,26238.14,25373.35,25335.24,1018.515,1,24200,26240,25370,25340,1140,900,1020
534,24260.74,26258.73,25417.32,25381.78,998.995,1,24260,26260,25420,25380,1120,880,1000
535,24324.51,26275.54,25462.68,25428.32,975.515,1,24320,26280,25460,25430,1110,850,980
536,24404.16,26298.91,25510.72,25474.86,947.375,1,24400,26300,25510,25470,1070,830,950
537,24461.56,26328.76,25556.64,25521.41,933.6,1,24460,26330,25560,25520,1060,810,940
538,24506.35,26358.98,25605.91,25567.95,926.315,1,24510,26360,25610,25570,1060,790,930
539,24567.09,26391.71,25647.28,25614.49,912.31,1,24570,26390,25650,25610,1040,780,910
540,24601.32,26448.96,25693.44,25661.03,923.82,1,24600,26450,25690,25660,1060,790,930
541,24703.59,26469.2,25739.96,25705.71,882.805,1,24700,26470,25740,25710,1010,760,890
542,24759.65,26485.25,25784.33,25750.38,862.8,1,24760,26490,25780,25750,990,740,870
543,24822.37,26495.75,25831.58,25795.06,836.69,1,24820,26500,25830,25800,980,700,840
544,24898.71,26514.95,25887.67,25839.74,808.12,1,24900,26510,25890,25840,940,670,810
545,24969.38,26531.56,25940.7,25884.41,781.09,1,24970,26530,25940,25880,910,650,780
546,25042.62,26553.27,25992.26,25929.09,755.325,1,25040,26550,25990,25930,890,620,760
547,25089.73,26573.27,26045.09,25973.76,741.77,1,25090,26570,26050,25970,880,600,740
548,25117.82,26590.63,26099.25,26018.44,736.405,1,25120,26590,26100,26020,900,570,740
549,25143.66,26623.58,26157.96,26063.12,739.96,1,25140,26620,26160,26060,920,560,740
550,25172.55,26666.6,26205.14,26107.79,747.025,1,25170,26670,26210,26110,940,560,750
551,25336.98,26677.43,26254.11,26168.74,670.225,1,25340,26680,26250,26170,830,510,670
552,25506.56,26691.65,26305.03,26229.69,592.545,1,25510,26690,26310,26230,720,460,590
553,25668.74,26707.71,26355.99,26290.64,519.485,1,25670,26710,26360,26290,620,420,520
554,25814.57,26730.5,26409.14,26351.58,457.965,1,25810,26730,26410,26350,540,380,460
555,25914.28,26777.18,26469.52,26412.53,431.45,1,25910,26780,26470,26410,500,370,440
556,25971.34,26844.12,26514.4,26473.48,436.39,1,25970,26840,26510,26470,500,370,440
557,26018.05,26937.35,26563.02,26534.43,459.65,1,26020,26940,26560,26530,510,410,460
558,26051.59,27060.69,26629.27,26595.38,504.55,1,26050,27060,26630,26600,550,460,510
559,26076.94,27195.06,26692.18,26656.33,559.06,1,26080,27200,26690,26660,580,540,560
560,26101.36,27328.79,26732.43,26717.27,613.715,1,26100,27330,26730,26720,620,610,620
561,26199.14,27405.25,26815.93,26800.41,603.055,1,26200,27410,26820,26800,600,610,610
562,26261.57,27483.9,26897.68,26883.55,611.165,1,26260,27480,26900,26880,620,600,610
563,26308.28,27592.29,26977.41,26966.68,642.005,1,26310,27590,26980,26970,660,620,640
564,26358.98,27743.64,27053.19,27049.82,692.33,1,26360,27740,27050,27050,690,690,690
565,26399.39,27884.7,27128.76,27132.95,742.655,1,26400,27880,27130,27130,730,750,740
566,26431.87,28052.86,27199.63,27216.09,810.495,1,26430,28050,27200,27220,790,830,810
567,26461.81,28224.48,27270.3,27299.23,881.335,1,26460,28220,27270,27300,840,920,880
568,26497.62,28385.71,27339.59,27382.36,944.045,1,26500,28390,27340,27380,880,1010,950
569,26520.95,28570.22,27409.72,27465.5,1024.635,1,26520,28570,27410,27470,950,1100,1030
570,26549.33,28764.22,27482.89,27548.64,1107.445,1,26550,28760,27480,27550,1000,1210,1110
571,26654.93,28799.35,27572.35,27636.81,1072.21,1,26650,28800,27570,27640,990,1160,1080
572,26757.15,28844.92,27670.36,27724.98,1043.885,1,26760,28840,27670,27720,960,1120,1040
573,26848.61,28897.07,27765.15,27813.16,1024.23,1,26850,28900,27770,27810,960,1090,1030
574,26898.23,28948.41,27872.69,27901.33,1025.09,1,26900,28950,27870,27900,1000,1050,1030
575,26946.21,29003.21,27984.68,27989.5,1028.5,1,26950,29000,27980,27990,1040,1010,1030
576,26994.5,29080.6,28094.12,28077.68,1043.05,1,26990,29080,28090,28080,1090,1000,1050
577,27052.41,29151.91,28200.32,28165.85,1049.75,1,27050,29150,28200,28170,1120,980,1050
578,27079.55,29230.83,28300.33,28254.02,1075.64,1,27080,29230,28300,28250,1170,980,1080
579,27101.57,29327.23,28397.79,28342.2,1112.83,1,27100,29330,28400,28340,1240,990,1120
580,27120.29,29460.2,28493.59,28430.37,1169.955,1,27120,29460,28490,28430,1310,1030,1170
581,27323.3,29489.46,28573.38,28517.18,1083.08,1,27320,29490,28570,28520,1200,970,1090
582,27527.66,29511.68,28647.83,28603.99,992.01,1,27530,29510,28650,28600,1070,910,990
583,27724.48,29539.67,28726.55,28690.81,907.595,1,27720,29540,28730,28690,970,850,910
584,27895.37,29566.2,28808.4,28777.62,835.415,1,27900,29570,28810,28780,880,790,840
585,28042.2,29599.19,28888.53,28864.43,778.495,1,28040,29600,28890,28860,820,740,780
586,28200.57,29632.01,28971.58,28951.24,715.72,1,28200,29630,28970,28950,750,680,720
587,28336.37,29669.3,29054.66,29038.05,666.465,1,28340,29670,29050,29040,700,630,670
588,28482.2,29718.99,29131.04,29124.86,618.395,1,28480,29720,29130,29120,640,600,620
589,28583.27,29785.79,29208.65,29211.67,601.26,1,28580,29790,29210,29210,630,580,610
590,28680.09,29869.8,29288.7,29298.48,594.855,1,28680,29870,29290,29300,620,570,600
591,28712.02,29933.58,29343.05,29348.81,610.78,1,28710,29930,29340,29350,640,580,610
592,28750.34,29992.54,29393.7,29399.14,621.1,1,28750,29990,29390,29400,650,590,620
593,28779.94,30077.13,29440.19,29449.47,648.595,1,28780,30080,29440,29450,670,630,650
594,28793.82,30180.95,29484.74,29499.79,693.565,1,28790,30180,29480,29500,710,680,700
595,28842.26,30302.99,29534.44,29550.12,730.365,1,28840,30300,29530,29550,710,750,730
596,28857.19,30419.8,29579.3,29600.45,781.305,1,28860,30420,29580,29600,740,820,780
597,28870.7,30563.19,29627.32,29650.78,846.245,1,28870,30560,29630,29650,780,910,850
598,28907.11,30686.2,29669.55,29701.1,889.545,1,28910,30690,29670,29700,790,990,890
599,28926.24,30839.53,29714.19,29751.43,956.645,1,28930,30840,29710,29750,820,1090,960
600,28942.89,30980.9,29757.33,29801.76,1019.005,1,28940,30980,29760,29800,860,1180,1020