LP08_Strat_depth,Mean_age,LP08_Ln(Fe/Mn),100-yr_PCHIP_age,LP08_Ln(Fe/Mn),LP08_Ln(Fe/Mn)_Z_score
cm,cal a BP,NA,cal a BP,NA,NA
5.8,118.54,3.544744647,120,3.5476,0.71036
6.1,127.62,3.572206339,130,3.5865,0.75116
6.3,133.67,3.603858623,140,3.5155,0.6637
6.6,142.75,3.483127646,150,3.4632,0.62373
6.9,151.83,3.45946629,160,3.4431,0.6291
7.2,160.9,3.442783415,170,3.5493,0.70366
7.5,169.98,3.54934763,180,3.5863,0.83869
7.7,176.04,3.536749678,190,3.6884,0.83861
8,185.11,3.669994191,200,3.6259,0.68011
8.3,194.19,3.694444299,210,3.5141,0.84643
8.6,203.27,3.57508844,220,3.6736,0.82228
8.8,209.33,3.511383779,230,3.6505,0.72663
9.1,218.4,3.687607459,240,3.5996,0.26095
9.3,224.46,3.606595762,250,3.138,0.73263
9.6,233.54,3.672822017,260,3.5764,0.62952
9.9,242.61,3.545238274,270,3.4672,0.59043
10.2,251.92,3.095289466,280,3.4255,0.61219
10.4,258.2,3.58316275,290,3.4513,0.68124
10.7,267.63,3.488167606,300,3.5574,0.66655
11,277.05,3.424012059,310,3.4543,0.64524
11.3,286.47,NaN,320,3.5193,0.75941
11.6,295.89,3.480213922,330,3.628,0.77647
11.8,302.18,3.58302572,340,3.5694,0.59496
12.1,311.6,3.443644072,350,3.4395,0.6549
12.4,321.02,3.530058215,360,3.4867,0.64112
12.7,330.44,3.628466327,370,3.5263,0.72385
13,339.86,3.571008209,380,3.5427,0.69494
13.2,346.15,3.40598296,390,3.4744,0.63221
13.5,355.57,3.497956417,400,3.3996,0.57272
13.8,364.99,3.473213999,410,3.6738,0.87733
14.1,374.41,3.570222875,420,3.6237,0.71848
14.4,383.84,3.513924316,430,3.4182,0.64885
14.6,390.12,3.473518043,440,3.2757,0.46564
14.9,399.54,3.392268751,450,3.2233,0.39468
15.1,405.82,3.872636761,460,3.9053,0.88081
15.4,415.24,3.394508394,470,3.3687,0.70103
15.6,421.53,3.663758865,480,3.4493,0.57106
15.9,430.95,3.395724342,490,3.4343,0.63285
16.1,437.23,3.301113923,500,3.2467,0.56657
16.5,449.79,3.222274299,510,3.2726,0.37458
16.8,459.22,3.916015027,520,3.4695,0.46333
17.1,468.64,3.364858786,530,3.3076,0.62192
17.3,474.92,3.409379777,540,3.476,0.47449
17.6,484.34,3.468048043,550,3.3399,0.64982
17.9,493.76,3.392171261,560,3.2662,0.50953
18.2,503.19,3.205131002,570,3.2402,0.47167
18.5,512.61,3.315976974,580,3.3809,0.3913
18.7,518.89,3.476679326,590,3.6137,0.42954
19,528.31,3.290237747,600,3.6199,0.59088
19.3,537.74,3.494571452,610,3.4799,0.77675
19.6,547.16,3.351035309,620,3.3156,0.79361
19.9,556.58,3.319475023,630,3.2078,0.72079
20.1,563.4,3.222867846,640,3.3124,0.58298
20.4,574.43,3.267105608,650,3.3158,0.46114
20.6,581.79,3.422482246,660,3.3691,0.37654
20.9,592.82,3.637844124,670,3.3558,0.41697
21.1,600.17,3.619172042,680,3.3275,0.53379
21.4,611.2,3.460104844,690,3.2305,0.44143
21.6,618.56,3.333885968,700,3.0751,0.56228
22,633.27,3.197608618,710,3.1825,0.53088
22.3,644.3,3.370862002,720,3.3195,0.49422
22.6,655.33,3.265973414,730,3.2177,0.48871
22.8,662.69,3.413989986,740,3.26,0.32128
23.1,673.72,3.331845508,750,3.4163,0.23612
23.4,684.75,3.323673075,760,3.2826,0.26765
23.7,695.78,3.105262167,770,3.2213,0.5317
24,706.82,3.051552344,780,3.2307,0.42171
24.2,714.17,3.379155282,790,3.2735,0.37015
24.5,725.2,3.250515426,800,3.2909,0.4348
24.8,736.23,3.195655283,810,3.2379,0.59668
25.1,747.27,3.433856066,820,3.2387,0.48368
25.4,758.3,3.294101713,830,3.2506,0.42646
25.6,765.65,3.252740339,840,3.1461,0.37183
25.9,776.68,3.188016953,850,3.1216,0.39443
26.1,784.04,3.288090894,860,3.2803,0.44627
26.4,795.07,3.262129103,870,3.4073,0.4282
26.7,806.1,3.330439285,880,3.4089,0.4873
26.9,813.46,3.160489767,890,3.3251,0.35292
27.2,824.49,3.283067063,900,3.3572,0.3961
27.5,835.52,3.194753883,910,3.3252,0.43769
27.8,846.55,3.096895802,920,3.333,0.36148
28.1,857.59,3.246461735,930,3.5984,0.27723
28.3,864.94,3.345655308,940,3.4908,0.30405
28.6,875.97,3.448513706,950,3.3068,0.43299
28.9,887,3.317705556,960,3.2947,0.53597
29.2,898.04,3.358210021,970,3.3368,0.61229
29.5,909.07,3.332041418,980,3.2096,0.52435
29.7,916.42,3.243169763,990,3.2077,0.49405
30,927.45,3.605796051,1000,3.0398,0.5234
30.3,938.56,3.511832424,1010,3.1436,0.50676
30.6,949.67,3.30878156,1020,2.9763,0.4214
30.8,957.08,3.280541371,1030,2.9865,0.61568
31.1,968.19,3.363556949,1040,3.2525,0.74684
31.3,975.6,3.185019644,1050,3.2914,0.53897
31.6,986.71,3.255986833,1060,3.1556,0.44967
31.9,997.82,3.027243733,1070,3.1608,0.44929
32.2,1008.92,3.152025795,1080,3.4356,0.4154
32.4,1016.33,2.992812563,1090,3.4352,0.19255
32.7,1027.44,2.961733856,1100,3.3052,0.29007
33,1038.55,3.217341547,1110,3.3548,0.13018
33.2,1045.96,3.367427939,1120,3.3463,0.34916
33.4,1053.36,3.213231181,1130,3.428,0.44867
33.6,1060.77,3.152976754,1140,3.3202,0.31205
33.8,1068.18,3.14133207,1150,3.3112,0.50737
34,1075.58,3.31976482,1160,3.3745,0.60385
34.2,1082.99,3.474820618,1170,3.5816,0.4507
34.4,1090.4,3.431888229,1180,3.3531,0.53524
34.6,1097.8,3.324762154,1190,3.5587,0.60518
34.8,1105.21,3.277879577,1200,3.4239,0.47841
35,1112.61,3.385558488,1210,3.3761,0.49756
35.2,1120.02,3.346342352,1220,3.3543,0.70418
35.4,1127.43,3.446867418,1230,3.4196,0.53799
35.6,1134.83,3.361623294,1240,3.3281,0.76162
35.8,1142.24,3.312943905,1250,3.5714,0.54826
36,1149.65,3.311099582,1260,3.4843,0.51941
36.2,1157.05,3.345004888,1270,3.5891,0.55595
36.4,1164.46,3.441548677,1280,3.4819,0.68757
36.6,1171.87,3.601299734,1290,3.3585,0.64957
36.8,1179.27,3.349972349,1300,3.4481,0.78235
37,1186.68,3.50224629,1310,3.4784,0.53501
37.2,1194.08,3.597750021,1320,3.4018,0.70101
37.4,1201.49,3.398579579,1330,3.6298,0.64176
37.6,1208.9,3.379737998,1340,3.6555,0.55243
37.8,1216.3,3.356036986,1350,3.3146,0.79196
38,1223.71,3.353662138,1360,3.1083,0.80001
38.2,1231.12,3.423910449,1370,3.349,0.35232
38.4,1238.52,3.311887367,1380,3.192,0.34101
38.6,1245.93,3.505843356,1390,3.1708,0.53917
38.8,1253.34,3.596102827,1400,3.3033,0.32665
39,1260.74,3.481097629,1410,3.3764,0.36844
39.2,1268.15,3.570812287,1420,3.2648,0.46399
39.4,1275.55,3.626098647,1430,3.4442,0.50935
39.6,1282.96,3.391109495,1440,3.5146,0.437
39.8,1290.37,3.358360208,1450,3.2604,0.5603
40,1297.77,3.602044927,1460,3.3668,0.53649
40.2,1301.15,3.391627931,1470,3.3069,0.41738
40.4,1304.53,3.467066984,1480,3.2939,0.44426
40.6,1307.91,3.468650607,1490,3.3283,0.42608
40.8,1311.29,3.482784718,1500,3.3293,0.46724
41,1314.67,3.419274472,1510,3.0546,0.4093
41.2,1318.05,3.473328954,1520,3.2544,0.34941
41.4,1321.43,3.356958249,1530,3.2087,0.29566
41.6,1324.81,3.589396913,1540,3.189,0.38584
41.8,1328.19,3.633096814,1550,3.4761,0.30217
42,1331.57,3.624440431,1560,3.328,0.50276
42.2,1334.95,3.607920499,1570,3.1843,0.67382
42.4,1338.32,3.665780787,1580,3.0331,0.4945
42.6,1341.7,3.632493266,1590,3.2501,0.36218
42.8,1345.08,3.529482478,1600,3.22,0.27709
43,1348.46,3.44370809,1610,3.2704,0.17219
43.2,1351.84,3.185986274,1620,3.146,0.33733
43.4,1355.22,3.220320564,1630,3.2872,0.32167
43.6,1358.6,3.09219741,1640,3.2781,0.37847
43.8,1361.98,3.155666121,1650,3.2629,0.45332
44,1365.36,3.246635095,1660,3.2428,0.4436
44.2,1368.74,3.351003593,1670,3.2195,0.42533
44.4,1372.12,3.344571722,1680,3.1945,0.40091
44.6,1375.5,3.430200858,1690,3.1693,0.37273
44.8,1378.87,3.22129283,1700,3.1453,0.34319
45,1382.25,3.161638775,1710,3.1241,0.3147
45.2,1385.63,3.161269741,1720,3.1073,0.28965
45.4,1389.01,3.168025287,1730,3.0963,0.27045
45.6,1392.39,3.180923273,1740,3.101,0.2595
45.8,1395.77,3.21809376,1750,3.1307,0.32789
46,1399.15,3.299339497,1760,3.1391,0.32658
46.2,1402.53,3.309082093,1770,3.2385,0.40871
46.4,1405.91,3.297824938,1780,3.2513,0.45432
46.6,1409.29,3.388605928,1790,3.1998,0.39437
46.8,1412.67,3.281228861,1800,3.1396,0.42442
47,1416.05,3.344131599,1810,3.1457,0.19713
47.2,1419.42,3.253409856,1820,3.3496,0.36475
47.4,1422.8,3.399152281,1830,3.3742,0.51254
47.6,1426.18,3.264138107,1840,3.2104,0.55052
47.8,1429.56,3.446453973,1850,3.2785,0.26381
48,1432.94,3.388830726,1860,3.6524,0.52292
48.2,1436.32,3.368591335,1870,3.3333,0.58092
48.4,1439.7,3.518463488,1880,3.3516,0.4555
48.6,1443.08,3.345196241,1890,3.3181,0.56779
48.8,1446.46,3.405607532,1900,3.3677,0.47074
49,1449.84,3.268764287,1910,3.3185,0.48135
49.2,1453.22,3.06538369,1920,3.1926,0.4658
49.4,1456.6,3.108981942,1930,3.3978,0.40258
49.6,1459.98,3.366115115,1940,3.2271,0.36456
49.8,1463.35,3.444066865,1950,3.2529,0.53111
50,1466.73,3.224952562,1960,3.053,0.38395
50.2,1469.57,3.299921005,1970,3.2978,0.36701
50.5,1473.84,3.347498926,1980,3.272,0.51491
50.7,1476.68,3.254565534,1990,3.4163,0.52306
50.9,1479.52,3.28122445,2000,3.3423,0.43942
51.1,1482.36,3.382570533,2010,3.2691,0.7989
51.4,1486.62,3.301824908,2020,3.2669,0.51758
51.6,1489.46,3.306613888,2030,3.3107,0.66092
51.8,1492.3,3.523630834,2040,3.1497,0.36351
52.1,1496.56,3.237122963,2050,3.1306,0.60587
52.3,1499.4,3.332619706,2060,3.0224,0.41436
52.5,1502.25,3.284511717,2070,2.8773,0.19044
52.7,1505.09,3.191664487,2080,2.9345,0.29676
53,1509.35,3.038229511,2090,2.8261,0.27401
53.2,1512.19,3.160880633,2100,2.9222,0.14312
53.4,1515.03,3.126352456,2110,2.9638,0.12324
53.6,1517.87,3.307614488,2120,3.0863,0.19133
53.9,1522.13,3.201158826,2130,2.9651,0.15971
54.1,1524.97,3.254020194,2140,3.0677,0.50619
54.3,1527.81,3.316434557,2150,3.2808,0.30439
54.6,1532.08,3.108956526,2160,3.0939,0.13048
54.8,1534.92,3.342987996,2170,3.0329,0.34309
55,1537.76,3.094823176,2180,3.0438,0.26146
55.2,1540.6,NaN,2190,3.0759,0.22213
55.5,1544.86,3.494391159,2200,3.0822,0.2087
55.7,1547.7,3.143941996,2210,3.1955,0.23943
55.9,1550.54,3.510811135,2220,3.2081,0.25383
56.2,1554.8,3.372550201,2230,3.148,0.35757
56.4,1557.64,3.27108619,2240,3.1952,0.34493
56.6,1560.48,3.332690301,2250,3.2415,0.31807
56.8,1563.33,3.179620001,2260,3.3619,0.38978
57.1,1567.59,3.209360735,2270,3.3381,0.38786
57.3,1570.43,3.176629421,2280,3.3008,0.3942
57.5,1573.27,3.050397802,2290,3.3265,0.39891
57.8,1577.53,3.132003231,2300,3.0994,0.56117
58,1580.37,3.028236586,2310,3.1326,0.42126
58.2,1583.21,3.127225606,2320,3.1301,0.3093
58.4,1586.05,2.92084503,2330,3.2307,0.60362
58.7,1590.31,3.255151722,2340,3.2295,0.33531
58.9,1593.16,3.203993851,2350,3.1963,0.28654
59.1,1596,3.170376758,2360,3.2825,0.30563
59.4,1600.26,3.22460717,2370,3.4967,0.42269
59.6,1603.1,3.301279178,2380,3.184,0.58301
59.8,1605.94,3.153881916,2390,3.1423,0.36805
60,1608.78,3.229996555,2400,3.1073,0.37078
60.3,1613.68,3.368423135,2410,2.9558,0.30572
60.5,1616.95,3.198171152,2420,2.7953,-0.091421
60.7,1620.22,3.145662974,2430,2.8499,0.10261
60.9,1623.48,3.288961932,2440,2.7082,-0.025724
68,1739.47,3.092556458,2450,2.6748,0.024962
68.2,1742.73,3.211593559,2460,2.7513,-0.17163
68.5,1747.63,3.093398167,2470,3.1891,-0.15116
68.7,1750.9,3.144264961,2480,3.3833,-0.074317
68.9,1754.17,3.164429825,2490,3.458,0.3523
69.2,1759.07,3.15239522,2500,3.414,0.55821
69.4,1762.33,3.096177818,2510,3.3448,0.63137
69.6,1765.6,3.216099698,2520,3.4993,0.6104
69.8,1768.87,3.244757498,2530,3.3396,0.53158
70.1,1773.47,3.203432513,2540,3.2843,0.64155
70.3,1776.13,3.306195577,2550,3.3167,0.435
70.5,1778.79,3.275224118,2560,3.2585,0.47527
70.8,1782.79,3.203559121,2570,3.4767,0.49528
71,1785.45,3.206500395,2580,3.2119,0.56245
71.2,1788.11,3.267984364,2590,3.235,0.58632
71.4,1790.78,3.182139042,2600,3.2786,0.46006
71.7,1794.77,3.282413846,2610,3.2922,0.49814
71.9,1797.43,2.861792634,2620,3.2394,0.61334
72.1,1800.1,3.140736067,2630,3.1426,0.46719
72.4,1804.09,3.022337227,2640,3.2623,0.49613
72.6,1806.76,2.950422887,2650,3.0856,0.33191
72.8,1809.42,3.127281505,2660,2.9828,0.22416
73,1812.08,3.192263438,2670,2.9598,0.23497
73.3,1816.08,3.27138577,2680,3.2868,0.22069
73.5,1818.74,3.351880118,2690,3.004,0.22117
73.7,1821.4,3.34700047,2700,3.2271,0.23211
74,1825.4,3.347048055,2710,3.1186,0.36329
74.2,1828.06,3.415250867,2720,3.0794,0.21197
74.4,1830.72,3.347837971,2730,2.7828,0.23429
74.6,1833.39,3.160606917,2740,2.9186,0.34547
74.9,1837.38,3.071863783,2750,3.1173,0.20172
75.1,1840.04,3.212922656,2760,2.8992,0.16911
75.3,1842.71,3.40807529,2770,3.0697,0.22142
75.5,1845.37,3.383865925,2780,2.9801,0.12131
75.8,1849.36,3.300073232,2790,2.9852,0.16705
76,1852.03,3.216263721,2800,3.1035,-0.035615
76.2,1854.69,3.334995642,2810,2.9636,0.16832
76.5,1858.68,3.726619782,2820,3.0354,0.17347
76.7,1861.35,3.52068836,2830,3.0508,0.25539
76.9,1864.01,3.28804433,2840,3.1297,0.3304
77.1,1866.67,3.435718576,2850,3.2193,0.33022
77.4,1870.67,3.32498025,2860,3.2625,0.36349
77.6,1873.33,3.410378408,2870,3.1085,0.33295
77.8,1875.99,3.370006075,2880,3.1838,0.30949
78.1,1879.99,3.351698305,2890,3.2747,0.53842
78.3,1882.65,3.276105592,2900,3.2285,0.3793
78.5,1885.31,3.283414346,2910,3.1318,0.40446
78.7,1887.98,3.348934938,2920,3.2132,0.38075
79,1891.97,3.288442009,2930,2.9758,0.37819
79.2,1894.63,3.313240326,2940,2.9543,0.12084
79.4,1897.3,3.258096538,2950,2.9881,0.29649
79.7,1901.29,3.403507636,2960,2.9913,-0.0014803
79.9,1903.95,3.390658168,2970,2.8808,0.052274
80.1,1906.95,3.226563243,2980,2.8651,0.013026
80.3,1910.26,3.320104103,2990,2.9905,-0.026148
80.6,1915.24,3.20941949,3000,3.1136,0.02041
80.8,1918.56,3.19626927,3010,3.1359,0.13851
81,1921.88,3.190012555,3020,3.0272,0.29126
81.3,1926.86,3.35755022,3030,2.9441,0.22986
81.5,1930.18,3.397984896,3040,3.0671,0.19237
81.7,1933.5,3.216316642,3050,2.9634,0.16331
81.9,1936.82,3.218181139,3060,2.7762,0.17826
82.2,1941.79,3.230304521,3070,2.8546,0.20295
82.4,1945.11,3.190345469,3080,2.8035,0.047529
82.6,1948.43,3.218028905,3090,3.0173,0.051656
82.9,1953.41,3.337997677,3100,2.9791,0.16726
83.1,1956.73,3.351105,3110,3.0997,0.12454
83.3,1960.05,3.052769907,3120,3.0889,0.15991
83.5,1963.37,3.372586848,3130,3.0938,0.30334
83.8,1968.35,3.342836012,3140,3.0388,0.17286
84,1971.67,3.260364756,3150,3.1483,0.28926
84.2,1974.98,3.274021195,3160,3.0458,0.23766
84.4,1978.3,3.274155194,3170,3.0807,0.24046
84.7,1983.28,3.266221945,3180,3.048,0.28945
84.9,1986.6,3.637359274,3190,3.1261,0.25984
85.1,1989.92,3.41854602,3200,2.9356,0.29005
85.4,1994.9,3.334743227,3210,3.1007,0.26012
85.6,1998.22,3.383236595,3220,3.0786,0.11207
85.8,2001.54,3.309298831,3230,3.0418,0.29233
86,2004.85,3.537289595,3240,3.185,0.40279
86.3,2009.83,3.268635869,3250,3.282,0.30948
86.5,2013.15,3.335432686,3260,3.3123,0.41894
86.7,2016.47,3.188069762,3270,3.294,0.42617
87,2021.45,3.317256549,3280,3.1707,0.36071
87.2,2024.77,3.459182715,3290,3.2797,0.34115
87.4,2028.09,3.352354769,3300,3.2178,0.33502
87.6,2031.41,3.287877615,3310,3.0923,0.2973
87.9,2036.39,3.239569321,3320,3.037,0.19279
88.1,2039.7,3.159487896,3330,3.0328,0.25457
88.3,2043.02,3.039202188,3340,3.1097,0.17579
88.6,2048,3.019952705,3350,2.9655,0.19351
88.8,2051.32,3.189833139,3360,3.0239,0.2709
89,2054.64,3.145030976,3370,3.0872,0.11957
89.2,2057.96,3.067485559,3380,2.9197,0.036024
89.5,2062.94,2.982849648,3390,2.8435,-0.15429
89.7,2066.26,3.151556429,3400,2.6577,0.10066
89.9,2069.57,2.875863731,3410,2.905,0.057287
90.2,2074.22,2.959594885,3420,2.8865,0.26509
90.4,2077.21,3.002542365,3430,3.0912,0.204
90.6,2080.19,2.933019102,3440,3.0016,0.13813
90.8,2083.18,2.926319146,3450,2.9884,0.14289
91.1,2087.66,2.981497158,3460,2.9661,0.04898
91.3,2090.65,2.804636191,3470,2.9372,0.095616
91.5,2093.64,2.891186024,3480,2.7462,0.21505
91.7,2096.62,3.03638709,3490,3.1121,0.097761
92,2101.1,2.901810775,3500,3.3308,-0.053002
92.2,2104.09,2.912267898,3510,2.8221,-0.049974
92.4,2107.08,3.003466264,3520,2.8027,-0.050453
92.7,2111.56,2.948448608,3530,2.7976,0.067104
92.9,2114.54,3.050199872,3540,2.8546,-0.013047
93.1,2117.53,3.37290988,3550,2.8198,-0.00017422
93.3,2120.52,3.061307854,3560,2.9539,0.11523
93.6,2125,3.33807422,3570,2.8173,-0.017313
93.8,2127.98,3.08049754,3580,2.9945,0.14755
94,2130.97,2.937838295,3590,2.8762,0.024222
94.3,2135.45,2.910669835,3600,3.1516,0.14493
94.5,2138.44,2.989796323,3610,3.0184,0.3544
94.7,2141.42,3.113942568,3620,2.8392,0.049087
94.9,2144.41,3.099724507,3630,3.0166,0.23263
95.2,2148.89,3.204055805,3640,3.0444,0.1295
95.4,2151.88,3.400732157,3650,2.9761,0.15104
95.6,2154.86,3.270620995,3660,2.9954,0.23281
95.9,2159.35,3.086048685,3670,3.124,0.213
96.1,2162.33,3.150596984,3680,2.92,0.2593
96.3,2165.32,2.980470416,3690,3.056,0.12428
96.5,2168.31,3.062332347,3700,3.1916,0.21992
96.8,2172.79,2.970269591,3710,3.0853,0.29897
97,2175.77,3.068458478,3720,2.997,0.27769
97.2,2178.76,3.043226821,3730,3.1007,0.16912
97.5,2183.24,3.046236969,3740,3.1141,0.23225
97.7,2186.23,3.034952987,3750,3.2136,0.2166
97.9,2189.21,3.068944354,3760,3.3072,0.39001
98.1,2192.2,3.088480475,3770,3.1455,0.40574
98.4,2196.68,3.083923952,3780,3.2054,0.5325
98.6,2199.67,3.078568279,3790,3.2943,0.35728
98.8,2202.65,3.185797403,3800,3.2752,0.37719
99,2205.64,3.113099076,3810,3.3782,0.44094
99.3,2210.12,3.1956376,3820,3.3128,0.49395
99.5,2213.11,3.153715844,3830,3.2919,0.56318
99.7,2216.09,3.205116112,3840,3.1901,0.34633
100,2220.57,3.208196048,3850,3.0326,0.20667
100.2,2223.18,2.897868045,3860,3.0335,0.23028
100.4,2225.79,3.161838984,3870,2.9411,0.089207
100.6,2228.39,3.146212165,3880,2.8896,0.057076
100.9,2232.3,3.15678834,3890,3.0644,0.2134
101.1,2234.91,3.248811927,3900,2.9148,0.12639
101.3,2237.51,3.148536964,3910,2.9274,0.089764
101.6,2241.42,3.22126996,3920,2.855,0.015911
101.8,2244.03,3.234030126,3930,2.7545,-0.087982
102,2246.63,3.213849285,3940,2.6568,-0.19341
102.2,2249.24,3.243885144,3950,2.6499,-0.1586
102.5,2253.15,3.219283905,3960,2.7829,-0.053896
102.7,2255.76,3.28042353,3970,2.9153,0.080268
102.9,2258.36,3.411615466,3980,2.8181,-0.020929
103.2,2262.27,3.243627207,3990,2.925,0.12004
103.4,2264.88,3.162980693,4000,2.5897,-0.24856
103.6,2267.48,3.379019642,4010,2.6055,-0.30546
103.8,2270.09,3.336127087,4020,2.773,-0.038722
104.1,2274,3.204018525,4030,2.8623,0.036347
104.3,2276.6,3.146826971,4040,2.7648,-0.11707
104.5,2279.21,3.267127955,4050,2.7858,-0.03502
104.8,2283.12,3.398459261,4060,2.9039,0.00947
105,2285.73,3.308656588,4070,2.8389,0.04329
105.2,2288.33,3.166051895,4080,2.764,0.0071918
105.4,2290.94,3.393798281,4090,2.835,-0.019023
105.7,2294.85,3.22983913,4100,3.1282,0.095237
105.9,2297.45,3.374092035,4110,2.8699,0.41541
106.1,2300.06,3.098965528,4120,2.9497,-0.031175
106.3,2302.66,3.182622134,4130,3.0298,0.099397
106.6,2306.57,3.075917421,4140,2.9093,0.1972
106.8,2309.18,3.104410542,4150,3.1742,0.080544
107,2311.79,3.236269683,4160,2.9881,0.31315
107.3,2315.69,3.467714578,4170,2.8774,0.14206
107.5,2318.3,3.198820992,4180,2.6712,0.050243
107.7,2320.91,3.117116321,4190,2.692,-0.075728
107.9,2323.51,3.147624766,4200,2.9678,-0.1873
108.2,2327.42,3.203959939,4210,2.9615,0.075346
108.4,2330.03,3.230873737,4220,3.2242,0.034068
108.6,2332.63,3.240794133,4230,2.6807,0.35514
108.9,2336.54,3.093704451,4240,2.9165,0.11828
109.1,2339.15,3.231368889,4250,3.1506,-0.14645
109.3,2341.75,3.216563122,4260,2.9596,0.16533
109.5,2344.36,3.135639133,4270,2.6927,0.23881
109.8,2348.27,3.16189839,4280,2.8915,0.020983
110,2350.88,3.228766148,4290,2.8438,-0.0057453
110.2,2353.3,3.581950758,4300,2.8325,0.0078222
110.5,2356.93,3.160073441,4310,2.8387,0.014902
110.7,2359.35,3.290576139,4320,2.7648,0.10673
110.9,2361.77,3.245097283,4330,2.8367,-0.062767
111.1,2364.2,3.419523722,4340,3.0871,0.029805
111.4,2367.83,3.411346073,4350,3.2446,0.080058
111.6,2370.25,3.499309469,4360,3.1511,0.27687
111.8,2372.67,3.243354256,4370,3.2147,0.42064
112.1,2376.3,3.193696607,4380,3.3655,0.32132
112.3,2378.73,3.268788254,4390,3.2848,0.49186
112.5,2381.15,3.110930921,4400,3.5179,0.44591
112.7,2383.57,3.192005049,4410,3.2994,0.4738
113,2387.2,3.235676574,4420,3.222,0.68438
113.2,2389.62,3.156300288,4430,3.1128,0.4708
113.4,2392.05,3.077407413,4440,2.8958,0.29238
113.6,2394.47,3.154590075,4450,2.6692,0.34984
113.9,2398.1,3.157804368,4460,2.6429,0.05713
114.1,2400.52,3.081740061,4470,2.9326,-0.2558
114.3,2402.94,2.73817127,4480,2.7639,-0.12505
114.6,2406.58,2.904466104,4490,2.7077,0.095373
114.8,2409,2.913084825,4500,2.863,-0.1018
115,2411.42,3.022132298,4510,2.718,-0.12573
115.2,2413.84,2.886462754,4520,2.6423,0.020285
115.5,2417.47,2.907950686,4530,2.873,-0.11245
115.7,2419.9,2.795256981,4540,2.835,-0.1904
115.9,2422.32,2.808676637,4550,3.0657,0.0074066
116.2,2425.95,2.973077583,4560,2.9324,-0.047682
116.4,2428.37,2.816916016,4570,2.6315,0.15682
116.6,2430.79,2.860942228,4580,2.7322,0.11741
116.8,2433.21,2.8549739,4590,2.8649,-0.1628
117.1,2436.85,2.738099727,4600,2.6765,-0.12947
117.3,2439.27,2.72383207,4610,2.6958,0.035126
117.5,2441.69,2.655619158,4620,2.9937,-0.15546
117.8,2445.32,2.611389074,4630,2.7248,-0.13815
118,2447.74,2.505903795,4640,3.1663,0.16044
118.2,2450.17,2.678692636,4650,2.6725,-0.13682
118.4,2452.59,2.691317746,4660,2.9167,0.3589
118.7,2456.22,2.757934457,4670,2.8584,-0.13771
118.9,2458.64,2.72744139,4680,2.7651,0.063071
119.1,2461.06,2.771749444,4690,2.5754,0.02011
119.4,2464.7,2.787289911,4700,2.9114,-0.062548
119.6,2467.12,2.895578166,4710,2.8366,-0.2896
119.8,2469.54,3.179909118,4720,2.8282,0.078946
120,2471.96,3.214132197,4730,3.1388,0.037436
120.2,2474.51,3.397364911,4740,3.2104,-0.060556
120.4,2477.06,3.287557212,4750,2.7317,0.29119
120.5,2478.33,3.414198914,4760,3.0608,0.40097
120.7,2480.88,3.371614288,4770,2.8864,-0.10232
120.9,2483.43,3.497372988,4780,2.8047,0.20888
121.1,2485.98,3.302233671,4790,3.1677,0.046304
121.3,2488.53,3.470842896,4800,3.0725,-0.028353
121.5,2491.08,3.436061067,4810,2.9404,0.32079
121.6,2492.35,3.362086252,4820,2.9757,0.23565
121.8,2494.9,3.51181876,4830,2.9812,0.10239
122,2497.45,3.546096424,4840,3.0407,0.1559
122.2,2500,3.413954299,4850,3.1093,0.18398
122.4,2502.55,3.421994115,4860,3.2417,0.19956
122.5,2503.82,3.47119237,4870,3.1348,0.28043
122.7,2506.37,3.289196566,4880,3.0791,0.36281
122.9,2508.92,3.366390955,4890,3.0578,0.33938
123.1,2511.47,3.310398463,4900,3.192,0.30925
123.3,2514.02,3.326861463,4910,3.0803,0.21331
123.5,2516.56,3.268601417,4920,2.9843,0.17767
123.6,2517.84,3.442117331,4930,2.9923,0.21284
123.8,2520.39,3.500844395,4940,2.9252,0.18872
124,2522.94,3.239095553,4950,2.9743,0.17721
124.2,2525.48,3.334965672,4960,3.0165,-0.073239
124.4,2528.03,3.225346988,4970,3.7618,-0.12534
124.5,2529.31,3.340372122,4980,2.9927,0.15195
124.7,2531.86,3.335860821,4990,2.8594,-0.071791
124.9,2534.41,3.368841937,5000,2.9713,0.24591
125.1,2536.95,3.343971157,5010,2.9741,0.11842
125.3,2539.5,3.287757579,5020,3.1575,0.1046
125.5,2542.05,3.276588151,5030,2.886,0.19691
125.6,2543.33,3.384926485,5040,2.9437,0.253
125.8,2545.87,3.262226266,5050,3.3147,0.22486
126,2548.42,3.332059907,5060,3.1209,0.28043
126.2,2550.97,3.309398694,5070,3.182,0.2249
126.4,2553.52,3.327953561,5080,3.2782,0.13165
126.5,2554.79,3.233581972,5090,2.9962,0.40678
126.7,2557.34,3.420970567,5100,2.8814,0.26345
126.9,2559.89,3.258486934,5110,2.9327,0.24507
127.1,2562.44,3.274974576,5120,2.9688,-0.15926
127.3,2564.99,3.308002274,5130,2.5058,0.16422
127.5,2567.54,3.405004388,5140,2.5327,0.18823
127.6,2568.81,3.509308602,5150,2.8491,-0.21178
127.8,2571.36,3.414514116,5160,2.985,-0.063198
128,2573.91,3.334625623,5170,2.8252,-0.077754
128.2,2576.46,3.431038141,5180,2.8644,0.082057
128.4,2579.01,3.082624108,5190,3.0332,0.046444
128.5,2580.28,3.230259547,5200,2.8914,0.0090143
128.7,2582.83,3.206803244,5210,2.9824,0.12615
128.9,2585.38,3.303676427,5220,2.9695,0.10906
129.1,2587.93,3.335137236,5230,2.6626,0.13953
129.3,2590.48,3.224736752,5240,3.0008,0.15973
129.5,2593.03,3.250566472,5250,2.8331,-0.13299
129.6,2594.3,3.457678235,5260,2.3586,0.03633
129.8,2596.85,3.455056551,5270,2.8691,-0.079611
130,2599.4,3.265077608,5280,3.2235,-0.4731
130.2,2601.94,3.361074583,5290,3.0396,0.072881
130.4,2604.49,3.269795915,5300,3.064,0.38051
130.5,2605.76,3.324188001,5310,3.1155,0.22047
130.7,2608.31,3.278789574,5320,3.0254,0.24021
130.9,2610.85,3.296883302,5330,2.9743,0.2469
131.1,2613.4,3.259494162,5340,2.7763,0.16443
131.3,2615.94,3.376411404,5350,2.662,0.17065
131.5,2618.49,3.238613308,5360,2.8971,-0.25942
131.6,2619.76,3.242307356,5370,2.8106,-0.076399
131.8,2622.31,3.126236701,5380,2.7459,0.060898
132,2624.85,3.13074494,5390,2.5379,-0.0070479
132.2,2627.4,3.17141081,5400,2.9044,-0.1788
132.4,2629.94,3.142608971,5410,2.8507,-0.1984
132.5,2631.21,3.152287322,5420,2.644,-0.037977
132.7,2633.76,3.216718618,5430,2.6176,0.29419
132.9,2636.31,3.041158263,5440,2.5865,-0.050699
133.1,2638.85,3.268273707,5450,2.9584,-0.19668
133.3,2641.4,3.242616919,5460,2.689,-0.11572
133.5,2643.94,3.079355426,5470,2.829,0.026211
133.6,2645.21,3.020078045,5480,2.8876,-0.10907
133.8,2647.76,3.103306404,5490,2.7957,-0.0066753
134,2650.31,3.084864255,5500,2.7724,-0.0012243
134.2,2652.85,3.169685581,5510,3.1086,0.029352
134.4,2655.4,3.073265352,5520,3.1192,-0.078512
134.5,2656.67,3.053389316,5530,3.0523,0.070071
134.7,2659.21,2.982430989,5540,3.107,0.34866
134.9,2661.76,2.985611789,5550,3.1854,0.23639
135.1,2664.31,3.071848951,5560,3.0971,0.23844
135.3,2666.85,3.051128488,5570,3.2097,0.3072
135.5,2669.4,2.973818377,5580,3.0705,0.33642
135.6,2670.67,2.945380789,5590,2.93,0.33238
135.8,2673.21,2.893541333,5600,3.1105,0.34886
136,2675.76,2.99212111,5610,3.1794,0.15943
136.2,2678.31,3.344632264,5620,3.0485,0.12966
136.4,2680.85,3.237280611,5630,3.1729,0.3305
136.5,2682.12,3.135947012,5640,3.1182,0.32966
136.7,2684.67,3.141162927,5650,3.0439,0.20485
136.9,2687.21,3.220948603,5660,3.0386,0.33431
137.1,2689.76,3.003726068,5670,3.1558,0.22858
137.3,2692.31,3.022444137,5680,3.2828,0.21247
137.5,2694.85,3.04770614,5690,3.1414,0.20895
137.6,2696.12,3.046078858,5700,2.8539,0.38727
137.8,2698.67,3.251047338,5710,2.5695,0.42332
138,2701.21,3.198619269,5720,2.3876,0.27215
138.2,2703.76,3.176016624,5730,2.0327,-0.036851
138.4,2706.31,3.067477537,5740,1.1285,-0.28216
138.5,2707.58,3.124496605,5750,1.6279,-0.48078
138.7,2710.12,3.118583974,5760,2.5597,-0.86655
138.9,2712.67,3.168193549,5770,2.993,-1.6167
139.1,2715.21,3.170203906,5780,3.125,-1.2424
139.3,2717.76,3.209277671,5790,3.1298,-0.19646
139.5,2720.31,3.052242131,5800,3.1757,0.16553
139.6,2721.58,2.888954323,5810,3.319,0.28969
139.8,2724.12,3.102224224,5820,3.1627,0.29445
140,2726.67,2.997868149,5830,3.1638,0.3396
140.2,2729.22,2.854004114,5840,3.2961,0.49091
140.4,2731.78,2.64619892,5850,3.3891,0.332
140.5,2733.06,2.835606008,5860,3.2994,0.32605
140.7,2735.61,3.005998802,5870,3.3711,0.4455
140.9,2738.17,2.827123603,5880,3.2227,0.55496
141.1,2740.72,2.955882661,5890,3.37,0.45849
141.3,2743.28,3.018755785,5900,3.3679,0.49307
141.5,2745.83,3.057829631,5910,3.3599,0.46406
141.6,2747.11,3.063367731,5920,3.4531,0.53796
141.8,2749.66,3.103312546,5930,3.7134,0.52137
142,2752.22,3.261528545,5940,3.6426,0.55597
142.2,2754.77,2.976615055,5950,3.6009,0.80392
142.4,2757.33,2.926639637,5960,3.5069,0.81853
142.5,2758.6,2.964818927,5970,3.366,0.77834
142.7,2761.16,2.849639655,5980,3.4218,0.69387
142.9,2763.71,2.997106329,5990,3.4791,0.51958
143.1,2766.27,3.004916163,6000,3.3572,0.58623
143.3,2768.82,3.044925908,6010,3.3076,0.63996
143.5,2771.38,3.088306474,6020,3.344,0.46808
143.6,2772.66,2.987889096,6030,3.461,0.48533
143.8,2775.21,2.798426209,6040,3.5063,0.54057
144,2777.77,2.991770354,6050,3.3093,0.67667
144.2,2780.32,2.978431,6060,3.3923,0.55498
144.4,2782.88,2.967659491,6070,3.4328,0.50602
144.5,2784.15,3.005777802,6080,3.5688,0.60278
144.7,2786.71,2.993251722,6090,3.6561,0.70864
144.9,2789.26,3.013806166,6100,3.6119,0.81917
145.1,2791.82,2.87246548,6110,3.5177,0.77658
145.3,2794.37,3.004524676,6120,3.4932,0.68307
145.5,2796.93,3.02129949,6130,3.4901,0.64019
145.6,2798.2,3.174927851,6140,3.4477,0.65687
145.8,2800.76,3.084290405,6150,3.3501,0.5327
146,2803.31,3.130252102,6160,3.3165,0.53672
146.2,2805.87,3.049921886,6170,3.1403,0.39703
146.4,2808.42,3.200737634,6180,2.976,0.18696
146.5,2809.7,2.955541393,6190,2.965,0.12348
146.7,2812.26,3.168307031,6200,2.7831,-0.051925
146.9,2814.81,3.163978442,6210,2.8406,0.026072
147.1,2817.37,3.121846521,6220,2.6059,-0.21761
147.3,2819.92,3.035231655,6230,2.5372,-0.29564
147.5,2822.48,3.126532338,6240,2.2942,-0.53881
147.6,2823.75,3.173265964,6250,2.5296,-0.3064
147.8,2826.31,3.070539367,6260,2.6087,-0.19565
148,2828.86,3.022527416,6270,2.5577,-0.28083
148.2,2831.42,3.11189784,6280,2.8313,-0.006231
148.4,2833.97,3.189333195,6290,2.4562,-0.44628
148.5,2835.25,3.347093123,6300,2.9349,0.23172
148.7,2837.8,3.186058306,6310,3.107,0.15318
148.9,2840.36,3.126804726,6320,3.1723,0.34188
149.1,2842.91,3.120329646,6330,2.9549,-0.25949
149.3,2845.47,3.258222633,6340,2.956,0.19886
149.5,2848.02,3.125977433,6350,2.9064,0.10613
149.6,2849.3,3.238999841,6360,2.9322,0.042767
149.8,2851.86,3.131506572,6370,2.524,-0.17936
150,2854.41,3.14668636,6380,2.6767,-0.36684
150.2,2856.93,3.121393797,6390,2.7658,-0.066008
150.4,2859.45,3.250353195,6400,2.7435,0.14156
150.5,2860.7,3.277298955,6410,2.7915,-0.11744
150.7,2863.22,3.402106811,6420,2.8095,-0.4757
150.9,2865.74,3.188970159,6430,2.4716,-0.08686
151.1,2868.26,3.173442795,6440,2.4306,-0.31338
151.3,2870.77,3.082459519,6450,2.5526,-0.39508
151.5,2873.29,3.047952973,6460,2.5071,-0.22959
151.6,2874.55,3.392441209,6470,2.638,-0.18501
151.8,2877.07,3.219941923,6480,2.6987,-0.14958
152,2879.58,3.178552111,6490,2.5306,-0.78367
152.2,2882.1,3.250055868,6500,2.0997,-0.15556
152.4,2884.62,3.233449955,6510,2.9114,-0.056976
152.5,2885.88,3.218968844,6520,2.7412,-0.082721
152.7,2888.39,3.194258099,6530,2.7357,-0.76118
152.9,2890.91,3.308642412,6540,1.8596,-0.11825
153.1,2893.43,3.252054224,6550,2.8261,-0.093348
153.3,2895.95,3.096003875,6560,2.6186,-0.26804
153.5,2898.46,3.21086215,6570,2.5694,-0.16656
153.6,2899.72,3.230326722,6580,2.7586,-0.098575
153.8,2902.24,3.176686776,6590,2.6535,-0.35332
154,2904.76,3.21907885,6600,2.4063,-0.6142
154.2,2907.27,3.094938154,6610,2.2645,-0.54005
154.4,2909.79,3.133250553,6620,2.2941,-0.095468
154.5,2911.05,3.098483755,6630,2.7777,0.061598
154.7,2913.57,2.93587144,6640,3.0715,0.1621
154.9,2916.08,3.115653694,6650,2.9377,0.27499
155.1,2918.6,3.399387836,6660,3.1097,0.26404
155.3,2921.12,3.079942111,6670,3.083,0.25187
155.5,2923.64,3.17082884,6680,3.0969,0.279
155.6,2924.89,3.081052776,6690,2.9823,0.034335
155.8,2927.41,2.955113621,6700,2.8482,-0.10379
156,2929.93,2.975914125,6710,2.705,0.067045
156.2,2932.45,2.886999073,6720,3.3524,0.61986
156.4,2934.96,2.82187365,6730,3.4226,0.53806
156.5,2936.22,2.804603389,6740,3.2795,0.40145
156.7,2938.74,2.934514209,6750,3.1894,0.29464
156.9,2941.26,2.962566364,6760,2.8915,0.065983
157.1,2943.77,2.877349743,6770,2.8763,0.015222
157.3,2946.29,2.934672017,6780,3.0245,0.18675
157.5,2948.81,2.949688335,6790,2.8027,-0.10727
157.6,2950.07,2.988447741,6800,2.4794,-0.38164
157.8,2952.58,2.846280681,6810,3.1669,0.32722
158,2955.1,2.848581374,6820,3.0693,0.23031
158.2,2957.62,2.945878386,6830,2.8372,-0.019931
158.4,2960.14,2.991566058,6840,2.8125,-0.023259
158.5,2961.39,2.892663815,6850,2.7428,-0.092766
158.7,2963.91,2.774238304,6860,2.7695,-0.06747
158.9,2966.43,2.940785785,6870,2.9174,0.084027
159.1,2968.95,2.902060962,6880,2.534,-0.21606
159.3,2971.46,2.850877659,6890,2.5999,-0.28874
159.5,2973.98,2.813923406,6900,2.9258,0.10836
159.6,2975.24,2.878628355,6910,2.7271,-0.076069
159.8,2977.76,2.725342543,6920,2.6381,-0.19315
160,2980.27,2.876688363,6930,2.8052,-0.033869
160.2,2985.03,2.970123709,6940,2.4882,-0.16408
160.4,2989.78,2.991616165,6950,2.4286,-0.51075
160.5,2992.16,2.946430615,6960,2.4709,-0.52009
160.7,2996.92,3.125959603,6970,2.7625,-0.18306
160.9,3001.67,3.100462092,6980,2.8094,-0.05909
161.1,3006.43,3.010637699,6990,2.7099,0.058359
161.3,3011.18,3.181280383,7000,3.0973,0.060031
161.5,3015.94,3.294167138,7010,2.8091,0.26477
161.6,3018.31,3.102553985,7020,1.5712,0.024725
161.8,3023.07,2.943282984,7030,2.5793,-1.6262
162,3027.82,2.900149948,7040,2.3206,-0.2675
162.2,3032.58,3.029033998,7050,2.129,-0.39974
162.4,3037.33,3.123686588,7060,0.61311,-0.55972
162.5,3039.71,3.072590808,7070,2.3763,-2.2979
162.7,3044.47,2.99424307,7080,2.5122,-1.1372
162.9,3049.22,2.95676782,7090,2.6779,-0.44691
163.1,3053.98,3.048942334,7100,3.0968,-0.28798
163.3,3058.73,2.769548786,7110,3.2813,-0.0747
163.5,3063.49,2.831231744,7120,3.5094,0.26097
163.6,3065.86,2.882384809,7130,3.618,0.4295
163.8,3070.62,2.853289479,7140,3.6135,0.63965
164,3075.37,2.932798049,7150,3.678,0.72252
164.2,3080.13,2.800346536,7160,3.4304,0.74806
164.4,3084.88,2.702466545,7170,3.3632,0.89956
164.5,3087.26,2.953481594,7180,3.1936,0.66788
164.7,3092.02,3.041785594,7190,2.8459,0.6297
164.9,3096.77,3.0775833,7200,3.2393,0.4682
165.1,3101.53,2.945833061,7210,3.0348,0.31879
165.3,3106.28,2.941589974,7220,2.5793,0.0045781
165.5,3111.04,3.121785113,7230,2.5066,0.3955
165.6,3113.41,2.83646264,7240,2.0272,0.19816
165.8,3118.17,3.054443301,7250,2.1144,-0.27073
166,3122.92,3.127557666,7260,2.7261,-0.31497
166.2,3127.68,3.182376787,7270,3.3188,-0.59675
166.4,3132.43,2.998772145,7280,3.328,-0.95204
166.5,3134.81,3.006049241,7290,2.4743,-0.14999
166.7,3139.57,3.035784741,7300,2.4763,0.5004
166.9,3144.32,3.07526627,7310,2.7995,0.44495
167.1,3149.08,3.159468204,7320,2.6834,-0.31859
167.3,3153.83,3.045903567,7330,2.7108,-0.37099
167.5,3158.59,3.072840276,7340,2.1349,-0.065408
167.6,3160.96,3.020615914,7350,2.095,-0.076486
167.8,3165.72,2.94333902,7360,1.6087,-0.20009
168,3170.47,3.084549414,7370,1.889,-0.44022
168.2,3175.23,2.888038035,7380,1.5455,-0.66555
168.4,3179.98,3.047157138,7390,1.6305,-1.45
168.5,3182.36,3.167635962,7400,1.7238,-1.089
168.7,3187.12,3.151267921,7410,1.7823,-1.3146
168.9,3191.87,3.104608768,7420,1.4255,-1.1044
169.1,3196.63,3.040863554,7430,1.68,-1.0355
169.3,3201.38,2.914975305,7440,1.1111,-1.0582
169.5,3206.14,3.233235506,7450,1.5096,-1.4512
169.6,3208.51,3.097926688,7460,1.7881,-1.2143
169.8,3213.27,3.110055098,7470,1.3847,-1.4493
170,3218.02,3.080461574,7480,1.6188,-1.4256
170.2,3222.86,3.076109373,7490,2.0943,-1.0685
170.4,3227.7,2.908084966,7500,1.1395,-1.4997
170.5,3230.12,3.04511899,7510,0.75385,-1.1884
170.7,3234.96,3.104420579,7520,1.8322,-0.72539
170.9,3239.8,3.183468029,7530,1.8218,-1.602
171.1,3244.63,3.208590554,7540,1.9044,-1.9142
171.3,3249.47,3.284663565,7550,1.7959,-1.0248
171.5,3254.31,3.177569217,7560,2.5196,-0.95904
171.6,3256.73,3.143805852,7570,2.309,-1.002
171.8,3261.57,3.367692105,7580,2.8668,-0.99315
172,3266.41,3.253249,7590,2.1828,-0.36839
172.2,3271.24,3.301956265,7600,1.7521,-0.52561
172.4,3276.08,3.286109574,7610,1.8375,-0.06223
172.5,3278.5,3.170004645,7620,1.1793,-0.62422
172.7,3283.34,3.176186416,7630,1.3788,-1.0723
172.9,3288.18,3.20843314,7640,1.1467,-0.99425
173.1,3293.02,3.407055893,7650,1.9895,-1.6641
173.3,3297.85,3.155748073,7660,1.8996,-1.4571
173.5,3302.69,3.304711726,7670,1.3528,-1.5494
173.6,3305.11,3.246055946,7680,1.0073,-0.79001
173.8,3309.95,3.092228552,7690,1.2899,-0.95238
174,3314.79,3.208521399,7700,1.6796,-1.6098
174.2,3319.63,3.042235071,7710,1.8511,-1.9955
174.4,3324.46,2.999092008,7720,2.3987,-1.4447
174.5,3326.88,3.025669267,7730,2.8168,-1.1322
174.7,3331.72,3.037152728,7740,3.058,-1.3616
174.9,3336.56,3.081485763,7750,3.0045,-0.50901
175.1,3341.4,3.114069172,7760,3.3268,0.081531
175.3,3346.24,3.037013016,7770,3.6198,0.14247
175.5,3351.07,2.958638149,7780,3.4564,0.46246
175.6,3353.49,2.962837011,7790,3.3442,0.96666
175.8,3358.33,3.030967261,7800,3.1519,0.61552
176,3363.17,3.005163964,7810,3.2121,0.60407
176.2,3368.01,3.105963719,7820,3.1487,0.44108
176.4,3372.85,3.040955782,7830,3.1194,0.34896
176.5,3375.26,3.018546951,7840,2.5755,0.31016
176.7,3380.1,2.919638781,7850,2.3905,0.3256
176.9,3384.94,2.941301229,7860,1.8953,0.1757
177.1,3389.78,2.842756896,7870,2.4371,-0.1677
177.3,3394.62,2.970217207,7880,2.1135,-0.33477
177.5,3399.45,2.621564172,7890,2.1838,-0.66334
177.6,3401.87,2.909288917,7900,2.2283,-0.4438
177.8,3406.71,2.95078996,7910,2.6703,-0.63761
178,3411.55,2.890371758,7920,3.1319,-0.51182
178.2,3416.39,2.896594553,7930,3.1675,-0.66124
178.4,3421.23,2.884608053,7940,3.2859,0.16621
178.5,3423.65,3.00884043,7950,3.1275,0.39523
178.7,3428.48,3.099805489,7960,3.1305,0.25351
178.9,3433.32,3.057224407,7970,3.1094,0.37232
179.1,3438.16,3.044362629,7980,3.1992,0.36407
179.3,3443,2.922763254,7990,3.1568,0.29032
179.5,3447.84,2.962218094,8000,3.152,0.31898
179.6,3450.26,2.991878704,8010,3.1845,0.34843
179.8,3455.09,3.066489756,8020,3.148,0.31559
180,3459.93,2.966027119,8030,3.2012,0.33049
180.2,3464.51,3.013323549,8040,3.2157,0.44251
180.4,3469.09,2.871014036,8050,3.2136,0.30624
180.5,3471.38,3.061067671,8060,3.2632,0.38978
180.7,3475.95,3.01489531,8070,3.2817,0.371
180.9,3480.53,2.736786596,8080,3.3043,0.4192
181.1,3485.11,2.988010227,8090,2.6066,0.44554
181.3,3489.69,3.115191053,8100,2.226,0.4702
181.5,3494.26,2.882187349,8110,0.7167,-0.26346
181.6,3496.55,2.959317746,8120,1.9867,-0.77243
181.8,3501.13,3.386050566,8130,2.1578,-1.0229
182,3505.71,2.763220379,8140,1.3411,-0.74012
182.2,3510.28,2.822713109,8150,2.1931,-1.072
182.4,3514.86,2.783967401,8160,2.1865,-1.3036
182.5,3517.15,2.804968098,8170,1.8904,-0.081511
182.7,3521.73,2.799632014,8180,2.3304,-0.80647
182.9,3526.31,2.764906226,8190,1.8869,-0.67121
183.1,3530.88,2.811461916,8200,2.2451,-0.76905
183.3,3535.46,2.994908889,8210,1.803,-0.73547
183.5,3540.04,2.85382796,8220,2.2365,-1.0201
183.6,3542.33,2.820956143,8230,1.0293,-0.62637
183.8,3546.9,2.804050591,8240,-0.44568,-2.4086
184,3551.48,2.834620364,8250,1.2822,-2.5057
184.2,3556.06,2.964617348,8260,1.5344,-1.4062
184.4,3560.64,2.950465307,8270,2.0478,-1.1089
184.5,3562.93,2.910129348,8280,2.7206,-0.48248
184.7,3567.5,2.821793207,8290,2.8948,0.024804
184.9,3572.08,2.816092831,8300,2.7833,0.03671
185.1,3576.66,2.928653944,8310,2.3396,-0.063938
185.3,3581.24,3.003131884,8320,0.89249,-0.74084
185.5,3585.81,2.937777162,8330,-1.7328,-2.5595
185.6,3588.1,2.858110896,8340,-0.52465,-4.6975
185.8,3592.68,2.920769235,8350,1.0046,-2.7826
186,3597.26,2.965837799,8360,2.5574,-1.5888
186.2,3601.83,3.241244461,8370,2.4268,-0.25054
186.4,3606.41,3.216953979,8380,0.75257,-0.42285
186.5,3608.7,3.035038327,8390,1.5829,-2.0768
186.7,3613.28,2.992633013,8400,1.99,-1.3508
186.9,3617.86,2.843529482,8410,0.86729,-0.81641
187.1,3622.43,2.837367599,8420,2.258,-1.977
187.3,3627.01,3.15124848,8430,2.302,-0.75643
187.5,3631.59,2.960922869,8440,0.72906,-0.37893
187.6,3633.88,2.95546568,8450,-0.38432,-1.2954
187.8,3638.45,3.055572274,8460,1.6588,-3.298
188,3643.03,2.998222246,8470,0.83714,-0.8511
188.2,3647.61,2.946461225,8480,2.6715,-1.8938
188.4,3652.19,3.028853744,8490,2.3453,-0.4599
188.5,3654.48,3.103678729,8500,1.3094,-0.18441
188.7,3659.05,2.988728106,8510,-0.11287,-1.3108
188.9,3663.63,3.072548628,8520,3.3071,-2.292
189.1,3668.21,3.143698455,8530,2.9205,-3.0221
189.3,3672.79,3.085671949,8540,3.2647,0.23962
189.5,3677.36,3.115981402,8550,2.8142,0.098076
189.6,3679.65,2.91632068,8560,2.6217,0.23232
189.8,3684.23,3.135379793,8570,2.6963,-0.07078
190,3688.81,3.061465661,8580,2.8863,-0.3147
190.2,3693.6,3.047716544,8590,3.0868,-0.075016
190.4,3698.39,3.336122862,8600,2.6187,0.075795
190.5,3700.78,3.135960362,8610,2.3488,0.09276
190.7,3705.57,3.098041492,8620,2.1373,-0.2388
190.9,3710.36,3.08524299,8630,2.0764,-0.49528
191.1,3715.15,3.286029168,8640,1.9626,-0.69757
191.3,3719.94,2.996972199,8650,1.5972,-0.76843
191.5,3724.73,3.032442675,8660,2.2844,-0.91052
191.6,3727.13,3.165291579,8670,2.9952,-1.2785
191.8,3731.92,3.065465612,8680,3.0465,-0.70805
192,3736.71,3.103362938,8690,3.3313,0.044515
192.2,3741.5,3.115677472,8700,3.3466,0.14867
192.4,3746.29,2.86352728,8710,3.3363,0.511
192.5,3748.68,3.206693072,8720,3.4049,0.4843
192.7,3753.47,3.223599852,8730,3.4415,0.43562
192.9,3758.27,3.321248832,8740,3.3912,0.50324
193.1,3763.06,3.25543612,8750,3.491,0.57666
193.3,3767.85,3.189331224,8760,3.5082,0.58115
193.5,3772.64,3.1091444,8770,3.3093,0.56178
193.6,3775.03,3.381018377,8780,2.5923,0.70103
193.8,3779.82,3.206698232,8790,1.5529,0.66911
194,3784.61,3.186683985,8800,1.3718,0.34606
194.2,3789.4,3.297801503,8810,1.7346,-0.48148
194.4,3794.19,3.214351499,8820,1.1509,-1.3535
194.5,3796.59,3.211501764,8830,1.5016,-1.4051
194.7,3801.38,3.291231457,8840,1.5578,-0.97008
194.9,3806.17,3.275268677,8850,2.0614,-1.626
195.1,3810.96,3.390188096,8860,1.4107,-0.92122
195.3,3815.75,3.33654554,8870,1.5386,-1.2706
195.5,3820.54,3.312353064,8880,1.7133,-1.2121
195.6,3822.93,3.392410778,8890,0.95877,-1.3627
195.8,3827.72,3.397893318,8900,1.2771,-1.1229
196,3832.51,3.169522395,8910,1.9644,-1.8015
196.2,3837.3,3.179051337,8920,0.95014,-1.5629
196.4,3842.09,3.195387844,8930,0.78013,-0.69913
196.5,3844.49,3.072748428,8940,3.731,-1.9483
196.7,3849.28,3.037027529,8950,1.5857,-1.5461
196.9,3854.07,3.013821638,8960,2.3007,-0.13337
197.1,3858.86,3.065699847,8970,3.2221,-0.90175
197.3,3863.65,2.840155138,8980,1.6839,-1.1424
197.5,3868.44,2.887015161,8990,1.4262,-0.76555
197.6,3870.83,2.957919374,9000,1.4174,-1.4055
197.8,3875.63,2.813042228,9010,1.0543,-1.418
198,3880.42,2.897859991,9020,-0.24022,-1.8809
198.2,3885.21,2.987829408,9030,-0.48893,-3.3453
198.4,3890,3.064425215,9040,1.2043,-2.7272
198.5,3892.39,2.947606272,9050,0.74428,-1.6742
198.7,3897.18,2.829437586,9060,1.2867,-1.9917
198.9,3901.97,2.980618636,9070,0.94287,-1.7506
199,3904.37,3.005716281,9080,0.7566,-2.0296
199.2,3909.16,2.930078303,9090,-0.63588,-3.3306
199.4,3913.95,2.919441111,9100,-0.84413,-3.6797
199.6,3918.74,2.859094019,9110,-0.81807,-3.6387
199.8,3923.53,2.846280681,9120,-0.10339,-2.6365
200,3928.32,2.762680169,9130,-0.44731,-3.8285
200.2,3933.28,2.741661548,9140,0.0061147,-1.4082
200.4,3938.25,2.67514285,9150,1.7031,-0.96508
200.6,3943.21,2.634336628,9160,1.8342,-1.1657
200.8,3948.18,2.628965501,9170,1.6362,-1.3283
201,3953.14,2.719172331,9180,1.4945,-1.4306
201.2,3958.11,2.786837582,9190,1.4038,-1.3628
201.4,3963.07,2.774585661,9200,1.4348,-1.0001
201.6,3968.04,2.875019049,9210,1.7844,-0.85909
201.8,3973,2.954509558,9220,1.9196,-0.83818
202,3977.97,2.808994199,9230,2.0394,-1.2542
202.2,3982.94,2.850436915,9240,1.8687,-1.7422
202.4,3987.9,2.962831795,9250,1.3939,-2.8069
202.6,3992.87,2.816482916,9260,1.0393,-3.2527
202.8,3997.83,2.585958534,9270,-0.098974,-1.9289
203,4002.8,2.595170853,9280,-0.45083,-1.0699
203.2,4007.76,2.529129794,9290,0.56256,-1.0749
203.4,4012.73,2.733655639,9300,1.6458,-2.5261
203.6,4017.69,2.797387837,9310,1.8068,-2.7466
203.8,4022.66,2.742854123,9320,1.4463,-3.2421
204,4027.62,2.890787818,9330,0.094543,-1.5959
204.2,4032.59,2.8056272,9340,0.066123,-1.4752
204.4,4037.55,2.696584472,9350,-0.42379,-0.72893
204.6,4042.52,2.835865054,9360,1.2703,-0.42507
204.8,4047.48,2.775024777,9370,1.3506,-1.0808
205,4052.45,2.807497039,9380,1.9938,-2.6817
205.2,4057.41,2.886280577,9390,2.3878,-2.1175
205.4,4062.38,2.910914607,9400,2.1312,-1.3365
205.6,4067.34,2.797746143,9410,0.61708,-2.0655
205.8,4072.31,2.872184888,9420,0.27864,-2.9984
206,4077.27,2.684089408,9430,1.1062,-3.7458
206.2,4082.24,2.823361048,9440,1.3881,-2.9419
206.4,4087.21,2.696641565,9450,0.75537,-2.4615
206.6,4092.17,2.929935099,9460,0.0089982,-1.7993
206.8,4097.14,2.929453108,9470,-1.0504,-0.28101
207,4102.1,3.253130849,9480,-0.3179,-0.078419
207.2,4107.07,3.070255188,9490,0.22654,-0.18588
207.4,4112.03,2.789100127,9500,0.56898,0.019352
207.6,4117,3.008795922,9510,1.448,-0.11699
207.8,4121.96,2.918573193,9520,2.8524,-0.24555
208,4126.93,2.950386172,9530,2.7238,-0.1529
208.2,4131.89,3.061471996,9540,2.6481,0.032929
208.4,4136.86,2.953343148,9550,2.8258,0.13424
208.6,4141.82,2.898901114,9560,2.7726,0.23363
208.8,4146.79,3.087309713,9570,2.6152,0.1397
209,4151.75,3.193589096,9580,2.6195,0.024026
209.2,4156.72,2.971089002,9590,2.7629,-0.0044761
209.4,4161.68,2.994215973,9600,2.9068,-0.36906
209.6,4166.65,2.891108949,9610,2.9988,-0.70618
209.8,4171.61,2.869318349,9620,3.064,-1.2234
210,4176.58,2.773942819,9630,2.9737,-2.1372
210.2,4181.32,2.651743939,9640,2.8585,-2.5698
210.4,4186.06,2.643935388,9650,2.8614,-1.2431
210.6,4190.8,2.707663653,9660,2.5612,-0.77868
210.8,4195.54,2.877703739,9670,2.3178,-1.8932
211,4200.28,2.968325224,9680,1.8759,-1.8388
211.2,4205.02,2.856307154,9690,1.4657,-0.4121
211.4,4209.75,NaN,9700,0.30753,-0.58441
211.6,4214.49,NaN,9710,0.37914,-0.42752
211.8,4219.23,3.228826156,9720,1.5819,-1.7268
212.2,4228.71,2.793208009,9730,2.0339,-4.1784
212.4,4233.45,2.40356101,9740,1.5386,-3.9441
212.6,4238.19,2.921624301,9750,0.57461,-2.0158
212.8,4242.93,2.905850682,9760,1.8639,-0.7562
213,4247.67,3.080565058,9770,2.4977,-0.23573
213.2,4252.41,3.189397972,9780,2.22,-0.072921
213.4,4257.15,3.011168082,9790,2.4169,0.048694
213.6,4261.89,2.928103101,9800,0.92331,0.040081
213.8,4266.62,2.824999746,9810,-1.327,-0.021444
214,4271.36,2.668862545,9820,-1.1711,0.028194
214.2,4276.1,2.85529602,9830,0.34046,0.11753
214.4,4280.84,2.893029567,9840,1.7336,0.11593
214.6,4285.58,2.840135284,9850,2.4304,0.16981
214.8,4290.32,2.844158915,9860,2.6706,0.27304
215,4295.06,2.849638008,9870,2.8218,0.37932
215.2,4299.8,2.831937223,9880,2.8863,0.58703
215.4,4304.54,2.941437664,9890,2.8665,0.56279
215.6,4309.28,2.851537444,9900,2.8132,0.51513
215.8,4314.02,2.775358551,9910,2.834,0.49563
216,4318.76,2.743881221,9920,2.9591,0.55718
216.2,4323.49,2.866837733,9930,2.9405,0.63194
216.4,4328.23,2.82559426,9940,2.9746,0.78376
216.6,4332.97,2.885617929,9950,3.0372,0.77634
216.8,4337.71,3.059418159,9960,3.1453,
217,4342.45,3.10538124,9970,3.2322,
217.2,4347.19,3.126874082,9980,3.4356,
217.4,4351.93,3.305567151,9990,3.403,
217.6,4356.67,3.124737218,10000,3.3551,
217.8,4361.41,3.158196189,10010,3.333,
218,4366.15,3.152364344,10020,3.3549,
218.2,4370.89,3.236065633,10030,3.4277,
218.4,4375.63,3.396571313,10040,3.5272,
218.6,4380.36,3.361276001,10050,3.617,
218.8,4385.1,3.231873343,10060,3.6232,
219,4389.84,3.283132139,,,
219.2,4394.58,3.330474905,,,
219.4,4399.32,3.517368813,,,
219.6,4404.06,3.519261672,,,
219.8,4408.8,3.297926474,,,
220,4413.54,3.30684203,,,
220.2,4416.28,3.250058752,,,
220.4,4419.02,3.26369773,,,
220.6,4421.75,3.12176895,,,
220.8,4424.49,3.243589926,,,
221,4427.23,3.24892946,,,
221.2,4429.97,3.112795108,,,
221.4,4432.71,3.207836858,,,
221.6,4435.45,3.034790001,,,
221.8,4438.18,2.899879619,,,
222,4440.92,2.893777259,,,
222.2,4443.66,2.879959927,,,
222.4,4446.4,2.729983911,,,
222.6,4449.14,2.709119965,,,
222.8,4451.88,2.561504517,,,
223,4454.62,2.625583195,,,
223.2,4457.35,2.479398728,,,
223.4,4460.09,2.648323675,,,
223.6,4462.83,2.799148915,,,
223.8,4465.57,2.603350842,,,
224,4468.31,2.93857386,,,
224.2,4471.05,2.929691521,,,
224.4,4473.78,3.079613758,,,
224.6,4476.52,3.019148765,,,
224.8,4479.26,2.815826401,,,
225,4482,2.665234297,,,
225.2,4484.74,2.72341542,,,
225.4,4487.48,2.680996019,,,
225.6,4490.21,2.709508991,,,
225.8,4492.95,2.72583204,,,
226,4495.69,2.672906116,,,
226.2,4498.43,2.76953252,,,
226.4,4501.17,2.903756489,,,
226.6,4503.91,2.752044802,,,
226.8,4506.65,2.701509794,,,
227,4509.38,2.722827213,,,
227.2,4512.12,2.681904921,,,
227.4,4514.86,2.674307544,,,
227.6,4517.6,2.653020137,,,
227.8,4520.34,2.642070893,,,
228,4523.08,2.874487725,,,
228.2,4525.81,2.728884288,,,
228.4,4528.55,2.827283887,,,
228.6,4531.29,2.894166364,,,
228.8,4534.03,2.774005488,,,
229,4536.77,2.729659012,,,
229.2,4539.51,2.816281855,,,
229.4,4542.24,2.908980603,,,
229.6,4544.98,2.898323436,,,
229.8,4547.72,2.963691751,,,
230,4550.46,3.08713874,,,
230.2,4552.24,3.165214557,,,
230.4,4554.03,2.826985704,,,
230.6,4555.81,2.770576465,,,
230.8,4557.6,2.905059565,,,
231,4559.38,2.967489061,,,
231.2,4561.17,2.840583091,,,
231.4,4562.95,3.043427147,,,
231.6,4564.74,2.689319164,,,
231.8,4566.52,2.523738594,,,
232,4568.31,2.685634591,,,
232.2,4570.09,2.631050324,,,
232.4,4571.88,2.815424192,,,
232.6,4573.66,2.793905481,,,
232.8,4575.45,2.637925468,,,
233,4577.23,2.61678861,,,
233.2,4579.02,2.700092222,,,
233.4,4580.8,2.744696824,,,
233.6,4582.59,2.540687484,,,
233.8,4584.37,2.637426451,,,
234,4586.16,2.515642615,,,
234.2,4587.94,2.660909838,,,
234.4,4589.73,2.881286686,,,
234.6,4591.51,2.61737004,,,
234.8,4593.29,2.623364579,,,
235,4595.08,2.67252734,,,
235.2,4596.86,2.587331445,,,
235.4,4598.65,2.687157124,,,
235.6,4600.43,2.674704668,,,
235.8,4602.22,2.710906404,,,
236,4604,2.676501843,,,
236.2,4605.79,2.691082668,,,
236.4,4607.57,2.973976283,,,
236.6,4609.36,2.73415802,,,
236.8,4611.14,2.651502754,,,
237,4612.93,2.616140986,,,
237.2,4614.71,2.609850278,,,
237.4,4616.5,2.576827745,,,
237.6,4618.28,3.093644739,,,
237.8,4620.07,2.993296219,,,
238,4621.85,3.054844689,,,
238.2,4623.64,3.045577151,,,
238.4,4625.42,2.771714214,,,
238.6,4627.21,3.121623166,,,
238.8,4628.99,2.816311533,,,
239,4630.78,2.694117107,,,
239.2,4632.56,2.933567569,,,
239.4,4634.34,3.049324835,,,
239.6,4636.13,3.053351182,,,
239.8,4637.91,3.286876931,,,
240,4639.7,3.162650265,,,
240.2,4641.38,3.212138897,,,
240.4,4643.05,3.224696689,,,
240.6,4644.73,2.840774817,,,
240.8,4646.41,2.714610377,,,
241,4648.08,2.699744506,,,
241.2,4649.76,2.669236423,,,
241.4,4651.44,2.727284324,,,
241.6,4653.12,2.606158533,,,
241.8,4654.79,2.91506437,,,
242,4656.47,2.801615765,,,
242.2,4658.15,2.78474642,,,
242.4,4659.82,2.919183455,,,
242.6,4661.5,2.819545705,,,
242.8,4663.18,2.763829542,,,
243,4664.85,2.775872797,,,
243.2,4666.53,2.916114646,,,
243.4,4668.21,2.786302398,,,
243.6,4669.89,2.858891231,,,
243.8,4671.56,2.819596531,,,
244,4673.24,2.918880815,,,
244.2,4674.92,2.692782729,,,
244.4,4676.59,2.447857837,,,
244.6,4678.27,2.55040967,,,
244.8,4679.95,2.758248946,,,
245,4681.62,2.996152353,,,
245.2,4683.3,NaN,,,
245.4,4684.98,NaN,,,
245.6,4686.66,2.024381764,,,
245.8,4688.33,NaN,,,
246.4,4693.36,3.131409799,,,
246.6,4695.04,2.842843424,,,
246.8,4696.72,3.027546377,,,
247,4698.4,2.944010989,,,
247.2,4700.07,2.91132399,,,
247.4,4701.75,3.049436453,,,
247.6,4703.43,3.017476895,,,
247.8,4705.1,2.745576728,,,
248,4706.78,2.90009674,,,
248.2,4708.46,2.96046652,,,
248.4,4710.13,2.834443205,,,
248.6,4711.81,2.912002017,,,
248.8,4713.49,2.710957847,,,
249,4715.17,2.699699422,,,
249.2,4716.84,2.67052819,,,
249.4,4718.52,2.719194766,,,
249.6,4720.2,2.843970368,,,
249.8,4721.87,2.972472785,,,
250,4723.55,3.053497299,,,
250.2,4725.74,3.230358206,,,
250.4,4727.93,3.101397365,,,
250.6,4730.11,3.140215381,,,
250.8,4732.3,3.157480229,,,
251,4734.49,3.146958397,,,
251.2,4736.67,3.053633855,,,
251.4,4738.86,3.248553019,,,
251.6,4741.05,3.14045448,,,
251.8,4743.24,2.904205971,,,
252,4745.42,2.869910686,,,
252.2,4747.61,2.821777678,,,
252.4,4749.8,2.731124114,,,
252.6,4751.99,2.774895174,,,
252.8,4754.17,2.875667817,,,
253,4756.36,3.179287637,,,
253.2,4758.55,2.981079997,,,
253.4,4760.74,3.08955325,,,
253.6,4762.92,3.060410294,,,
253.8,4765.11,2.856236793,,,
254,4767.3,2.974995326,,,
254.2,4769.49,2.870937613,,,
254.4,4771.67,2.982504141,,,
254.6,4773.86,2.876536951,,,
254.8,4776.05,3.213061855,,,
255,4778.24,2.755847809,,,
255.6,4784.8,NaN,,,
255.8,4786.98,3.219346302,,,
256,4789.17,3.207592899,,,
256.2,4791.36,3.093312602,,,
256.4,4793.55,3.116642406,,,
256.6,4795.73,2.998695239,,,
256.8,4797.92,2.959197949,,,
257,4800.11,3.073351117,,,
257.2,4802.3,2.935987336,,,
257.4,4804.48,3.256228736,,,
257.6,4806.67,3.103352734,,,
257.8,4808.86,2.955094628,,,
258,4811.05,2.935227837,,,
258.2,4813.23,2.981633349,,,
258.4,4815.42,2.959181261,,,
258.6,4817.61,2.888027091,,,
258.8,4819.8,2.970537142,,,
259,4821.98,3.012261576,,,
259.2,4824.17,2.95485909,,,
259.4,4826.36,3.049440297,,,
259.6,4828.55,2.895065028,,,
259.8,4830.73,3.019257207,,,
260,4832.92,3.041842369,,,
260.2,4834.93,3.003813567,,,
260.4,4836.93,3.022412789,,,
260.6,4838.94,3.049980967,,,
260.8,4840.95,3.021948116,,,
261,4842.95,2.907098272,,,
261.2,4844.96,3.061630164,,,
261.4,4846.96,2.986548015,,,
261.6,4848.97,3.145580595,,,
261.8,4850.98,3.060748622,,,
262,4852.98,3.014421963,,,
262.2,4854.99,3.039964178,,,
262.4,4857,3.091890578,,,
262.6,4859,3.172019618,,,
262.8,4861.01,3.288296774,,,
263,4863.01,3.062671756,,,
263.2,4865.02,3.067644855,,,
263.4,4867.03,3.114433851,,,
263.6,4869.03,3.174299468,,,
263.8,4871.04,3.090918928,,,
264,4873.05,3.153321816,,,
264.2,4875.05,3.201518853,,,
264.4,4877.06,3.229976771,,,
264.6,4879.06,3.108733251,,,
264.8,4881.07,3.062740054,,,
265,4883.08,3.14044256,,,
265.2,4885.08,3.040587361,,,
265.4,4887.09,3.039319672,,,
265.6,4889.1,3.059396811,,,
265.8,4891.1,3.055679117,,,
266,4893.11,3.093627269,,,
266.2,4895.11,3.042706731,,,
266.4,4897.12,2.989285203,,,
266.6,4899.13,3.203610971,,,
266.8,4901.13,3.157763036,,,
267,4903.14,3.051057285,,,
267.2,4905.15,3.231504773,,,
267.4,4907.15,3.046311027,,,
267.6,4909.16,3.064276523,,,
267.8,4911.16,3.097588558,,,
268,4913.17,3.064103483,,,
268.2,4915.18,2.994610568,,,
268.4,4917.18,3.031260743,,,
268.6,4919.19,2.970886275,,,
268.8,4921.2,3.008394487,,,
269,4923.2,2.944680934,,,
269.2,4925.21,3.007947861,,,
269.4,4927.21,3.01658257,,,
269.6,4929.22,3.127004171,,,
269.8,4931.23,2.724919962,,,
270,4933.23,2.924476446,,,
270.2,4935.32,2.72892579,,,
270.4,4937.42,3.055958976,,,
270.6,4939.51,2.935762832,,,
270.8,4941.6,2.900384872,,,
271,4943.69,2.840239369,,,
271.2,4945.78,2.708204868,,,
271.4,4947.87,2.768992737,,,
271.6,4949.96,2.974365924,,,
271.8,4952.05,2.888919133,,,
272,4954.14,3.007259779,,,
272.2,4956.23,2.980189218,,,
272.4,4958.33,3.011671406,,,
272.6,4960.42,3.018621025,,,
272.8,4962.51,3.656946407,,,
273,4964.6,2.531710716,,,
273.2,4966.69,3.258096538,,,
273.4,4968.78,3.64341708,,,
273.6,4970.87,3.797360097,,,
273.8,4972.96,3.340671961,,,
274,4975.05,3.118473756,,,
274.2,4977.15,2.927479747,,,
274.4,4979.24,3.060763575,,,
274.6,4981.33,2.834294571,,,
274.8,4983.42,2.965138001,,,
275,4985.51,2.952831595,,,
275.2,4987.6,2.994386076,,,
275.4,4989.69,2.856589723,,,
275.6,4991.78,2.925114706,,,
275.8,4993.87,2.993464897,,,
276,4995.96,2.917650068,,,
276.2,4998.06,2.91519925,,,
276.4,5000.15,2.975900555,,,
276.6,5002.24,3.035630765,,,
276.8,5004.33,3.087639712,,,
277,5006.42,2.927214213,,,
277.2,5008.51,2.969258797,,,
277.4,5010.6,2.97672154,,,
277.6,5012.69,3.033033627,,,
277.8,5014.78,3.090940303,,,
278,5016.87,3.028522096,,,
278.2,5018.97,3.161083726,,,
278.4,5021.06,3.14743097,,,
278.6,5023.15,3.009125331,,,
278.8,5025.24,3.068732699,,,
279,5027.33,3.168167155,,,
279.2,5029.42,2.867006591,,,
279.4,5031.51,3.013080912,,,
279.6,5033.6,3.172676361,,,
279.8,5035.69,3.075080697,,,
280,5037.78,3.028443223,,,
280.2,5039.88,2.94207276,,,
280.4,5041.98,3.111471179,,,
280.6,5044.08,3.070258332,,,
280.8,5046.18,3.052579029,,,
281,5048.27,3.444471812,,,
281.2,5050.37,3.276845197,,,
281.4,5052.47,3.025716963,,,
281.6,5054.57,2.962921353,,,
281.8,5056.67,2.991595288,,,
282,5058.76,3.044834645,,,
282.2,5060.86,3.17175734,,,
282.4,5062.96,3.233928627,,,
282.6,5065.06,3.234275041,,,
282.8,5067.16,3.398847204,,,
283,5069.25,3.244235737,,,
283.2,5071.35,3.090911452,,,
283.4,5073.45,3.05067441,,,
283.6,5075.55,3.098309068,,,
283.8,5077.65,3.049674174,,,
284,5079.74,3.2907871,,,
284.2,5081.84,2.992827828,,,
284.4,5083.94,3.083232904,,,
284.6,5086.04,3.078278966,,,
284.8,5088.14,3.054231252,,,
285,5090.23,2.994609194,,,
285.2,5092.33,3.003968936,,,
285.4,5094.43,2.728208277,,,
285.6,5096.53,2.666135225,,,
285.8,5098.63,2.759336104,,,
286,5100.72,2.916041483,,,
286.2,5102.82,2.918471476,,,
286.4,5104.92,3.005929413,,,
286.6,5107.02,2.983047114,,,
286.8,5109.12,2.918210815,,,
287,5111.21,2.956200588,,,
287.2,5113.31,2.918239299,,,
287.4,5115.41,3.022029226,,,
287.6,5117.51,3.023652115,,,
287.8,5119.61,2.984902872,,,
288,5121.7,2.851227341,,,
288.2,5123.8,2.737178474,,,
288.4,5125.9,2.642872978,,,
288.6,5128,2.535566713,,,
288.8,5130.1,2.505669646,,,
289,5132.19,2.622550033,,,
289.2,5134.29,2.928280947,,,
289.4,5136.39,2.775172527,,,
289.6,5138.49,2.544064842,,,
289.8,5140.59,2.527112302,,,
290,5142.68,2.434875443,,,
290.2,5144.74,2.527107004,,,
290.4,5146.79,2.76078221,,,
290.6,5148.84,2.863483408,,,
290.8,5150.9,2.839263119,,,
291,5152.95,3.00867926,,,
291.2,5155.01,2.948563197,,,
291.4,5157.06,2.914726921,,,
291.6,5159.11,2.984395938,,,
291.8,5161.17,2.985681938,,,
292,5163.22,3.08814874,,,
292.2,5165.27,2.970813468,,,
292.4,5167.33,2.90416508,,,
292.6,5169.38,2.808424484,,,
292.8,5171.43,2.897751865,,,
293,5173.49,2.927311321,,,
293.2,5175.54,2.911243952,,,
293.4,5177.6,2.834868974,,,
293.6,5179.65,2.865668806,,,
293.8,5181.7,2.849128799,,,
294,5183.76,2.899920575,,,
294.2,5185.81,2.804727042,,,
294.4,5187.86,2.915511752,,,
294.6,5189.92,3.02516498,,,
294.8,5191.97,3.432519853,,,
295,5194.03,3.024185405,,,
295.2,5196.08,2.833773411,,,
295.4,5198.13,3.054560667,,,
295.6,5200.19,2.887364237,,,
295.8,5202.24,2.940130229,,,
296,5204.29,2.6683153,,,
296.2,5206.35,2.864123532,,,
296.4,5208.4,2.862024135,,,
296.6,5210.45,3.016600542,,,
296.8,5212.51,3.106299797,,,
297,5214.56,3.050044263,,,
297.2,5216.62,2.98307583,,,
297.4,5218.67,2.893259517,,,
297.6,5220.72,2.999593006,,,
297.8,5222.78,2.936405374,,,
298,5224.83,2.838810582,,,
298.2,5226.88,3.049486676,,,
298.4,5228.94,2.643473693,,,
298.6,5230.99,2.702164946,,,
298.8,5233.04,2.898872729,,,
299,5235.1,2.881165709,,,
299.2,5237.15,2.897650673,,,
299.4,5239.21,3.065022499,,,
299.6,5241.26,2.870984531,,,
299.8,5243.31,2.873659588,,,
300,5245.37,2.942037697,,,
300.2,5247.43,2.958953022,,,
300.4,5249.49,2.858286681,,,
300.6,5251.54,2.747059855,,,
300.8,5253.6,2.528643524,,,
301,5255.66,2.481455821,,,
301.2,5257.72,2.494364705,,,
301.4,5259.78,2.358449741,,,
301.6,5261.84,2.366906199,,,
301.8,5263.9,2.500869351,,,
302,5265.96,2.637595222,,,
302.2,5268.02,2.699700667,,,
302.4,5270.08,2.874631528,,,
302.6,5272.14,2.986876471,,,
302.8,5274.2,3.037029831,,,
303,5276.26,3.039318836,,,
303.2,5278.31,3.296214724,,,
303.4,5280.37,3.204253306,,,
303.6,5282.43,3.108099435,,,
303.8,5284.49,3.165891693,,,
304,5286.55,3.178927574,,,
304.2,5288.61,3.12037747,,,
304.4,5290.67,3.019949197,,,
304.6,5292.73,3.131716014,,,
304.8,5294.79,2.832757244,,,
305,5296.85,2.946016681,,,
305.2,5298.91,3.077077913,,,
305.4,5300.97,3.045904608,,,
305.6,5303.03,3.017872128,,,
305.8,5305.09,3.143912786,,,
306,5307.14,3.048474622,,,
306.2,5309.2,3.08970203,,,
306.4,5311.26,3.146022127,,,
306.6,5313.32,2.944959948,,,
306.8,5315.38,2.90332714,,,
307,5317.44,2.946439869,,,
307.2,5319.5,3.038835377,,,
307.4,5321.56,2.948191329,,,
307.6,5323.62,2.966927712,,,
307.8,5325.68,2.925773685,,,
308,5327.74,3.007473232,,,
308.2,5329.8,2.96935533,,,
308.4,5331.86,3.156201643,,,
308.6,5333.91,2.85285391,,,
308.8,5335.97,2.500980475,,,
309,5338.03,2.603787912,,,
309.2,5340.09,2.777009015,,,
309.4,5342.15,2.735484275,,,
309.6,5344.21,2.643560827,,,
309.8,5346.27,2.773455065,,,
310,5348.33,2.721409178,,,
310.2,5350.38,2.657897536,,,
310.4,5352.44,2.775824971,,,
310.6,5354.49,2.752067087,,,
310.8,5356.55,2.901058255,,,
311,5358.6,2.865148746,,,
311.2,5360.66,2.907269166,,,
311.4,5362.71,2.800480769,,,
311.6,5364.77,2.802262188,,,
311.8,5366.82,2.828067875,,,
312,5368.88,2.799977381,,,
312.2,5370.93,2.818676826,,,
312.4,5372.99,2.703880271,,,
312.6,5375.04,2.787248274,,,
312.8,5377.1,2.652003412,,,
313,5379.15,2.700335602,,,
313.2,5381.21,2.798426399,,,
313.4,5383.26,2.678419292,,,
313.6,5385.32,2.704387899,,,
313.8,5387.37,2.605402655,,,
314,5389.42,2.528566718,,,
314.2,5391.48,2.593302657,,,
314.4,5393.53,2.642413037,,,
314.6,5395.59,2.788902298,,,
314.8,5397.64,2.803469772,,,
315,5399.7,2.917077491,,,
315.2,5401.75,2.698465796,,,
315.4,5403.81,2.78045906,,,
315.6,5405.86,3.164044308,,,
315.8,5407.92,3.010498109,,,
316,5409.97,2.851622566,,,
316.2,5412.03,2.814135842,,,
316.4,5414.08,2.868623978,,,
316.6,5416.14,2.816354586,,,
316.8,5418.19,2.613676828,,,
317,5420.25,2.651569789,,,
317.2,5422.3,2.861614428,,,
317.4,5424.36,2.847764625,,,
317.6,5426.41,2.638954104,,,
317.8,5428.47,2.621167765,,,
318,5430.52,2.617246498,,,
318.2,5432.58,2.706219765,,,
318.4,5434.63,2.744371761,,,
318.6,5436.68,2.717438951,,,
318.8,5438.74,2.740355551,,,
319,5440.79,2.510391333,,,
319.2,5442.85,2.582155083,,,
319.4,5444.9,2.646030048,,,
319.6,5446.96,2.9347688,,,
319.8,5449.01,2.980775808,,,
320,5451.07,2.917052148,,,
320.2,5458.83,2.679741167,,,
320.4,5466.6,2.830655454,,,
320.6,5474.36,2.826715319,,,
320.8,5482.13,2.901306116,,,
321,5489.89,2.796603598,,,
321.2,5497.66,2.750769062,,,
321.4,5505.43,2.909427844,,,
321.6,5513.19,3.192542273,,,
321.8,5520.96,3.109229408,,,
322,5528.72,3.050896159,,,
322.2,5536.49,3.083061238,,,
322.4,5544.25,3.139998728,,,
322.6,5552.02,3.191337306,,,
322.8,5559.78,3.09682839,,,
323,5567.55,3.215207132,,,
323.2,5575.31,3.171971206,,,
323.4,5583.08,3.00367363,,,
323.6,5590.84,2.928624417,,,
323.8,5598.61,3.087427802,,,
324,5606.37,3.186492699,,,
324.2,5614.14,3.159188264,,,
324.4,5621.9,3.03129531,,,
324.6,5629.67,3.172976506,,,
324.8,5637.43,3.152942783,,,
325,5645.2,3.036932895,,,
325.2,5652.97,3.047274473,,,
325.4,5660.73,3.038368007,,,
325.6,5668.5,3.123172177,,,
325.8,5676.26,3.307788081,,,
326,5684.03,3.230700245,,,
326.2,5691.79,3.106226468,,,
326.4,5699.56,2.868252571,,,
326.6,5707.32,2.611894594,,,
326.8,5715.09,2.500762629,,,
327,5722.85,2.30461295,,,
327.2,5730.62,1.997183071,,,
327.4,5738.38,1.047515291,,,
327.6,5746.15,1.768363678,,,
327.8,5753.91,1.484050669,,,
328,5761.68,2.762508368,,,
328.2,5769.44,2.979500848,,,
328.4,5777.21,3.134633836,,,
328.6,5784.97,3.101952246,,,
328.8,5792.74,3.148495777,,,
329,5800.51,3.178873167,,,
329.2,5808.27,3.334509544,,,
329.4,5816.04,3.19231239,,,
329.6,5823.8,3.150283033,,,
329.8,5831.57,3.170260076,,,
330,5839.33,3.285489983,,,
330.2,5846.82,3.394716862,,,
330.4,5854.31,3.370320647,,,
330.6,5861.8,3.289294909,,,
330.8,5869.29,3.376475699,,,
331,5876.78,3.162472154,,,
331.2,5884.27,3.332157017,,,
331.4,5891.76,3.372892436,,,
331.6,5899.25,3.368905877,,,
331.8,5906.74,3.352205177,,,
332,5914.23,3.384040013,,,
332.2,5921.72,3.483478797,,,
332.4,5929.2,3.714995301,,,
332.6,5936.69,3.654070049,,,
332.8,5944.18,3.629456034,,,
333.2,5959.16,3.522202514,,,
333.4,5966.65,3.314050057,,,
333.6,5974.14,3.437482786,,,
333.8,5981.63,3.419617819,,,
334,5989.12,3.480010385,,,
334.2,5996.61,3.431801411,,,
334.4,6004.1,3.281136593,,,
334.6,6011.59,3.315239931,,,
334.8,6019.08,3.339127792,,,
335,6026.57,3.402676771,,,
335.2,6034.06,3.511447883,,,
335.4,6041.55,3.503375756,,,
335.6,6049.03,3.308588229,,,
335.8,6056.52,3.340569826,,,
336,6064.01,3.441837266,,,
336.2,6071.5,3.431743898,,,
336.4,6078.99,3.554274645,,,
336.6,6086.48,3.644770723,,,
336.8,6093.97,3.661445919,,,
337,6101.46,3.596483789,,,
337.2,6108.95,3.517708402,,,
337.4,6116.44,3.5180049,,,
337.6,6123.93,3.464522988,,,
337.8,6131.42,3.492797225,,,
338,6138.91,3.460640583,,,
338.2,6146.4,3.330517552,,,
338.4,6153.89,3.372115808,,,
338.6,6161.38,3.298196137,,,
338.8,6168.86,3.162626315,,,
339,6176.35,3.019895961,,,
339.2,6183.84,2.952879744,,,
339.4,6191.33,2.966107335,,,
339.6,6198.82,2.775992582,,,
339.8,6206.31,2.88274655,,,
340,6213.8,2.760115916,,,
340.2,6220.9,2.593743576,,,
340.4,6228.01,2.549551347,,,
340.6,6235.11,2.495601939,,,
340.8,6242.21,2.241627395,,,
341,6249.32,2.531247138,,,
341.2,6256.42,2.467729214,,,
341.4,6263.52,2.746198631,,,
341.6,6270.63,2.553423601,,,
341.8,6277.73,2.833786602,,,
342,6284.83,2.81094322,,,
342.2,6291.93,2.380375629,,,
342.4,6299.04,2.866504276,,,
342.6,6306.14,3.304019913,,,
342.8,6313.24,2.955510115,,,
343,6320.35,3.174246592,,,
343.2,6327.45,3.179485785,,,
343.4,6334.55,2.416299763,,,
343.6,6341.66,3.042484679,,,
343.8,6348.76,2.90153353,,,
344,6355.86,2.962093628,,,
344.2,6362.96,2.885339035,,,
344.4,6370.07,2.523896902,,,
344.6,6377.17,2.79081979,,,
344.8,6384.27,2.464705919,,,
345,6391.38,2.798650177,,,
345.2,6398.48,2.709644371,,,
345.4,6405.58,2.996776832,,,
345.6,6412.69,2.694473514,,,
345.8,6419.79,2.810879299,,,
346,6426.89,2.260905994,,,
346.2,6434,2.779038583,,,
346.4,6441.1,2.406564003,,,
346.6,6448.2,2.574367625,,,
346.8,6455.3,2.438390551,,,
347,6462.41,2.551710748,,,
347.2,6469.51,2.636489446,,,
347.4,6476.61,2.650461507,,,
347.6,6483.72,2.747339106,,,
347.8,6490.82,2.491462428,,,
348,6497.92,2.032361453,,,
348.2,6505.03,2.498013312,,,
348.4,6512.13,2.987033128,,,
348.6,6519.23,2.740725897,,,
348.8,6526.33,2.755094449,,,
349,6533.44,2.687173059,,,
349.2,6540.54,1.846393705,,,
349.4,6547.64,2.670196478,,,
349.6,6554.75,3.002831368,,,
349.8,6561.85,2.540873496,,,
350,6568.95,2.566828644,,,
350.2,6576.26,2.584273033,,,
350.4,6583.57,2.913276342,,,
350.6,6590.87,2.62410378,,,
350.8,6598.18,2.476354114,,,
351,6605.48,2.199702985,,,
351.2,6612.79,2.295877667,,,
351.4,6620.1,2.294082324,,,
351.6,6627.4,2.74714657,,,
351.8,6634.71,2.821153695,,,
352,6642.02,3.120922301,,,
352.2,6649.32,2.933331384,,,
352.4,6656.63,3.111764622,,,
352.6,6663.94,3.10426811,,,
352.8,6671.24,3.081502139,,,
353,6678.55,3.092794565,,,
353.2,6685.85,3.114010389,,,
353.4,6693.16,2.880401586,,,
353.6,6700.47,2.844628186,,,
353.8,6707.77,2.667754028,,,
354,6715.08,2.938436279,,,
354.2,6722.39,3.456787778,,,
354.4,6729.69,3.424880643,,,
354.6,6737,3.321108099,,,
354.8,6744.3,3.227418938,,,
355,6751.61,3.172981464,,,
355.2,6758.92,2.890371758,,,
355.4,6766.22,2.908987621,,,
355.6,6773.53,2.846741496,,,
355.8,6780.84,3.031268433,,,
356,6788.14,2.864356233,,,
356.2,6795.45,2.602712338,,,
356.4,6802.76,2.446919474,,,
356.6,6810.06,3.167011483,,,
356.8,6817.37,3.084148158,,,
357,6824.67,3.041719712,,,
357.2,6831.98,2.796921209,,,
357.4,6839.29,2.813269772,,,
357.6,6846.59,2.770257051,,,
357.8,6853.9,2.722564981,,,
358,6861.21,2.783734454,,,
358.2,6868.51,2.919814973,,,
358.4,6875.82,2.867962542,,,
358.6,6883.13,2.334046829,,,
358.8,6890.43,2.618607681,,,
359,6897.74,2.946302572,,,
359.2,6905.04,2.819841607,,,
359.4,6912.35,2.693721489,,,
359.6,6919.66,2.637143876,,,
359.8,6926.96,2.799145268,,,
360,6934.27,2.808581324,,,
360.2,6939.73,2.499969389,,,
360.4,6945.19,2.312625767,,,
360.6,6950.65,2.433357674,,,
360.8,6956.11,2.306652744,,,
361,6961.57,2.549020232,,,
361.2,6967.02,2.72266424,,,
361.4,6972.48,2.776451577,,,
361.6,6977.94,2.76446897,,,
361.8,6983.4,2.905144394,,,
362,6988.86,2.651059923,,,
362.2,6994.32,3.173454578,,,
362.4,6999.78,3.097047205,,,
362.6,7005.24,3.145055652,,,
362.8,7010.7,2.722820309,,,
363,7016.16,0.839018728,,,
363.2,7021.61,1.916064867,,,
363.4,7027.07,2.562963483,,,
363.6,7032.53,2.583986563,,,
363.8,7037.99,2.385442437,,,
364,7043.45,2.250826912,,,
364.2,7048.91,2.313122455,,,
364.4,7054.37,0.5363338,,,
364.6,7059.83,0.605795725,,,
364.8,7065.29,2.011470078,,,
365,7070.75,2.386535996,,,
365.2,7076.21,2.389331599,,,
365.4,7081.66,2.546812279,,,
365.6,7087.12,2.535223752,,,
365.8,7092.58,2.868102743,,,
366,7098.04,3.11780561,,,
366.2,7103.5,3.04652928,,,
366.4,7108.96,3.260761278,,,
366.6,7114.42,3.348681495,,,
366.8,7119.88,3.50871443,,,
367,7125.34,3.526454188,,,
367.2,7130.8,3.623019929,,,
367.4,7136.25,3.582755521,,,
367.6,7141.71,3.637419941,,,
367.8,7147.17,3.761823138,,,
368,7152.63,3.561731584,,,
368.2,7158.09,3.417088495,,,
368.4,7163.55,3.464478257,,,
368.6,7169.01,3.383326221,,,
368.8,7174.47,3.261229278,,,
369,7179.93,3.194917636,,,
369.2,7185.39,3.009486536,,,
369.4,7190.85,2.838408925,,,
369.6,7196.3,3.122844593,,,
369.8,7201.76,3.25983624,,,
370,7207.22,3.0311772,,,
370.2,7211.04,3.035651535,,,
370.4,7214.87,2.837418022,,,
370.6,7218.69,2.5638304,,,
370.8,7222.51,2.620623198,,,
371,7226.33,2.538502714,,,
371.2,7230.15,2.504150837,,,
371.4,7233.97,1.976197709,,,
371.6,7237.8,2.30812305,,,
371.8,7241.62,1.758895699,,,
372,7245.44,1.44920564,,,
372.2,7249.26,1.9667091,,,
372.4,7253.08,2.695624155,,,
372.6,7256.91,2.655102801,,,
372.8,7260.73,2.752403369,,,
373,7264.55,2.979964856,,,
373.2,7268.37,3.336054233,,,
373.4,7272.19,3.264883354,,,
373.6,7276.01,3.089138504,,,
373.8,7279.84,3.32923206,,,
374,7283.66,2.958413869,,,
374.2,7287.48,2.568652068,,,
374.4,7291.3,2.457743813,,,
374.6,7295.12,2.459103244,,,
374.8,7298.94,2.46432518,,,
375,7302.77,2.552876238,,,
375.2,7306.59,2.694455692,,,
375.4,7310.41,2.801657287,,,
375.6,7314.23,2.674853501,,,
375.8,7318.05,2.768825172,,,
376,7321.88,2.560578025,,,
376.2,7325.7,2.418239637,,,
376.4,7329.52,2.691354899,,,
376.6,7333.34,2.798229453,,,
376.8,7337.16,2.622084604,,,
377,7340.98,2.055261515,,,
377.2,7344.81,2.333953304,,,
377.4,7348.63,2.169148934,,,
377.6,7352.45,1.901408842,,,
377.8,7356.27,0.935927615,,,
378,7360.09,1.609830482,,,
378.2,7363.91,1.508611564,,,
378.4,7367.74,1.677954955,,,
378.6,7371.56,1.976350409,,,
378.8,7375.38,1.753027373,,,
379,7379.2,1.508025006,,,
379.2,7383.02,1.839076305,,,
379.4,7386.85,1.816900708,,,
379.6,7390.67,1.603219202,,,
379.8,7394.49,1.545270558,,,
380,7398.31,1.801496574,,,
380.2,7402.22,1.606627573,,,
380.4,7406.12,1.746803227,,,
380.6,7410.03,1.782256865,,,
380.8,7413.93,1.67737569,,,
381,7417.84,1.372571291,,,
381.2,7421.75,1.464152391,,,
381.4,7425.65,1.414781397,,,
381.6,7429.56,1.665507454,,,
381.8,7433.46,1.752490733,,,
382,7437.37,1.616309529,,,
382.2,7441.27,0.96501448,,,
382.4,7445.18,1.243985394,,,
382.6,7449.09,1.422976432,,,
382.8,7452.99,1.808255533,,,
383,7456.9,1.734437188,,,
383.2,7460.8,1.794645931,,,
383.4,7464.71,1.66732075,,,
383.6,7468.61,1.330591116,,,
383.8,7472.52,1.562208856,,,
384,7476.43,1.682480794,,,
384.2,7480.33,1.608179011,,,
384.4,7484.24,1.133477834,,,
384.6,7488.14,2.115254501,,,
384.8,7492.05,2.039282296,,,
385,7495.96,1.748401421,,,
385.2,7499.86,1.151492488,,,
385.4,7503.77,0.920163558,,,
385.6,7507.67,1.112598531,,,
385.8,7511.58,0.553877621,,,
386,7515.48,1.125096456,,,
386.2,7519.39,1.814580564,,,
386.4,7523.3,1.887044749,,,
386.6,7527.2,1.977861749,,,
386.8,7531.11,1.736814604,,,
387,7535.01,1.456831509,,,
387.2,7538.92,1.785359706,,,
387.4,7542.82,2.152750734,,,
387.6,7546.73,2.006743841,,,
387.8,7550.64,1.734615641,,,
388,7554.54,0.967376655,,,
388.2,7558.45,2.331832698,,,
388.4,7562.35,2.654674007,,,
388.6,7566.26,2.313226851,,,
388.8,7570.17,2.308980422,,,
389,7574.07,2.652543315,,,
389.2,7577.98,2.516648118,,,
389.4,7581.88,3.181201564,,,
389.6,7585.79,2.892461979,,,
389.8,7589.69,2.210474591,,,
390,7593.6,1.971965263,,,
390.2,7597.44,1.931324184,,,
390.4,7601.27,1.696964301,,,
390.6,7605.11,1.784348368,,,
390.8,7608.95,1.81898951,,,
391,7612.79,1.884486404,,,
391.2,7616.62,1.509725384,,,
391.4,7620.46,1.170389108,,,
391.6,7624.3,1.570801411,,,
391.8,7628.13,1.384628592,,,
392,7631.97,1.372616883,,,
392.2,7635.81,0.895369575,,,
392.4,7639.65,1.111540717,,,
392.6,7643.48,1.674012188,,,
392.8,7647.32,1.800598688,,,
393,7651.16,2.044464291,,,
393.2,7654.99,2.094412487,,,
393.4,7658.83,1.919995492,,,
393.6,7662.67,1.861579075,,,
393.8,7666.5,1.707221762,,,
394,7670.34,1.325741293,,,
394.2,7674.18,1.11194746,,,
394.4,7678.02,1.194070324,,,
394.6,7681.85,0.838714393,,,
394.8,7685.69,1.153823181,,,
395,7689.53,1.271919552,,,
395.2,7693.36,1.423799683,,,
395.4,7697.2,1.462483499,,,
395.6,7701.04,1.722972521,,,
395.8,7704.88,1.657337929,,,
396,7708.71,1.986626567,,,
396.2,7712.55,1.470734606,,,
396.4,7716.39,2.015013941,,,
396.6,7720.22,2.400950429,,,
396.8,7724.06,2.307776641,,,
397,7727.9,2.688825895,,,
397.2,7731.74,2.886173679,,,
397.4,7735.57,2.954028927,,,
397.6,7739.41,3.060710397,,,
397.8,7743.25,2.985212013,,,
398,7747.08,2.8243012,,,
398.2,7750.92,3.07562575,,,
398.4,7754.76,3.326520883,,,
398.6,7758.6,3.241882669,,,
398.8,7762.43,3.622577673,,,
399,7766.27,3.964676252,,,
399.2,7770.11,3.613202204,,,
399.4,7773.94,3.460883152,,,
399.6,7777.78,3.365894534,,,
399.8,7781.62,3.512841562,,,
400,7785.45,3.415603887,,,
400.2,7789.22,3.363438975,,,
400.4,7792.98,3.268952693,,,
400.6,7796.75,3.289707006,,,
400.8,7800.51,3.144605896,,,
401,7804.28,3.183652501,,,
401.2,7808.04,3.211417862,,,
401.4,7811.8,3.212360893,,,
401.6,7815.57,3.11121243,,,
401.8,7819.33,3.143854692,,,
402,7823.1,3.165125402,,,
402.2,7826.86,3.125204077,,,
402.4,7830.63,3.117462656,,,
402.6,7834.39,2.977616282,,,
402.8,7838.15,2.479145712,,,
403,7841.92,2.677334511,,,
403.2,7845.68,2.635160715,,,
403.4,7849.45,2.383288812,,,
403.6,7853.21,2.507459423,,,
403.8,7856.98,1.993139636,,,
404,7860.74,1.890217999,,,
404.2,7864.5,2.295490216,,,
404.4,7868.27,2.443970393,,,
404.6,7872.03,2.416673573,,,
404.8,7875.8,2.287870623,,,
405,7879.56,2.1102132,,,
405.2,7883.33,2.198638405,,,
405.4,7887.09,2.121134355,,,
405.6,7890.85,2.211820168,,,
405.8,7894.62,2.387178261,,,
406,7898.38,2.297008827,,,
406.2,7902.15,2.161597167,,,
406.4,7905.91,2.427092107,,,
406.6,7909.68,2.642105916,,,
406.8,7913.44,3.044334759,,,
407,7917.2,2.971043663,,,
407.2,7920.97,3.184290084,,,
407.4,7924.73,3.269188144,,,
407.6,7928.5,3.225096843,,,
407.8,7932.26,3.088197501,,,
408,7936.03,3.303817248,,,
408.2,7939.79,3.288295441,,,
408.4,7943.55,3.149406649,,,
408.6,7947.32,3.076132699,,,
408.8,7951.08,3.160839062,,,
409,7954.85,3.328927185,,,
409.2,7958.61,3.138622311,,,
409.4,7962.38,3.124645825,,,
409.6,7966.14,3.133839157,,,
409.8,7969.9,3.109169014,,,
410,7973.67,3.210030094,,,
410.2,7979.51,3.200930044,,,
410.4,7985.35,3.163094245,,,
410.6,7991.2,3.155100976,,,
410.8,7997.04,3.142135449,,,
411,8002.88,3.16375859,,,
411.2,8008.73,3.169869421,,,
411.4,8014.57,3.278075005,,,
411.6,8020.41,3.145618555,,,
411.8,8026.25,3.140891476,,,
412,8032.1,3.226320571,,,
412.2,8037.94,3.223321885,,,
412.4,8043.78,3.19929292,,,
412.6,8049.63,3.212485077,,,
412.8,8055.47,3.237951972,,,
413,8061.31,3.267887448,,,
413.2,8067.15,3.277097086,,,
413.4,8073,3.28809297,,,
413.6,8078.84,3.32136265,,,
413.8,8084.68,3.049830183,,,
414,8090.53,2.582006139,,,
414.2,8096.37,2.439631313,,,
414.4,8102.21,2.002188913,,,
414.6,8108.05,0.246549198,,,
414.8,8113.9,2.059982605,,,
415,8119.74,1.985763414,,,
415.2,8125.58,2.148499262,,,
415.4,8131.43,2.158498262,,,
415.6,8137.27,1.325153077,,,
415.8,8143.11,1.391503144,,,
416,8148.95,2.041771913,,,
416.2,8154.8,2.815966084,,,
416.4,8160.64,2.147760786,,,
416.6,8166.48,2.037532101,,,
416.8,8172.33,1.832354661,,,
417,8178.17,2.196457186,,,
417.2,8184.01,2.545333763,,,
417.4,8189.85,1.902168988,,,
417.6,8195.7,1.365483924,,,
417.8,8201.54,2.427701025,,,
418,8207.38,1.731489,,,
418.2,8213.23,1.967758655,,,
418.4,8219.07,2.244573895,,,
418.6,8224.91,1.997859174,,,
418.8,8230.76,0.836333724,,,
419,8236.6,-1.187528456,,,
419.2,8242.44,0.260036778,,,
419.4,8248.28,1.175081595,,,
419.6,8254.13,1.440252763,,,
419.8,8259.97,1.53373224,,,
420,8265.81,1.791944176,,,
420.2,8272.17,2.194467585,,,
420.4,8278.54,2.652123521,,,
420.6,8284.9,2.873106987,,,
420.8,8291.26,2.895817279,,,
421,8297.62,2.794993687,,,
421.2,8303.98,2.763760043,,,
421.4,8310.35,2.308623098,,,
421.6,8316.71,1.603836808,,,
421.8,8323.07,0.070295525,,,
422,8329.43,-1.687788781,,,
422.2,8335.79,-1.988817712,,,
422.4,8342.16,0.190697138,,,
422.6,8348.52,0.758005374,,,
422.8,8354.88,2.013834434,,,
423,8361.24,2.590435615,,,
423.2,8367.6,2.507324544,,,
423.4,8373.97,2.162257915,,,
423.6,8380.33,0.74292243,,,
423.8,8386.69,1.027222596,,,
424,8393.05,1.989185273,,,
424.2,8399.41,2.018350685,,,
424.4,8405.77,0.848246977,,,
424.6,8412.14,0.890471565,,,
424.8,8418.5,2.097178162,,,
425,8424.86,2.572775862,,,
425.2,8431.22,2.207501756,,,
425.4,8437.58,1.533158,,,
425.6,8443.95,-0.495985453,,,
425.8,8450.31,-0.373172624,,,
426,8456.67,1.983906218,,,
426.2,8463.03,1.24187875,,,
426.4,8469.39,0.802080018,,,
426.6,8475.76,2.355133855,,,
426.8,8482.12,2.722831596,,,
427,8488.48,2.511446815,,,
427.2,8494.84,1.547635454,,,
427.4,8501.2,1.231732435,,,
427.6,8507.57,0.050193607,,,
427.8,8513.93,-0.240779431,,,
428,8520.29,3.328647649,,,
428.2,8526.65,2.919271107,,,
428.4,8533.01,2.923780531,,,
428.6,8539.38,3.272563158,,,
428.8,8545.74,2.91242632,,,
429,8552.1,2.776308184,,,
429.2,8558.46,2.671239443,,,
429.4,8564.82,2.46637068,,,
429.6,8571.19,2.740840024,,,
429.8,8577.55,2.850230468,,,
430,8583.91,2.9583437,,,
430.2,8588.4,3.201898701,,,
430.4,8592.89,2.770311147,,,
430.6,8597.38,2.697130311,,,
430.8,8601.87,2.571425929,,,
431,8606.36,2.526640281,,,
431.2,8610.85,2.332727813,,,
431.4,8615.34,2.375058356,,,
431.6,8619.83,2.137113934,,,
431.8,8624.32,2.170992838,,,
432,8628.82,2.061615282,,,
432.2,8633.31,2.147929788,,,
432.4,8637.8,1.901458386,,,
432.6,8642.29,2.027491755,,,
432.8,8646.78,1.536546401,,,
434,8673.72,3.07507444,,,
434.2,8678.21,2.971517262,,,
434.4,8682.7,3.229641199,,,
434.6,8687.19,3.346902143,,,
434.8,8691.68,3.322700916,,,
435,8696.17,3.318786358,,,
435.2,8700.66,3.348347263,,,
435.4,8705.16,3.264170246,,,
435.6,8709.65,3.336645776,,,
435.8,8714.14,3.316946585,,,
436,8718.63,3.409147322,,,
436.2,8723.12,3.390103444,,,
436.4,8727.61,3.442027581,,,
436.6,8732.1,3.440266768,,,
436.8,8736.59,3.397632089,,,
437,8741.08,3.390749833,,,
437.2,8745.57,3.401739534,,,
437.4,8750.06,3.49188359,,,
437.6,8754.55,3.537807286,,,
437.8,8759.04,3.509995631,,,
438,8763.53,3.503292133,,,
438.2,8768.02,3.366794673,,,
438.4,8772.51,3.210874316,,,
438.6,8777,2.619268174,,,
438.8,8781.49,2.573583756,,,
439,8785.99,0.854742502,,,
439.2,8790.48,1.575810268,,,
439.4,8794.97,1.23603968,,,
439.6,8799.46,1.354669184,,,
439.8,8803.95,1.51275454,,,
440,8808.44,1.635257039,,,
440.2,8813.47,1.947129166,,,
440.4,8818.5,1.138367796,,,
440.6,8823.53,1.228027361,,,
440.8,8828.56,1.360258649,,,
441,8833.59,1.914258124,,,
441.2,8838.62,1.608308242,,,
441.4,8843.64,1.47799493,,,
441.6,8848.67,2.090712707,,,
441.8,8853.7,1.825895506,,,
442,8858.73,1.422285926,,,
442.2,8863.76,1.394819562,,,
442.4,8868.79,1.521613009,,,
442.6,8873.82,1.584218807,,,
442.8,8878.85,1.718828153,,,
443,8883.88,1.631241325,,,
443.2,8888.91,1.052632485,,,
443.4,8893.94,0.730426537,,,
443.6,8898.97,1.289584621,,,
443.8,8904,1.174921862,,,
444,8909.03,1.84376843,,,
444.2,8914.06,2.344361497,,,
444.4,8919.09,0.9896099,,,
444.6,8924.12,0.850822243,,,
444.8,8929.15,0.753077412,,,
445,8934.17,1.438118218,,,
445.2,8939.2,3.775949759,,,
445.4,8944.23,2.770825527,,,
445.6,8949.26,1.579344957,,,
445.8,8954.29,1.784758601,,,
446,8959.32,2.397773648,,,
446.2,8964.35,0.452421357,,,
446.4,8969.38,3.224697356,,,
446.6,8974.41,3.080660027,,,
446.8,8979.44,1.702288066,,,
447,8984.47,1.602673512,,,
447.2,8989.5,1.422505892,,,
447.4,8994.53,1.555333178,,,
447.6,8999.56,1.415210693,,,
447.8,9004.59,1.518614243,,,
448,9009.62,1.091259859,,,
448.2,9014.65,0.533708638,,,
448.4,9019.68,-0.201184804,,,
448.6,9024.7,-0.700699935,,,
448.8,9029.73,-0.509849891,,,
449,9034.76,0.442640495,,,
449.2,9039.79,1.204428866,,,
449.4,9044.82,1.149403914,,,
449.6,9049.85,0.744189823,,,
449.8,9054.88,0.82425394,,,
450,9059.91,1.286714715,,,
450.2,9070.64,0.925157007,,,
450.4,9081.37,0.71517725,,,
450.6,9092.1,-0.789272897,,,
450.8,9102.83,-0.848475096,,,
451,9113.56,-0.782977513,,,
451.2,9124.29,0.24710629,,,
451.4,9135.02,-1.019707576,,,
451.6,9145.74,1.458044001,,,
451.8,9156.47,1.869707589,,,
452,9167.2,1.680343698,,,
452.2,9177.93,1.523289434,,,
452.4,9188.66,1.403326084,,,
452.6,9199.39,1.429654937,,,
452.8,9210.12,1.786709444,,,
453,9220.85,1.92950713,,,
453.2,9231.58,2.043796687,,,
453.4,9242.31,1.793211902,,,
453.6,9253.04,1.243558117,,,
453.8,9263.77,0.888154997,,,
454,9274.5,-0.609666252,,,
454.2,9285.23,-0.119682117,,,
454.4,9295.95,1.431749406,,,
454.6,9306.68,1.818057747,,,
454.8,9317.41,1.709617244,,,
455,9328.14,0.098246755,,,
455.2,9338.87,0.084334344,,,
455.4,9349.6,-0.430530714,,,
455.6,9360.33,1.279704373,,,
455.8,9371.06,1.36360665,,,
456,9381.79,2.095964141,,,
456.2,9392.52,2.413424111,,,
456.4,9403.25,1.902297421,,,
456.6,9413.98,0.137338062,,,
456.8,9424.71,0.504748585,,,
457,9435.43,1.590015112,,,
457.2,9446.16,0.92077335,,,
457.4,9456.89,0.431628659,,,
457.6,9467.62,-1.112814969,,,
457.8,9478.35,-0.418814117,,,
458,9489.08,0.189451159,,,
458.2,9499.81,0.559358523,,,
458.4,9510.54,1.504672934,,,
458.6,9521.27,2.892221897,,,
458.8,9532,2.695716134,,,
459,9542.73,2.643735241,,,
459.2,9553.46,2.884856024,,,
459.4,9564.19,2.68616749,,,
459.6,9574.92,2.586764535,,,
459.8,9585.64,2.691608421,,,
460,9596.37,2.870446461,,,
460.2,9607.1,2.966032261,,,
460.4,9617.83,3.069155544,,,
460.6,9628.56,2.990093918,,,
460.8,9639.29,2.858471273,,,
461,9650.02,2.861406915,,,
461.2,9660.75,2.539029447,,,
461.4,9671.48,2.273089029,,,
461.6,9682.21,1.769887706,,,
461.8,9692.94,1.308730197,,,
462,9703.67,0.007362158,,,
462.4,9725.12,1.929154004,,,
462.6,9735.85,2.091152801,,,
462.8,9746.58,0.432079653,,,
463.2,9768.04,2.525173732,,,
463.4,9778.77,2.212342366,,,
463.6,9789.5,2.422825632,,,
463.8,9800.23,0.88371499,,,
464,9810.96,-1.364450818,,,
464.2,9821.69,-1.102221548,,,
464.4,9832.42,0.767094017,,,
464.6,9843.15,2.014205578,,,
464.8,9853.88,2.568208036,,,
465,9864.61,2.729873705,,,
465.2,9875.33,2.879040686,,,
465.4,9886.06,2.890009472,,,
465.6,9896.79,2.813170207,,,
465.8,9907.52,2.813876846,,,
466,9918.25,2.960553381,,,
466.2,9928.98,2.940029896,,,
466.4,9939.71,2.973331973,,,
466.6,9950.44,3.04072682,,,
466.8,9961.17,3.157389691,,,
467,9971.9,3.253125324,,,
467.2,9982.63,3.461027383,,,
467.4,9993.36,3.377725025,,,
467.8,10014.81,3.329915101,,,
468,10025.54,3.400470901,,,
468.2,10036.27,3.472229432,,,
468.4,10047,3.618484153,,,
468.6,10057.73,3.610556282,,,
468.8,10068.46,3.815176185,,,