LP08_Fe_Mn,LP08_Fe_Mn,LP16_Fe_Mn,LP16_Fe_Mn
SH20M1H_mean_age,LnFe_Mn,SH20M1H_mean_age,LnFe_Mn
cal a BP,NA,cal a BP,NA
118.54,3.544744647,286.78,2.140426348
127.62,3.572206339,289.36,2.21061833
133.67,3.603858623,291.94,2.333745889
142.75,3.483127646,294.51,2.0433691
151.83,3.45946629,297.09,1.950120682
160.9,3.442783415,299.67,1.749472409
169.98,3.54934763,302.25,1.973502155
176.04,3.536749678,304.83,2.171794091
185.11,3.669994191,307.41,2.228556284
194.19,3.694444299,309.99,2.112450287
203.27,3.57508844,312.57,2.029931481
209.33,3.511383779,315.15,2.317239101
218.4,3.687607459,317.73,2.464018162
224.46,3.606595762,320.31,2.240709689
233.54,3.672822017,322.89,2.472161129
242.61,3.545238274,325.47,2.454344857
251.92,3.095289466,328.05,2.335884507
258.2,3.58316275,330.63,2.037539476
267.63,3.488167606,333.21,2.127078386
277.05,3.424012059,335.79,2.210152126
286.47,NaN,338.37,2.280565286
295.89,3.480213922,340.95,2.087936514
302.18,3.58302572,343.53,2.062162084
311.6,3.443644072,346.11,2.417811672
321.02,3.530058215,348.69,1.850810375
330.44,3.628466327,351.27,2.226272263
339.86,3.571008209,353.85,2.113539409
346.15,3.40598296,356.43,2.303329695
355.57,3.497956417,359.01,2.522493604
364.99,3.473213999,361.59,2.475798942
374.41,3.570222875,364.17,2.45534416
383.84,3.513924316,366.75,2.414245293
390.12,3.473518043,369.33,2.514271677
399.54,3.392268751,371.91,2.414974788
405.82,3.872636761,374.49,2.351120577
415.24,3.394508394,377.07,2.350781697
421.53,3.663758865,379.65,2.496646379
430.95,3.395724342,382.23,2.414186002
437.23,3.301113923,384.81,2.569017338
449.79,3.222274299,387.39,2.507883284
459.22,3.916015027,389.97,2.483202474
468.64,3.364858786,392.55,2.309457972
474.92,3.409379777,395.12,2.559002858
484.34,3.468048043,397.7,2.602152773
493.76,3.392171261,400.28,2.690489503
503.19,3.205131002,402.86,2.607081139
512.61,3.315976974,405.44,2.789719762
518.89,3.476679326,408.02,2.840770835
528.31,3.290237747,410.6,2.833454395
537.74,3.494571452,413.18,2.81192233
547.16,3.351035309,415.76,2.615963814
556.58,3.319475023,418.34,2.53839406
563.4,3.222867846,420.92,2.907376119
574.43,3.267105608,423.5,3.052025214
581.79,3.422482246,426.08,2.841874978
592.82,3.637844124,428.66,3.103510247
600.17,3.619172042,431.24,2.802388361
611.2,3.460104844,433.82,2.833213344
618.56,3.333885968,436.4,2.842389725
633.27,3.197608618,438.98,2.967738764
644.3,3.370862002,441.56,3.090733891
655.33,3.265973414,444.14,2.782228457
662.69,3.413989986,446.72,2.614469591
673.72,3.331845508,449.3,3.01658766
684.75,3.323673075,451.88,2.911405038
695.78,3.105262167,454.46,3.026503932
706.82,3.051552344,457.04,3.288729652
714.17,3.379155282,459.62,3.56304828
725.2,3.250515426,462.2,3.528529509
736.23,3.195655283,464.78,3.340054702
747.27,3.433856066,467.36,2.99973953
758.3,3.294101713,469.94,2.953880194
765.65,3.252740339,472.52,3.103464973
776.68,3.188016953,475.1,3.147524715
784.04,3.288090894,477.68,3.37492038
795.07,3.262129103,480.26,3.364604245
806.1,3.330439285,482.84,3.469029085
813.46,3.160489767,485.42,3.491761468
824.49,3.283067063,488,3.701493362
835.52,3.194753883,490.58,3.762087348
846.55,3.096895802,493.16,3.499101597
857.59,3.246461735,495.73,3.771104394
864.94,3.345655308,498.31,3.682336356
875.97,3.448513706,500.89,3.48035041
887,3.317705556,503.47,3.21240331
898.04,3.358210021,506.05,3.267313193
909.07,3.332041418,508.63,3.305678279
916.42,3.243169763,512.01,3.147326359
927.45,3.605796051,515.39,3.270314387
938.56,3.511832424,518.76,3.225889796
949.67,3.30878156,522.14,3.258590568
957.08,3.280541371,525.52,3.165556187
968.19,3.363556949,528.89,3.190096287
975.6,3.185019644,532.27,3.636299791
986.71,3.255986833,535.65,3.495350288
997.82,3.027243733,539.02,3.29986391
1008.92,3.152025795,542.4,3.387843305
1016.33,2.992812563,545.78,3.644453196
1027.44,2.961733856,549.15,3.479879594
1038.55,3.217341547,552.53,3.13842653
1045.96,3.367427939,555.91,3.100702569
1053.36,3.213231181,559.28,3.375527058
1060.77,3.152976754,562.66,3.418297874
1068.18,3.14133207,566.03,3.68690382
1075.58,3.31976482,569.41,3.627141436
1082.99,3.474820618,572.79,3.631207683
1090.4,3.431888229,576.16,3.592529408
1097.8,3.324762154,579.54,3.711026524
1105.21,3.277879577,582.92,3.582006569
1112.61,3.385558488,586.29,3.619579616
1120.02,3.346342352,589.67,3.764900709
1127.43,3.446867418,593.05,3.690120406
1134.83,3.361623294,596.42,3.686173093
1142.24,3.312943905,599.8,3.574356026
1149.65,3.311099582,603.18,3.345735527
1157.05,3.345004888,606.55,3.530957365
1164.46,3.441548677,609.93,3.437771771
1171.87,3.601299734,613.31,3.406507837
1179.27,3.349972349,616.68,2.886692455
1186.68,3.50224629,620.06,2.892263906
1194.08,3.597750021,623.44,3.288415941
1201.49,3.398579579,626.81,3.257205453
1208.9,3.379737998,630.19,2.999386027
1216.3,3.356036986,633.57,3.026032037
1223.71,3.353662138,636.94,3.207660124
1231.12,3.423910449,640.32,3.356524942
1238.52,3.311887367,643.7,3.391230522
1245.93,3.505843356,647.07,3.414551217
1253.34,3.596102827,650.45,3.309868063
1260.74,3.481097629,653.83,3.3318285
1268.15,3.570812287,657.2,3.391868286
1275.55,3.626098647,660.58,3.315277878
1282.96,3.391109495,663.95,2.871211992
1290.37,3.358360208,667.33,3.297144011
1297.77,3.602044927,670.71,2.995412222
1301.15,3.391627931,674.08,3.291052626
1304.53,3.467066984,677.46,3.615037181
1307.91,3.468650607,680.84,3.469164086
1311.29,3.482784718,684.21,3.467359584
1314.67,3.419274472,687.59,3.467299974
1318.05,3.473328954,690.97,3.585402283
1321.43,3.356958249,694.34,3.522014388
1324.81,3.589396913,697.72,3.646909202
1328.19,3.633096814,701.1,3.712927183
1331.57,3.624440431,704.47,3.963552518
1334.95,3.607920499,707.85,3.876098365
1338.32,3.665780787,711.23,3.822144854
1341.7,3.632493266,714.6,3.537197868
1345.08,3.529482478,717.98,4.007069646
1348.46,3.44370809,721.36,3.800911216
1351.84,3.185986274,724.73,3.833336086
1355.22,3.220320564,728.11,3.588738786
1358.6,3.09219741,731.49,3.489382251
1361.98,3.155666121,734.86,3.237039795
1365.36,3.246635095,738.24,3.473299934
1368.74,3.351003593,741.62,3.812934613
1372.12,3.344571722,744.99,3.866290661
1375.5,3.430200858,748.37,3.76912457
1378.87,3.22129283,751.75,4.242055419
1382.25,3.161638775,755.12,3.985178143
1385.63,3.161269741,758.5,4.025175453
1389.01,3.168025287,761.87,3.951700131
1392.39,3.180923273,765.25,3.982324258
1395.77,3.21809376,768.63,4.021319427
1399.15,3.299339497,772,3.866565846
1402.53,3.309082093,775.38,3.873492391
1405.91,3.297824938,778.76,3.999249282
1409.29,3.388605928,782.13,4.066092628
1412.67,3.281228861,785.51,4.14538737
1416.05,3.344131599,788.89,4.148014485
1419.42,3.253409856,792.26,4.051429477
1422.8,3.399152281,795.64,3.995414937
1426.18,3.264138107,799.02,3.768816782
1429.56,3.446453973,802.39,3.833028437
1432.94,3.388830726,805.77,3.382181924
1436.32,3.368591335,809.15,3.718842705
1439.7,3.518463488,812.52,3.572424761
1443.08,3.345196241,815.9,3.264314175
1446.46,3.405607532,819.28,3.945169947
1449.84,3.268764287,822.65,3.772661559
1453.22,3.06538369,826.03,4.04036008
1456.6,3.108981942,829.41,3.51005561
1459.98,3.366115115,832.78,3.96465891
1463.35,3.444066865,836.16,3.77929874
1466.73,3.224952562,839.54,4.121675967
1469.57,3.299921005,842.91,3.988703424
1473.84,3.347498926,846.29,3.925790611
1476.68,3.254565534,849.67,3.627890182
1479.52,3.28122445,853.04,3.419744848
1482.36,3.382570533,856.42,3.912904969
1486.62,3.301824908,859.79,3.328309048
1489.46,3.306613888,863.17,3.849670434
1492.3,3.523630834,866.55,4.051286835
1496.56,3.237122963,869.92,3.77191292
1499.4,3.332619706,873.3,3.617364513
1502.25,3.284511717,876.68,3.287487671
1505.09,3.191664487,880.05,2.919983612
1509.35,3.038229511,883.43,3.382415785
1512.19,3.160880633,886.81,3.7309551
1515.03,3.126352456,890.18,3.557314058
1517.87,3.307614488,893.56,3.183958169
1522.13,3.201158826,896.94,3.450694192
1524.97,3.254020194,900.31,3.162246401
1527.81,3.316434557,903.69,3.519803124
1532.08,3.108956526,907.07,3.328094612
1534.92,3.342987996,910.44,3.228198091
1537.76,3.094823176,913.82,3.779317866
1540.6,NaN,917.2,3.613766309
1544.86,3.494391159,920.57,2.611839092
1547.7,3.143941996,923.95,1.815084142
1550.54,3.510811135,927.33,2.818726235
1554.8,3.372550201,930.7,3.786081782
1557.64,3.27108619,934.08,3.806834075
1560.48,3.332690301,937.46,3.509752788
1563.33,3.179620001,940.83,3.812529873
1567.59,3.209360735,944.21,3.140036097
1570.43,3.176629421,947.59,3.533224479
1573.27,3.050397802,950.96,3.712104488
1577.53,3.132003231,954.34,3.747888007
1580.37,3.028236586,957.71,3.720154483
1583.21,3.127225606,961.09,3.722533867
1586.05,2.92084503,964.47,3.728509249
1590.31,3.255151722,967.84,3.452069712
1593.16,3.203993851,971.22,3.622171456
1596,3.170376758,974.6,3.627668723
1600.26,3.22460717,977.97,3.477175564
1603.1,3.301279178,981.35,3.325723799
1605.94,3.153881916,984.73,3.690768425
1608.78,3.229996555,988.1,3.861916185
1613.68,3.368423135,991.48,4.001992964
1616.95,3.198171152,994.86,3.512599092
1620.22,3.145662974,998.23,3.568384411
1623.48,3.288961932,1001.61,3.63882088
1739.47,3.092556458,1004.99,3.272547826
1742.73,3.211593559,1008.36,3.495869399
1747.63,3.093398167,1011.74,3.531720378
1750.9,3.144264961,1015.12,3.916228708
1754.17,3.164429825,1018.49,3.287856897
1759.07,3.15239522,1021.87,3.319647515
1762.33,3.096177818,1025.25,3.515999589
1765.6,3.216099698,1028.62,3.651612713
1768.87,3.244757498,1032,3.77468302
1773.47,3.203432513,1035.38,3.696690199
1776.13,3.306195577,1038.75,2.839525657
1778.79,3.275224118,1042.13,2.977339112
1782.79,3.203559121,1045.51,3.952610306
1785.45,3.206500395,1048.88,4.081807555
1788.11,3.267984364,1052.26,3.832934703
1790.78,3.182139042,1055.63,4.004263344
1794.77,3.282413846,1059.01,4.237382511
1797.43,2.861792634,1062.39,4.013886342
1800.1,3.140736067,1065.76,4.10396663
1804.09,3.022337227,1069.14,3.654268354
1806.76,2.950422887,1072.52,3.740732408
1809.42,3.127281505,1075.89,3.939323003
1812.08,3.192263438,1079.27,4.048106694
1816.08,3.27138577,1082.65,4.052082473
1818.74,3.351880118,1086.02,4.011470071
1821.4,3.34700047,1089.4,3.409556802
1825.4,3.347048055,1092.78,3.43726558
1828.06,3.415250867,1096.15,3.377210132
1830.72,3.347837971,1099.53,3.209079251
1833.39,3.160606917,1102.91,3.601322474
1837.38,3.071863783,1106.28,3.383825132
1840.04,3.212922656,1109.66,3.415271868
1842.71,3.40807529,1113.04,3.873824378
1845.37,3.383865925,1116.41,4.067574321
1849.36,3.300073232,1119.79,3.878949881
1852.03,3.216263721,1123.17,3.973763838
1854.69,3.334995642,1126.54,3.881702478
1858.68,3.726619782,1129.92,3.935341243
1861.35,3.52068836,1133.3,3.791331899
1864.01,3.28804433,1136.67,3.730684354
1866.67,3.435718576,1140.05,3.877943298
1870.67,3.32498025,1143.43,4.000752844
1873.33,3.410378408,1146.8,3.993047913
1875.99,3.370006075,1150.18,3.680476479
1879.99,3.351698305,1153.55,3.80152109
1882.65,3.276105592,1156.93,3.371326218
1885.31,3.283414346,1160.31,3.079813638
1887.98,3.348934938,1163.68,3.704339047
1891.97,3.288442009,1167.06,3.757244822
1894.63,3.313240326,1170.44,3.209229448
1897.3,3.258096538,1173.81,3.504251575
1901.29,3.403507636,1177.19,3.982489046
1903.95,3.390658168,1180.57,3.63111704
1906.95,3.226563243,1183.94,3.95305305
1910.26,3.320104103,1195.95,3.745323468
1915.24,3.20941949,1207.96,3.964923116
1918.56,3.19626927,1219.97,3.883300716
1921.88,3.190012555,1231.98,3.811026004
1926.86,3.35755022,1243.99,3.646482059
1930.18,3.397984896,1256,3.797028417
1933.5,3.216316642,1268,4.06371771
1936.82,3.218181139,1280.01,3.903990834
1941.79,3.230304521,1292.02,3.966302662
1945.11,3.190345469,1304.03,4.068824198
1948.43,3.218028905,1316.04,4.047390319
1953.41,3.337997677,1328.05,3.975909655
1956.73,3.351105,1340.06,3.886914017
1960.05,3.052769907,1352.06,3.618890567
1963.37,3.372586848,1364.07,3.631659119
1968.35,3.342836012,1376.08,3.572345638
1971.67,3.260364756,1388.09,3.534692117
1974.98,3.274021195,1400.1,3.891067255
1978.3,3.274155194,1412.11,4.144279546
1983.28,3.266221945,1424.11,3.540558892
1986.6,3.637359274,1436.12,3.607747565
1989.92,3.41854602,1448.13,3.900561344
1994.9,3.334743227,1460.14,3.690065901
1998.22,3.383236595,1472.15,4.011902881
2001.54,3.309298831,1484.16,3.868677069
2004.85,3.537289595,1496.17,4.057733297
2009.83,3.268635869,1508.17,3.996900491
2013.15,3.335432686,1520.18,3.970008145
2016.47,3.188069762,1532.19,4.170042179
2021.45,3.317256549,1544.2,3.849423646
2024.77,3.459182715,1556.21,4.030679976
2028.09,3.352354769,1568.22,3.843402089
2031.41,3.287877615,1580.23,4.234187921
2036.39,3.239569321,1592.23,4.25760907
2039.7,3.159487896,1604.24,3.872947736
2043.02,3.039202188,1616.25,4.04312467
2048,3.019952705,1628.26,4.037211503
2051.32,3.189833139,1640.27,3.874593595
2054.64,3.145030976,1652.28,3.76944114
2057.96,3.067485559,1664.29,3.911204827
2062.94,2.982849648,1676.29,3.941156517
2066.26,3.151556429,1688.3,3.735347371
2069.57,2.875863731,1700.31,3.961724996
2074.22,2.959594885,1712.32,4.032710909
2077.21,3.002542365,1724.33,3.652442965
2080.19,2.933019102,1736.34,3.459186247
2083.18,2.926319146,1748.35,3.614470014
2087.66,2.981497158,1760.35,3.738947166
2090.65,2.804636191,1772.36,3.689878954
2093.64,2.891186024,1784.37,4.14277595
2096.62,3.03638709,1796.38,4.219105824
2101.1,2.901810775,1808.39,4.098950527
2104.09,2.912267898,1820.4,3.829534387
2107.08,3.003466264,1832.41,3.860119893
2111.56,2.948448608,1844.41,3.885249159
2114.54,3.050199872,1856.42,3.915802263
2117.53,3.37290988,1868.43,3.929340542
2120.52,3.061307854,1880.44,4.05054194
2125,3.33807422,1892.45,4.060292419
2127.98,3.08049754,1904.46,4.15827015
2130.97,2.937838295,1916.47,4.143275186
2135.45,2.910669835,1928.47,4.112414634
2138.44,2.989796323,1940.48,4.031401316
2141.42,3.113942568,1952.49,3.842308373
2144.41,3.099724507,1964.5,4.062266904
2148.89,3.204055805,1976.51,3.885287188
2151.88,3.400732157,1988.52,4.10318515
2154.86,3.270620995,2000.53,4.232606129
2159.35,3.086048685,2012.53,4.206940148
2162.33,3.150596984,2024.54,4.0292324
2165.32,2.980470416,2036.55,4.016777498
2168.31,3.062332347,2048.56,4.134324097
2172.79,2.970269591,2060.57,4.38785378
2175.77,3.068458478,2072.58,4.461173261
2178.76,3.043226821,2084.59,4.150284578
2183.24,3.046236969,2096.59,4.430083061
2186.23,3.034952987,2108.6,4.73416386
2189.21,3.068944354,2120.61,4.689855944
2192.2,3.088480475,2132.62,4.636143844
2196.68,3.083923952,2144.63,4.652807612
2199.67,3.078568279,2156.64,4.585621373
2202.65,3.185797403,2168.65,4.72658299
2205.64,3.113099076,2180.65,4.351581906
2210.12,3.1956376,2192.66,3.876936496
2213.11,3.153715844,2204.67,4.374191451
2216.09,3.205116112,2216.68,4.109970428
2220.57,3.208196048,2228.69,3.997328554
2223.18,2.897868045,2240.7,4.127867254
2225.79,3.161838984,2252.71,3.94731135
2228.39,3.146212165,2264.71,3.783580682
2232.3,3.15678834,2276.72,3.926096174
2234.91,3.248811927,2288.73,3.81647336
2237.51,3.148536964,2300.74,4.121617234
2241.42,3.22126996,2312.75,3.890552782
2244.03,3.234030126,2324.76,3.80534475
2246.63,3.213849285,2336.76,3.96700514
2249.24,3.243885144,2348.77,3.903320755
2253.15,3.219283905,2360.78,3.995895331
2255.76,3.28042353,2372.79,4.073120926
2258.36,3.411615466,2384.8,4.089788746
2262.27,3.243627207,2396.81,4.023778522
2264.88,3.162980693,2408.82,4.225965173
2267.48,3.379019642,2420.82,3.998571848
2270.09,3.336127087,2432.83,4.348320989
2274,3.204018525,2444.84,4.175992602
2276.6,3.146826971,2456.85,4.295814139
2279.21,3.267127955,2468.86,4.427259057
2283.12,3.398459261,2480.87,4.190186233
2285.73,3.308656588,2492.88,4.174159324
2288.33,3.166051895,2504.88,4.103466423
2290.94,3.393798281,2516.89,4.032660176
2294.85,3.22983913,2528.9,4.056590399
2297.45,3.374092035,2540.91,4.114517857
2300.06,3.098965528,2552.92,4.012096186
2302.66,3.182622134,2564.93,4.04244145
2306.57,3.075917421,2576.94,4.054437421
2309.18,3.104410542,2588.94,3.791711608
2311.79,3.236269683,2600.95,3.930082878
2315.69,3.467714578,2612.96,3.922628051
2318.3,3.198820992,2624.97,4.103553442
2320.91,3.117116321,2636.98,3.887813384
2323.51,3.147624766,2648.99,3.867093123
2327.42,3.203959939,2661,3.83507541
2330.03,3.230873737,2673,3.980761876
2332.63,3.240794133,2685.01,4.155367908
2336.54,3.093704451,2697.02,4.013219884
2339.15,3.231368889,2709.03,3.976870414
2341.75,3.216563122,2721.04,4.046109799
2344.36,3.135639133,2733.05,3.806950115
2348.27,3.16189839,2745.06,3.823685118
2350.88,3.228766148,2757.06,4.175590559
2353.3,3.581950758,2769.07,3.966454229
2356.93,3.160073441,2781.08,4.044500123
2359.35,3.290576139,2793.09,3.954232364
2361.77,3.245097283,2805.1,3.874356945
2364.2,3.419523722,2817.11,3.8473308
2367.83,3.411346073,2829.12,3.854786677
2370.25,3.499309469,2841.12,3.630885634
2372.67,3.243354256,2853.13,3.588771051
2376.3,3.193696607,2865.14,3.606435785
2378.73,3.268788254,2877.15,3.865928235
2381.15,3.110930921,2889.16,3.834489366
2383.57,3.192005049,2901.17,3.540616426
2387.2,3.235676574,2913.18,3.808042579
2389.62,3.156300288,2925.18,3.745421147
2392.05,3.077407413,2937.19,3.844516404
2394.47,3.154590075,2949.2,3.69305361
2398.1,3.157804368,2961.21,3.868509219
2400.52,3.081740061,2973.22,3.720744255
2402.94,2.73817127,2985.23,3.747061409
2406.58,2.904466104,2997.24,3.725939278
2409,2.913084825,3009.24,3.911915761
2411.42,3.022132298,3021.25,4.056709688
2413.84,2.886462754,3033.26,3.871741211
2417.47,2.907950686,3045.27,4.127134385
2419.9,2.795256981,3057.28,3.911343529
2422.32,2.808676637,3069.29,4.078337871
2425.95,2.973077583,3081.3,3.940288935
2428.37,2.816916016,3093.3,4.139768564
2430.79,2.860942228,3105.31,4.084324975
2433.21,2.8549739,3117.32,3.957741467
2436.85,2.738099727,3129.33,4.174783702
2439.27,2.72383207,3141.34,4.316747098
2441.69,2.655619158,3153.35,4.009809456
2445.32,2.611389074,3165.36,3.879714199
2447.74,2.505903795,3177.36,4.414042849
2450.17,2.678692636,3189.37,4.348064797
2452.59,2.691317746,3201.38,4.258217413
2456.22,2.757934457,3213.39,4.135910466
2458.64,2.72744139,3225.4,3.975373321
2461.06,2.771749444,3237.41,4.163168479
2464.7,2.787289911,3249.41,3.722937049
2467.12,2.895578166,3261.42,3.891161753
2469.54,3.179909118,3273.43,3.745709965
2471.96,3.214132197,3285.44,3.810418867
2474.51,3.397364911,3297.45,4.066367841
2477.06,3.287557212,3309.46,4.042676329
2478.33,3.414198914,3321.47,4.276568305
2480.88,3.371614288,3333.47,4.078149876
2483.43,3.497372988,3345.48,4.446250086
2485.98,3.302233671,3357.49,4.182050143
2488.53,3.470842896,3369.5,4.205542438
2491.08,3.436061067,3381.51,4.107751223
2492.35,3.362086252,3393.52,4.213851124
2494.9,3.51181876,3405.53,4.268886337
2497.45,3.546096424,3417.53,3.858582234
2500,3.413954299,3429.54,3.611849445
2502.55,3.421994115,3441.55,3.597312261
2503.82,3.47119237,3453.56,4.417091631
2506.37,3.289196566,3465.57,4.073312324
2508.92,3.366390955,3477.58,3.876225933
2511.47,3.310398463,3489.59,3.939171781
2514.02,3.326861463,3501.59,4.221481174
2516.56,3.268601417,3513.6,4.010003414
2517.84,3.442117331,3525.61,4.203887934
2520.39,3.500844395,3537.62,4.181413808
2522.94,3.239095553,3549.63,4.187295058
2525.48,3.334965672,3561.64,3.79651903
2528.03,3.225346988,3573.65,4.318513229
2529.31,3.340372122,3585.65,4.179746959
2531.86,3.335860821,3612.96,4.695763376
2534.41,3.368841937,3640.26,4.023993208
2536.95,3.343971157,3667.57,3.882643235
2539.5,3.287757579,3694.87,3.969886069
2542.05,3.276588151,3722.18,3.886680423
2543.33,3.384926485,3749.48,4.14406194
2545.87,3.262226266,3776.79,3.910901687
2548.42,3.332059907,3804.09,3.85598358
2550.97,3.309398694,3831.4,3.791481933
2553.52,3.327953561,3858.7,3.848581921
2554.79,3.233581972,3886.01,4.084838092
2557.34,3.420970567,3913.31,3.844275762
2559.89,3.258486934,3940.62,3.571619976
2562.44,3.274974576,3967.92,3.484082538
2564.99,3.308002274,3995.23,3.750774248
2567.54,3.405004388,4022.53,3.801392989
2568.81,3.509308602,4049.84,3.801893375
2571.36,3.414514116,4077.14,3.770089063
2573.91,3.334625623,4104.44,3.739895414
2576.46,3.431038141,4131.75,3.905228676
2579.01,3.082624108,4159.05,3.758375745
2580.28,3.230259547,4186.36,3.748688368
2582.83,3.206803244,4213.66,3.799139504
2585.38,3.303676427,4240.97,3.812614888
2587.93,3.335137236,4268.27,3.815190257
2590.48,3.224736752,4295.58,3.754059453
2593.03,3.250566472,4322.88,3.719023957
2594.3,3.457678235,4350.19,3.651762909
2596.85,3.455056551,4377.49,3.749704428
2599.4,3.265077608,4404.8,3.766931694
2601.94,3.361074583,4432.1,3.855801604
2604.49,3.269795915,4459.41,3.848695871
2605.76,3.324188001,4486.71,3.796499626
2608.31,3.278789574,4514.02,3.767195484
2610.85,3.296883302,4541.32,3.82018689
2613.4,3.259494162,4568.63,3.824357686
2615.94,3.376411404,4595.93,3.838869166
2618.49,3.238613308,4623.23,3.797530006
2619.76,3.242307356,4650.54,3.793416368
2622.31,3.126236701,4677.84,3.75647969
2624.85,3.13074494,4705.15,3.839894106
2627.4,3.17141081,4732.45,3.844074884
2629.94,3.142608971,4759.76,4.042382707
2631.21,3.152287322,4787.06,3.837266429
2633.76,3.216718618,4814.37,4.026594699
2636.31,3.041158263,4841.67,3.982699368
2638.85,3.268273707,4868.98,3.87285163
2641.4,3.242616919,4896.28,3.791395018
2643.94,3.079355426,4923.59,4.00952665
2645.21,3.020078045,4950.89,3.806172894
2647.76,3.103306404,4978.2,3.529848099
2650.31,3.084864255,5005.5,3.911053372
2652.85,3.169685581,5032.81,4.10173477
2655.4,3.073265352,5060.11,3.901418452
2656.67,3.053389316,5087.42,3.886468483
2659.21,2.982430989,5114.72,3.844814256
2661.76,2.985611789,5142.02,3.987949483
2664.31,3.071848951,5169.33,3.848529272
2666.85,3.051128488,5196.63,4.064277479
2669.4,2.973818377,5223.94,3.773231903
2670.67,2.945380789,5251.24,4.213421761
2673.21,2.893541333,5278.55,3.806143144
2675.76,2.99212111,5305.85,4.268015546
2678.31,3.344632264,5333.16,4.161203025
2680.85,3.237280611,5360.46,4.11408311
2682.12,3.135947012,5387.77,4.089981825
2684.67,3.141162927,5415.07,3.750673703
2687.21,3.220948603,5442.38,4.359153389
2689.76,3.003726068,5469.68,3.837426226
2692.31,3.022444137,5496.99,3.962010812
2694.85,3.04770614,5524.29,3.839246826
2696.12,3.046078858,5551.6,3.614379983
2698.67,3.251047338,5578.9,3.530847284
2701.21,3.198619269,5606.21,4.218456733
2703.76,3.176016624,5633.51,4.212339216
2706.31,3.067477537,5660.81,4.633090027
2707.58,3.124496605,5688.12,3.498516805
2710.12,3.118583974,5715.42,3.59300148
2712.67,3.168193549,5742.73,3.825011628
2715.21,3.170203906,5770.03,4.370222546
2717.76,3.209277671,5797.34,3.74936401
2720.31,3.052242131,5824.64,4.020403347
2721.58,2.888954323,5851.95,4.188510577
2724.12,3.102224224,5879.25,4.694901741
2726.67,2.997868149,5906.56,3.953049006
2729.22,2.854004114,5933.86,4.271461803
2731.78,2.64619892,5961.17,4.223041758
2733.06,2.835606008,5988.47,4.350207037
2735.61,3.005998802,6015.78,3.907278946
2738.17,2.827123603,6043.08,4.523165461
2740.72,2.955882661,6070.39,4.937572527
2743.28,3.018755785,6097.69,5.158924674
2745.83,3.057829631,6125,4.052864217
2747.11,3.063367731,6152.3,4.55343358
2749.66,3.103312546,6179.6,4.649187071
2752.22,3.261528545,6206.91,3.742372105
2754.77,2.976615055,6234.21,3.921471895
2757.33,2.926639637,6261.52,3.015861645
2758.6,2.964818927,6288.82,3.094053856
2761.16,2.849639655,6316.13,2.45868527
2763.71,2.997106329,6343.43,2.790049984
2766.27,3.004916163,6370.74,4.320459884
2768.82,3.044925908,6398.04,3.738940193
2771.38,3.088306474,6425.35,3.999292286
2772.66,2.987889096,6452.65,4.849096276
2775.21,2.798426209,6479.96,4.640513787
2777.77,2.991770354,6507.26,4.305021345
2780.32,2.978431,6534.57,2.768706195
2782.88,2.967659491,6561.87,3.409400453
2784.15,3.005777802,6589.18,4.43267519
2786.71,2.993251722,6616.48,4.157833092
2789.26,3.013806166,6643.79,3.527852977
2791.82,2.87246548,6671.09,4.304171493
2794.37,3.004524676,6698.39,4.045387717
2796.93,3.02129949,6725.7,4.184678956
2798.2,3.174927851,6753,4.106980442
2800.76,3.084290405,6780.31,4.115158194
2803.31,3.130252102,6807.61,4.148751284
2805.87,3.049921886,6834.92,3.969896005
2808.42,3.200737634,6862.22,4.461299816
2809.7,2.955541393,6889.53,4.952692259
2812.26,3.168307031,6916.83,4.777941072
2814.81,3.163978442,6944.14,5.487939793
2817.37,3.121846521,6971.44,5.237770867
2819.92,3.035231655,6998.75,4.803474447
2822.48,3.126532338,7026.05,4.348899676
2823.75,3.173265964,7053.36,4.119892607
2826.31,3.070539367,7080.66,5.183152851
2828.86,3.022527416,7107.97,4.427960541
2831.42,3.11189784,7135.27,5.518869327
2833.97,3.189333195,7162.58,4.657089866
2835.25,3.347093123,7189.88,4.724781614
2837.8,3.186058306,7217.18,4.637252733
2840.36,3.126804726,7244.49,4.88697294
2842.91,3.120329646,7271.79,6.625392368
2845.47,3.258222633,7299.1,5.969389339
2848.02,3.125977433,7326.4,5.03396464
2849.3,3.238999841,7353.71,4.935617818
2851.86,3.131506572,7381.01,6.462462001
2854.41,3.14668636,7408.32,5.138048719
2856.93,3.121393797,7435.62,5.208740719
2859.45,3.250353195,7462.93,4.561422167
2860.7,3.277298955,7490.23,5.042263152
2863.22,3.402106811,7517.54,5.111862278
2865.74,3.188970159,7544.84,6.248725313
2868.26,3.173442795,7572.15,5.249652195
2870.77,3.082459519,7599.45,4.82255359
2873.29,3.047952973,7626.76,4.949885003
2874.55,3.392441209,7654.06,5.449047569
2877.07,3.219941923,7681.37,5.207592811
2879.58,3.178552111,7708.67,4.900971383
2882.1,3.250055868,7735.97,5.026609587
2884.62,3.233449955,7763.28,5.219077367
2885.88,3.218968844,7790.58,5.225279056
2888.39,3.194258099,7817.89,4.986197699
2890.91,3.308642412,7845.19,4.823172338
2893.43,3.252054224,7872.5,5.057382557
2895.95,3.096003875,7899.8,4.82712384
2898.46,3.21086215,7927.11,4.755894479
2899.72,3.230326722,7954.41,4.598820958
2902.24,3.176686776,7981.72,4.700480366
2904.76,3.21907885,8009.02,4.860099472
2907.27,3.094938154,8036.33,4.408792861
2909.79,3.133250553,8063.63,5.199574472
2911.05,3.098483755,8090.94,4.892227063
2913.57,2.93587144,8118.24,5.356089627
2916.08,3.115653694,8145.55,4.780173362
2918.6,3.399387836,8172.85,4.751658321
2921.12,3.079942111,8200.16,4.716527391
2923.64,3.17082884,8227.46,4.455323209
2924.89,3.081052776,8254.76,4.856636118
2927.41,2.955113621,8282.07,4.961111528
2929.93,2.975914125,8309.37,4.847832153
2932.45,2.886999073,8336.68,4.628650319
2934.96,2.82187365,8363.98,4.706581738
2936.22,2.804603389,8391.29,4.899063398
2938.74,2.934514209,8418.59,4.793552574
2941.26,2.962566364,8445.9,4.989988833
2943.77,2.877349743,8473.2,4.921157535
2946.29,2.934672017,8500.51,5.475453086
2948.81,2.949688335,8527.81,4.648186786
2950.07,2.988447741,8555.12,4.936446876
2952.58,2.846280681,8582.42,4.458553554
2955.1,2.848581374,8609.73,4.907716958
2957.62,2.945878386,8637.03,4.575959808
2960.14,2.991566058,8664.34,5.210578452
2961.39,2.892663815,8691.64,4.821846266
2963.91,2.774238304,8718.95,5.058824677
2966.43,2.940785785,8746.25,5.273773328
2968.95,2.902060962,8773.55,4.858831794
2971.46,2.850877659,8800.86,4.368441394
2973.98,2.813923406,8828.16,4.804751179
2975.24,2.878628355,8855.47,4.50918181
2977.76,2.725342543,8882.77,5.224879145
2980.27,2.876688363,8910.08,4.687443216
2985.03,2.970123709,8937.38,4.957776624
2989.78,2.991616165,8964.69,5.13386505
2992.16,2.946430615,8991.99,4.979421465
2996.92,3.125959603,9019.3,4.65879558
3001.67,3.100462092,9046.6,4.983606622
3006.43,3.010637699,9054.96,5.196114254
3011.18,3.181280383,9063.33,4.677180722
3015.94,3.294167138,9071.69,4.792132122
3018.31,3.102553985,9080.05,4.749328248
3023.07,2.943282984,9088.41,5.239867797
3027.82,2.900149948,9096.77,5.098458307
3032.58,3.029033998,9105.13,5.386531723
3037.33,3.123686588,9113.49,6.309358681
3039.71,3.072590808,9121.86,4.793938579
3044.47,2.99424307,9130.22,5.03504752
3049.22,2.95676782,9138.58,5.15198198
3053.98,3.048942334,9146.94,5.11491628
3058.73,2.769548786,9155.3,5.162767131
3063.49,2.831231744,9163.66,5.086005096
3065.86,2.882384809,9172.03,5.798022563
3070.62,2.853289479,9180.39,5.27882869
3075.37,2.932798049,9188.75,5.942913485
3080.13,2.800346536,9197.11,5.10261638
3084.88,2.702466545,9205.47,4.708296629
3087.26,2.953481594,9213.83,4.523320291
3092.02,3.041785594,9222.19,6.368015645
3096.77,3.0775833,9230.56,4.696685295
3101.53,2.945833061,9238.92,4.813631131
3106.28,2.941589974,9247.28,5.21166956
3111.04,3.121785113,9255.64,5.337930467
3113.41,2.83646264,9264,4.742126263
3118.17,3.054443301,9272.36,5.132115192
3122.92,3.127557666,9280.73,5.212432627
3127.68,3.182376787,9289.09,5.039262688
3132.43,2.998772145,9297.45,5.973501137
3134.81,3.006049241,9305.81,5.328380392
3139.57,3.035784741,9314.17,5.592247485
3144.32,3.07526627,9322.53,5.819441133
3149.08,3.159468204,9330.89,6.098787422
3153.83,3.045903567,9339.26,5.753848567
3158.59,3.072840276,9347.62,5.516832039
3160.96,3.020615914,9355.98,5.673247738
3165.72,2.94333902,9364.34,5.575462468
3170.47,3.084549414,9372.7,5.923307673
3175.23,2.888038035,9381.06,5.521788137
3179.98,3.047157138,9389.43,5.487315929
3182.36,3.167635962,9397.79,5.607483855
3187.12,3.151267921,9406.15,6.379032354
3191.87,3.104608768,9414.51,5.708558286
3196.63,3.040863554,9422.87,6.165961027
3201.38,2.914975305,9431.23,5.939865208
3206.14,3.233235506,9439.59,5.387771877
3208.51,3.097926688,9447.96,5.842851986
3213.27,3.110055098,9456.32,5.926473946
3218.02,3.080461574,9464.68,5.695774304
3222.86,3.076109373,9473.04,5.000928471
3227.7,2.908084966,9481.4,4.826698989
3230.12,3.04511899,9489.76,5.14007734
3234.96,3.104420579,9498.13,4.997145373
3239.8,3.183468029,9506.49,5.526098795
3244.63,3.208590554,9514.85,4.857455336
3249.47,3.284663565,9523.21,5.457706403
3254.31,3.177569217,9531.57,4.415172182
3256.73,3.143805852,9539.93,4.639494929
3261.57,3.367692105,9548.29,4.17438727
3266.41,3.253249,9556.66,5.010635294
3271.24,3.301956265,9565.02,4.272747989
3276.08,3.286109574,9573.38,4.40370017
3278.5,3.170004645,9581.74,4.201845642
3283.34,3.176186416,9590.1,4.432237254
3288.18,3.20843314,9598.46,5.149078845
3293.02,3.407055893,9606.82,4.030067445
3297.85,3.155748073,9615.19,5.163833139
3302.69,3.304711726,9623.55,4.487899314
3305.11,3.246055946,9631.91,3.916261797
3309.95,3.092228552,9640.27,4.611045748
3314.79,3.208521399,9648.63,4.665567078
3319.63,3.042235071,9656.99,4.189984069
3324.46,2.999092008,9665.36,4.109176551
3326.88,3.025669267,9673.72,4.605366245
3331.72,3.037152728,9682.08,3.736596542
3336.56,3.081485763,9690.44,4.300555438
3341.4,3.114069172,9698.8,4.114592723
3346.24,3.037013016,9707.16,3.840295305
3351.07,2.958638149,9715.52,3.687127921
3353.49,2.962837011,9723.89,3.659079344
3358.33,3.030967261,9732.25,3.56232078
3363.17,3.005163964,9740.61,3.404293359
3368.01,3.105963719,9748.97,3.917116395
3372.85,3.040955782,9757.33,3.793882763
3375.26,3.018546951,9765.69,3.908606322
3380.1,2.919638781,9774.06,4.018715966
3384.94,2.941301229,9782.42,3.691229631
3389.78,2.842756896,9790.78,3.65186748
3394.62,2.970217207,9799.14,3.946066522
3399.45,2.621564172,9807.5,4.041632576
3401.87,2.909288917,9815.86,4.365727862
3406.71,2.95078996,9824.22,4.351743138
3411.55,2.890371758,9832.59,3.980391209
3416.39,2.896594553,9840.95,4.366885996
3421.23,2.884608053,9849.31,4.869215729
3423.65,3.00884043,9857.67,4.379709137
3428.48,3.099805489,9866.03,4.522615267
3433.32,3.057224407,9874.39,4.380650688
3438.16,3.044362629,9882.76,3.92152991
3443,2.922763254,9891.12,3.988160662
3447.84,2.962218094,9899.48,3.898401237
3450.26,2.991878704,9907.84,4.212800772
3455.09,3.066489756,9916.2,4.580168884
3459.93,2.966027119,9924.56,4.238185872
3464.51,3.013323549,9932.92,4.153537941
3469.09,2.871014036,9941.29,4.31338522
3471.38,3.061067671,9949.65,4.405193694
3475.95,3.01489531,9958.01,4.726281012
3480.53,2.736786596,9966.37,4.512917826
3485.11,2.988010227,9974.73,4.333210855
3489.69,3.115191053,9983.09,4.345148004
3494.26,2.882187349,9991.46,4.369045923
3496.55,2.959317746,9999.82,4.678969669
3501.13,3.386050566,10008.18,4.802995929
3505.71,2.763220379,10016.54,4.55759803
3510.28,2.822713109,10024.9,4.239756851
3514.86,2.783967401,10033.26,4.856563976
3517.15,2.804968098,10041.62,4.580822109
3521.73,2.799632014,10049.99,4.507142943
3526.31,2.764906226,10058.35,4.840546306
3530.88,2.811461916,10066.71,4.956902379
3535.46,2.994908889,10075.07,4.823913828
3540.04,2.85382796,10083.43,4.320815904
3542.33,2.820956143,10091.79,4.327824123
3546.9,2.804050591,10100.16,5.02031056
3551.48,2.834620364,10108.52,4.351508403
3556.06,2.964617348,10116.88,4.932828181
3560.64,2.950465307,10125.24,5.193583894
3562.93,2.910129348,10133.6,4.657217825
3567.5,2.821793207,10141.96,4.71784931
3572.08,2.816092831,10150.32,4.554414588
3576.66,2.928653944,10158.69,4.279363096
3581.24,3.003131884,10167.05,4.98569265
3585.81,2.937777162,10175.41,4.864232301
3588.1,2.858110896,10183.77,5.182036012
3592.68,2.920769235,10192.13,5.081452513
3597.26,2.965837799,10200.49,5.005261403
3601.83,3.241244461,10208.86,4.920579048
3606.41,3.216953979,10217.22,5.193974851
3608.7,3.035038327,10225.58,4.727819411
3613.28,2.992633013,10233.94,4.829744293
3617.86,2.843529482,10242.3,4.670441857
3622.43,2.837367599,10250.66,4.611472126
3627.01,3.15124848,10259.02,4.553990071
3631.59,2.960922869,10267.39,4.411917305
3633.88,2.95546568,10275.75,4.577813068
3638.45,3.055572274,10284.11,4.802678863
3643.03,2.998222246,10292.47,4.747867192
3647.61,2.946461225,10300.83,4.778623168
3652.19,3.028853744,10309.19,4.65351207
3654.48,3.103678729,10317.56,4.492531789
3659.05,2.988728106,10325.92,4.265773678
3663.63,3.072548628,10334.28,4.425542671
3668.21,3.143698455,10342.64,4.241202706
3672.79,3.085671949,10351,5.016814991
3677.36,3.115981402,10359.36,4.557220578
3679.65,2.91632068,10367.72,5.325979984
3684.23,3.135379793,10376.09,5.240900096
3688.81,3.061465661,10384.45,4.891227563
3693.6,3.047716544,10392.81,5.179012651
3698.39,3.336122862,10401.17,5.393952169
3700.78,3.135960362,10409.53,4.684745941
3705.57,3.098041492,10417.89,4.769813027
3710.36,3.08524299,10426.26,5.078001844
3715.15,3.286029168,10434.62,4.53641767
3719.94,2.996972199,10442.98,5.675130279
3724.73,3.032442675,10451.34,4.649144728
3727.13,3.165291579,10459.7,4.70456293
3731.92,3.065465612,10468.06,4.764121355
3736.71,3.103362938,10476.42,5.030836375
3741.5,3.115677472,10484.79,5.001221756
3746.29,2.86352728,10493.15,4.664822938
3748.68,3.206693072,10501.51,5.189415233
3753.47,3.223599852,10509.87,5.539651602
3758.27,3.321248832,10518.23,5.108306321
3763.06,3.25543612,10526.59,5.776993388
3767.85,3.189331224,10534.96,5.737953831
3772.64,3.1091444,10543.32,4.913363352
3775.03,3.381018377,10551.68,5.029861054
3779.82,3.206698232,10560.04,5.236102385
3784.61,3.186683985,10568.4,4.627457287
3789.4,3.297801503,10576.76,4.743067036
3794.19,3.214351499,10585.12,5.10882732
3796.59,3.211501764,10593.49,5.102981254
3801.38,3.291231457,10601.85,4.872751587
3806.17,3.275268677,10610.21,5.205575315
3810.96,3.390188096,10618.57,4.532599493
3815.75,3.33654554,10626.93,5.019595035
3820.54,3.312353064,10635.29,4.723498882
3822.93,3.392410778,10643.66,4.303230578
3827.72,3.397893318,10652.02,4.757133602
3832.51,3.169522395,10660.38,4.616769322
3837.3,3.179051337,10668.74,4.573740222
3842.09,3.195387844,10677.1,4.837123304
3844.49,3.072748428,10685.46,5.262482914
3849.28,3.037027529,10693.82,5.441787839
3854.07,3.013821638,10702.19,5.418445658
3858.86,3.065699847,10710.55,5.569298247
3863.65,2.840155138,10718.91,5.611090659
3868.44,2.887015161,10720.38,5.025943874
3870.83,2.957919374,10721.84,4.907494535
3875.63,2.813042228,10723.31,5.192312521
3880.42,2.897859991,10724.78,5.069690057
3885.21,2.987829408,10726.24,5.335506102
3890,3.064425215,10727.71,5.950462939
3892.39,2.947606272,10729.18,5.485565042
3897.18,2.829437586,10730.64,5.519315762
3901.97,2.980618636,10732.11,5.084717173
3904.37,3.005716281,10733.58,4.920216358
3909.16,2.930078303,10735.04,5.022926595
3913.95,2.919441111,10736.51,4.994776878
3918.74,2.859094019,10737.98,4.529188665
3923.53,2.846280681,10739.44,5.075511596
3928.32,2.762680169,10740.91,4.59970071
3933.28,2.741661548,10742.38,5.093622381
3938.25,2.67514285,10743.84,5.993181822
3943.21,2.634336628,10745.31,4.487600943
3948.18,2.628965501,10746.78,5.268538729
3953.14,2.719172331,10748.24,5.363914649
3958.11,2.786837582,10749.71,5.427301799
3963.07,2.774585661,10751.18,6.040084629
3968.04,2.875019049,10752.64,7.56112159
3973,2.954509558,10754.11,4.966651741
3977.97,2.808994199,10755.58,4.876930726
3982.94,2.850436915,10757.04,4.559233091
3987.9,2.962831795,10758.51,4.664328695
3992.87,2.816482916,10759.98,4.440655248
3997.83,2.585958534,10761.44,4.071943626
4002.8,2.595170853,10762.91,4.45491435
4007.76,2.529129794,10764.38,3.899593132
4012.73,2.733655639,10765.84,4.756761202
4017.69,2.797387837,10767.31,4.791750952
4022.66,2.742854123,10768.78,4.620946719
4027.62,2.890787818,10770.24,5.889965614
4032.59,2.8056272,10771.71,5.323181124
4037.55,2.696584472,10773.18,5.529924996
4042.52,2.835865054,10774.64,5.562905876
4047.48,2.775024777,10776.11,4.175249587
4052.45,2.807497039,10777.58,4.428524797
4057.41,2.886280577,10779.05,4.323456661
4062.38,2.910914607,10780.51,4.008689118
4067.34,2.797746143,10781.98,4.240972875
4072.31,2.872184888,10783.45,4.766347791
4077.27,2.684089408,10784.91,3.955290201
4082.24,2.823361048,10786.38,3.94473218
4087.21,2.696641565,10787.85,4.824131089
4092.17,2.929935099,10789.31,4.314861717
4097.14,2.929453108,10790.78,4.377448865
4102.1,3.253130849,10792.25,4.38341456
4107.07,3.070255188,10793.71,3.175413216
4112.03,2.789100127,10795.18,4.477431507
4117,3.008795922,10796.65,4.871373227
4121.96,2.918573193,10798.11,5.015522323
4126.93,2.950386172,10799.58,4.817435738
4131.89,3.061471996,10801.05,4.892866964
4136.86,2.953343148,10802.51,4.483364648
4141.82,2.898901114,10803.98,4.933117576
4146.79,3.087309713,10805.45,4.761330917
4151.75,3.193589096,10806.91,5.061721671
4156.72,2.971089002,10808.38,4.7783492
4161.68,2.994215973,10809.85,5.360834028
4166.65,2.891108949,10811.31,5.168335223
4171.61,2.869318349,10812.78,5.043816047
4176.58,2.773942819,10814.25,5.121616349
4181.32,2.651743939,10815.71,4.627708399
4186.06,2.643935388,10817.18,4.955946411
4190.8,2.707663653,10818.65,5.739921521
4195.54,2.877703739,10820.11,4.897128815
4200.28,2.968325224,10821.58,4.65450965
4205.02,2.856307154,10823.05,4.609789132
4209.75,NaN,10824.51,4.676490565
4214.49,NaN,10825.98,4.268812885
4219.23,3.228826156,10827.45,4.229236298
4228.71,2.793208009,10828.91,4.26969745
4233.45,2.40356101,10830.38,4.733819891
4238.19,2.921624301,10831.85,4.561279763
4242.93,2.905850682,10833.31,5.055575115
4247.67,3.080565058,10834.78,4.716264233
4252.41,3.189397972,10836.25,5.173619028
4257.15,3.011168082,10837.71,5.617679776
4261.89,2.928103101,10839.18,5.550076141
4266.62,2.824999746,10840.65,4.697334928
4271.36,2.668862545,10842.11,5.155637108
4276.1,2.85529602,10843.58,4.225435035
4280.84,2.893029567,10845.05,4.468743851
4285.58,2.840135284,10846.51,4.879342291
4290.32,2.844158915,10847.98,5.191506524
4295.06,2.849638008,10849.45,5.243126326
4299.8,2.831937223,10850.92,5.197637239
4304.54,2.941437664,10852.38,5.51362074
4309.28,2.851537444,10853.85,5.17276989
4314.02,2.775358551,10855.32,6.402055385
4318.76,2.743881221,10856.78,6.69279246
4323.49,2.866837733,10858.25,4.933551168
4328.23,2.82559426,10859.72,4.361459429
4332.97,2.885617929,10861.18,4.904402939
4337.71,3.059418159,10862.65,5.3508771
4342.45,3.10538124,10864.12,5.945017789
4347.19,3.126874082,10865.58,4.32943295
4351.93,3.305567151,10867.05,4.672172774
4356.67,3.124737218,10868.52,4.234439616
4361.41,3.158196189,10869.98,4.828829733
4366.15,3.152364344,10871.45,4.623109574
4370.89,3.236065633,10872.92,5.038272444
4375.63,3.396571313,10874.38,5.03202114
4380.36,3.361276001,10875.85,5.477214262
4385.1,3.231873343,10877.32,4.678737943
4389.84,3.283132139,10878.78,4.656787752
4394.58,3.330474905,10880.25,5.134447477
4399.32,3.517368813,10881.72,4.61819816
4404.06,3.519261672,10883.18,4.745415103
4408.8,3.297926474,10884.65,4.212705314
4413.54,3.30684203,10886.12,3.752851105
4416.28,3.250058752,10887.58,4.184432798
4419.02,3.26369773,10889.05,4.503439438
4421.75,3.12176895,10890.52,4.768275363
4424.49,3.243589926,10891.98,4.377478637
4427.23,3.24892946,10893.45,4.808496016
4429.97,3.112795108,10894.92,4.641019839
4432.71,3.207836858,10896.38,5.424052241
4435.45,3.034790001,10897.85,4.438856798
4438.18,2.899879619,10899.32,4.783358634
4440.92,2.893777259,10900.78,4.988285948
4443.66,2.879959927,10902.25,6.093743396
4446.4,2.729983911,10903.72,6.256069888
4449.14,2.709119965,10905.18,4.770805683
4451.88,2.561504517,10906.65,5.590138588
4454.62,2.625583195,10908.12,4.523987588
4457.35,2.479398728,10909.58,5.29236217
4460.09,2.648323675,10911.05,4.792394236
4462.83,2.799148915,10912.52,6.295266001
4465.57,2.603350842,10913.98,6.679958059
4468.31,2.93857386,10915.45,4.449501501
4471.05,2.929691521,10916.92,5.298555433
4473.78,3.079613758,10918.38,4.691738202
4476.52,3.019148765,10919.85,5.310019462
4479.26,2.815826401,10921.32,5.066169583
4482,2.665234297,10922.79,5.315041148
4484.74,2.72341542,10924.25,5.201160655
4487.48,2.680996019,10925.72,5.021862357
4490.21,2.709508991,10927.19,4.491349072
4492.95,2.72583204,10928.65,4.391533191
4495.69,2.672906116,10930.12,4.801285065
4498.43,2.76953252,10931.59,4.776196305
4501.17,2.903756489,10933.05,4.54144293
4503.91,2.752044802,10934.52,4.060214622
4506.65,2.701509794,10935.99,4.02620167
4509.38,2.722827213,10937.45,3.865832264
4512.12,2.681904921,10938.92,4.074708588
4514.86,2.674307544,10940.39,4.267489165
4517.6,2.653020137,10941.85,4.331452654
4520.34,2.642070893,10943.32,4.694688223
4523.08,2.874487725,10944.79,4.778214609
4525.81,2.728884288,10946.25,5.160081046
4528.55,2.827283887,10947.72,4.162182921
4531.29,2.894166364,10949.19,5.635503634
4534.03,2.774005488,10950.65,4.952869485
4536.77,2.729659012,10952.12,5.127651752
4539.51,2.816281855,10953.59,4.995569999
4542.24,2.908980603,10955.05,4.469295915
4544.98,2.898323436,10956.52,5.790171052
4547.72,2.963691751,10957.99,4.560132588
4550.46,3.08713874,10959.45,5.181008356
4552.24,3.165214557,10960.92,4.467065144
4554.03,2.826985704,10962.39,4.511650402
4555.81,2.770576465,10963.85,4.960620851
4557.6,2.905059565,10965.32,4.8940123
4559.38,2.967489061,10966.79,4.858137288
4561.17,2.840583091,10968.25,5.555781826
4562.95,3.043427147,10969.72,5.471556926
4564.74,2.689319164,10971.19,4.713982681
4566.52,2.523738594,10972.65,4.972252325
4568.31,2.685634591,10974.12,4.834912606
4570.09,2.631050324,10975.59,4.909484014
4571.88,2.815424192,10977.05,5.104522839
4573.66,2.793905481,10978.52,5.340497343
4575.45,2.637925468,10979.99,5.594109843
4577.23,2.61678861,10981.45,5.508431964
4579.02,2.700092222,10982.92,5.522291741
4580.8,2.744696824,10984.39,5.178634592
4582.59,2.540687484,10985.85,5.303521194
4584.37,2.637426451,10987.32,5.194486293
4586.16,2.515642615,10988.79,5.231519886
4587.94,2.660909838,10990.25,4.727908245
4589.73,2.881286686,10991.72,4.455759635
4591.51,2.61737004,10993.19,4.693941021
4593.29,2.623364579,10994.66,4.204075678
4595.08,2.67252734,10996.12,4.383587915
4596.86,2.587331445,10997.59,5.621004548
4598.65,2.687157124,10999.06,5.316242173
4600.43,2.674704668,11000.52,5.381247149
4602.22,2.710906404,11001.99,5.012356658
4604,2.676501843,11003.46,NaN
4605.79,2.691082668,11004.92,5.436628982
4607.57,2.973976283,11006.39,5.360033829
4609.36,2.73415802,11007.86,4.758716287
4611.14,2.651502754,11009.32,5.403931948
4612.93,2.616140986,11010.79,4.8797505
4614.71,2.609850278,11012.26,5.327876169
4616.5,2.576827745,11018.72,5.232110788
4618.28,3.093644739,11025.18,4.708911745
4620.07,2.993296219,11031.64,5.181535668
4621.85,3.054844689,11038.11,7.810514877
4623.64,3.045577151,11044.57,5.770378537
4625.42,2.771714214,11051.03,5.340713506
4627.21,3.121623166,11057.49,4.607591495
4628.99,2.816311533,11063.96,5.749392986
4630.78,2.694117107,11070.42,5.710862614
4632.56,2.933567569,11076.88,5.511643655
4634.34,3.049324835,11083.34,5.187996653
4636.13,3.053351182,11089.8,5.108303966
4637.91,3.286876931,11096.27,5.094772173
4639.7,3.162650265,11102.73,4.927121924
4641.38,3.212138897,11109.19,4.267117754
4643.05,3.224696689,11115.65,4.264592446
4644.73,2.840774817,11122.12,3.72029565
4646.41,2.714610377,11128.58,4.252279958
4648.08,2.699744506,11135.04,3.936025314
4649.76,2.669236423,11141.5,4.703186491
4651.44,2.727284324,11147.97,4.754043809
4653.12,2.606158533,11154.43,4.387235647
4654.79,2.91506437,11160.89,4.790773813
4656.47,2.801615765,11167.35,4.963889017
4658.15,2.78474642,11173.82,5.732281581
4659.82,2.919183455,11180.28,5.371547624
4661.5,2.819545705,11186.74,4.702776578
4663.18,2.763829542,11193.2,4.109658797
4664.85,2.775872797,11199.67,4.757999921
4666.53,2.916114646,11206.13,4.477063613
4668.21,2.786302398,11212.59,5.263590887
4669.89,2.858891231,11219.05,5.23341664
4671.56,2.819596531,11225.52,5.013298412
4673.24,2.918880815,11231.98,4.757328735
4674.92,2.692782729,11238.44,4.876697886
4676.59,2.447857837,11244.9,4.625736464
4678.27,2.55040967,11251.36,4.371357947
4679.95,2.758248946,11257.83,5.590503171
4681.62,2.996152353,11264.29,6.236467433
4683.3,NaN,11270.75,6.020294929
4684.98,NaN,11277.21,6.737085575
4686.66,2.024381764,11283.68,5.328945204
4688.33,NaN,11290.14,5.07809922
4693.36,3.131409799,11296.6,5.785142995
4695.04,2.842843424,11303.06,5.098610259
4696.72,3.027546377,11309.53,4.848116365
4698.4,2.944010989,11315.99,4.981822332
4700.07,2.91132399,11322.45,5.733708965
4701.75,3.049436453,11328.91,5.000320103
4703.43,3.017476895,11335.38,5.545077279
4705.1,2.745576728,11341.84,4.736672494
4706.78,2.90009674,11348.3,4.272025739
4708.46,2.96046652,11354.76,4.119986993
4710.13,2.834443205,11361.23,3.997933453
4711.81,2.912002017,11367.69,3.921330208
4713.49,2.710957847,11374.15,4.216844588
4715.17,2.699699422,11380.61,5.252273428
4716.84,2.67052819,11387.07,4.102165141
4718.52,2.719194766,11393.54,4.507189778
4720.2,2.843970368,11400,4.197822573
4721.87,2.972472785,11406.46,4.672828834
4723.55,3.053497299,11412.92,4.61566289
4725.74,3.230358206,11419.39,5.192432604
4727.93,3.101397365,11425.85,4.91513462
4730.11,3.140215381,11432.31,4.861184202
4732.3,3.157480229,11438.77,4.633786652
4734.49,3.146958397,11445.24,4.459110307
4736.67,3.053633855,11451.7,4.480761475
4738.86,3.248553019,11458.16,4.974463809
4741.05,3.14045448,11464.62,4.684880198
4743.24,2.904205971,11471.09,4.774068722
4745.42,2.869910686,11477.55,4.329459184
4747.61,2.821777678,11484.01,4.179257932
4749.8,2.731124114,11490.47,4.552322621
4751.99,2.774895174,11496.94,5.092082523
4754.17,2.875667817,11503.4,4.581321623
4756.36,3.179287637,11509.86,4.865508107
4758.55,2.981079997,11516.32,4.649255422
4760.74,3.08955325,11522.79,4.423005042
4762.92,3.060410294,11529.25,4.722514168
4765.11,2.856236793,11535.71,4.418914977
4767.3,2.974995326,11542.17,4.793554409
4769.49,2.870937613,11548.63,4.377981196
4771.67,2.982504141,11555.1,4.228209233
4773.86,2.876536951,11561.56,4.004075173
4776.05,3.213061855,11568.02,4.41376752
4778.24,2.755847809,11574.48,4.469701434
4784.8,NaN,11580.95,4.618039402
4786.98,3.219346302,11587.41,4.52496942
4789.17,3.207592899,11593.87,4.040069688
4791.36,3.093312602,11600.33,4.253046693
4793.55,3.116642406,11606.8,4.619138113
4795.73,2.998695239,11613.26,4.238320667
4797.92,2.959197949,11619.72,4.244381703
4800.11,3.073351117,11626.18,4.271325562
4802.3,2.935987336,11632.65,4.819001548
4804.48,3.256228736,11639.11,4.777690783
4806.67,3.103352734,11645.57,4.285347806
4808.86,2.955094628,11652.03,4.161959333
4811.05,2.935227837,11658.5,4.26365749
4813.23,2.981633349,11664.96,4.021645853
4815.42,2.959181261,11671.42,4.065357025
4817.61,2.888027091,11677.88,4.321340333
4819.8,2.970537142,11684.35,4.564737524
4821.98,3.012261576,11690.81,4.392117064
4824.17,2.95485909,11697.27,4.589283793
4826.36,3.049440297,11703.73,4.402328852
4828.55,2.895065028,11710.19,4.505221357
4830.73,3.019257207,11716.66,4.418217231
4832.92,3.041842369,11723.12,4.510957618
4834.93,3.003813567,11729.58,4.037986567
4836.93,3.022412789,11736.04,4.519690104
4838.94,3.049980967,11742.51,4.468812935
4840.95,3.021948116,11748.97,4.357160549
4842.95,2.907098272,11755.43,4.24343319
4844.96,3.061630164,11761.89,4.165549009
4846.96,2.986548015,11768.36,3.717147451
4848.97,3.145580595,11774.82,3.99544719
4850.98,3.060748622,11781.28,4.117609067
4852.98,3.014421963,11787.74,4.335001553
4854.99,3.039964178,11794.21,4.278749499
4857,3.091890578,11800.67,4.20715624
4859,3.172019618,11807.13,4.24960733
4861.01,3.288296774,11813.59,4.093210775
4863.01,3.062671756,11820.06,3.870391622
4865.02,3.067644855,11826.52,4.012699537
4867.03,3.114433851,11832.98,4.127887054
4869.03,3.174299468,11839.44,4.030569638
4871.04,3.090918928,11845.91,4.44677785
4873.05,3.153321816,11852.37,4.422176648
4875.05,3.201518853,11858.83,4.366512827
4877.06,3.229976771,11865.29,4.455589202
4879.06,3.108733251,11871.75,4.343001447
4881.07,3.062740054,11878.22,4.140479477
4883.08,3.14044256,11884.68,4.301498896
4885.08,3.040587361,11891.14,4.457440851
4887.09,3.039319672,11897.6,5.211760432
4889.1,3.059396811,11904.07,5.466813061
4891.1,3.055679117,11910.53,5.718625654
4893.11,3.093627269,11916.99,5.481725955
4895.11,3.042706731,11923.45,5.115392238
4897.12,2.989285203,11929.92,4.85208567
4899.13,3.203610971,11936.38,4.787795833
4901.13,3.157763036,11942.84,4.824198137
4903.14,3.051057285,11949.3,4.601971158
4905.15,3.231504773,11955.77,4.337382792
4907.15,3.046311027,11962.23,4.503778393
4909.16,3.064276523,11968.69,4.04642439
4911.16,3.097588558,11975.15,3.97580231
4913.17,3.064103483,11981.62,4.121720632
4915.18,2.994610568,11988.08,4.16063263
4917.18,3.031260743,11994.54,4.203548489
4919.19,2.970886275,12001,4.062791348
4921.2,3.008394487,12007.47,3.755731671
4923.2,2.944680934,12013.93,3.977117422
4925.21,3.007947861,12020.39,3.994774451
4927.21,3.01658257,12026.85,4.081911266
4929.22,3.127004171,12033.31,4.319609005
4931.23,2.724919962,12039.78,4.33886714
4933.23,2.924476446,12046.24,4.267819515
4935.32,2.72892579,12052.7,3.95715269
4937.42,3.055958976,12059.16,3.889431418
4939.51,2.935762832,12065.63,3.7832671
4941.6,2.900384872,12072.09,3.726152301
4943.69,2.840239369,12078.55,3.750401382
4945.78,2.708204868,12085.01,3.842199224
4947.87,2.768992737,12091.48,3.808228805
4949.96,2.974365924,12097.94,3.92566861
4952.05,2.888919133,12104.4,3.87770643
4954.14,3.007259779,12110.86,3.85134619
4956.23,2.980189218,12117.33,3.706055197
4958.33,3.011671406,12123.79,3.701994239
4960.42,3.018621025,12130.25,3.715045117
4962.51,3.656946407,12136.71,3.822596059
4964.6,2.531710716,12143.18,3.881996262
4966.69,3.258096538,12149.64,3.939467555
4968.78,3.64341708,12156.1,3.843760265
4970.87,3.797360097,12162.56,3.93560701
4972.96,3.340671961,12169.02,3.917666826
4975.05,3.118473756,12175.49,4.012698513
4977.15,2.927479747,12181.95,3.873031178
4979.24,3.060763575,12188.41,3.863842626
4981.33,2.834294571,12194.87,3.846978218
4983.42,2.965138001,12201.34,3.979456429
4985.51,2.952831595,12207.8,3.937469671
4987.6,2.994386076,12214.26,3.963793351
4989.69,2.856589723,12220.72,3.903039435
4991.78,2.925114706,12227.19,3.861747868
4993.87,2.993464897,12233.65,4.057145255
4995.96,2.917650068,12240.11,4.120004851
4998.06,2.91519925,12246.57,4.287143629
5000.15,2.975900555,12253.04,4.074003579
5002.24,3.035630765,12259.5,4.015774866
5004.33,3.087639712,12265.96,4.001450815
5006.42,2.927214213,12272.42,4.046784728
5008.51,2.969258797,12278.89,3.968587483
5010.6,2.97672154,12285.35,3.981582334
5012.69,3.033033627,12291.81,4.031859209
5014.78,3.090940303,12298.27,3.828307406
5016.87,3.028522096,12304.74,4.068333513
5018.97,3.161083726,12308.14,3.82988495
5021.06,3.14743097,12311.54,3.867731392
5023.15,3.009125331,12314.94,3.877889787
5025.24,3.068732699,12318.34,3.918167055
5027.33,3.168167155,12321.74,3.920286069
5029.42,2.867006591,12325.14,3.905150962
5031.51,3.013080912,12328.54,3.857016376
5033.6,3.172676361,12331.94,3.905742195
5035.69,3.075080697,12335.34,3.950915698
5037.78,3.028443223,12338.74,3.938499456
5039.88,2.94207276,12342.14,3.93425062
5041.98,3.111471179,12345.54,3.89909426
5044.08,3.070258332,12348.94,3.904274267
5046.18,3.052579029,12352.34,3.876648956
5048.27,3.444471812,12355.74,3.875688283
5050.37,3.276845197,12359.14,3.920327411
5052.47,3.025716963,12362.54,4.01107638
5054.57,2.962921353,12365.94,3.798132384
5056.67,2.991595288,12369.34,3.952985171
5058.76,3.044834645,12372.74,3.934684227
5060.86,3.17175734,12376.14,3.925874456
5062.96,3.233928627,12379.54,3.866416858
5065.06,3.234275041,12382.94,3.804362295
5067.16,3.398847204,12386.34,3.917888125
5069.25,3.244235737,12389.74,3.862498627
5071.35,3.090911452,12393.14,4.140108234
5073.45,3.05067441,12396.54,3.990602432
5075.55,3.098309068,12399.94,3.974905342
5077.65,3.049674174,12403.34,3.838664436
5079.74,3.2907871,12406.74,3.801032281
5081.84,2.992827828,12410.14,3.896410232
5083.94,3.083232904,12413.54,3.993929979
5086.04,3.078278966,12416.94,3.99543046
5088.14,3.054231252,12420.34,3.906468687
5090.23,2.994609194,12423.74,3.962660867
5092.33,3.003968936,12427.14,3.965382011
5094.43,2.728208277,12430.54,3.951352823
5096.53,2.666135225,12433.94,3.958714888
5098.63,2.759336104,12437.34,3.894653291
5100.72,2.916041483,12440.74,4.015475132
5102.82,2.918471476,12444.14,3.923906467
5104.92,3.005929413,12447.54,3.942967809
5107.02,2.983047114,12450.94,3.961134474
5109.12,2.918210815,12454.34,3.922512213
5111.21,2.956200588,12457.74,3.898113769
5113.31,2.918239299,12461.14,3.853101478
5115.41,3.022029226,12464.54,3.88956941
5117.51,3.023652115,12467.94,3.887475173
5119.61,2.984902872,12471.34,3.901445827
5121.7,2.851227341,12474.74,3.980427051
5123.8,2.737178474,12478.14,3.927837592
5125.9,2.642872978,12481.54,3.868537893
5128,2.535566713,12484.94,3.891871317
5130.1,2.505669646,12488.34,3.876443145
5132.19,2.622550033,12491.74,3.873778392
5134.29,2.928280947,12495.14,3.903863285
5136.39,2.775172527,12498.54,3.974183863
5138.49,2.544064842,12501.94,3.920922067
5140.59,2.527112302,12505.34,3.943552295
5142.68,2.434875443,12508.74,3.940529373
5144.74,2.527107004,12512.14,3.952979931
5146.79,2.76078221,12515.55,3.935119374
5148.84,2.863483408,12518.95,3.999311782
5150.9,2.839263119,12522.35,3.978242805
5152.95,3.00867926,12525.75,3.865175738
5155.01,2.948563197,12529.15,3.944657978
5157.06,2.914726921,12532.55,3.906013334
5159.11,2.984395938,12535.95,4.001545524
5161.17,2.985681938,12539.35,3.927045822
5163.22,3.08814874,12542.75,4.052936229
5165.27,2.970813468,12546.15,3.958998836
5167.33,2.90416508,12549.55,3.972214219
5169.38,2.808424484,12552.95,3.962108227
5171.43,2.897751865,12556.35,3.928870576
5173.49,2.927311321,12559.75,3.910871595
5175.54,2.911243952,12563.15,3.932323675
5177.6,2.834868974,12566.55,3.957007752
5179.65,2.865668806,12569.95,3.902929742
5181.7,2.849128799,12573.35,4.077473321
5183.76,2.899920575,12576.75,3.909368322
5185.81,2.804727042,12580.15,3.943609379
5187.86,2.915511752,12583.55,3.927888178
5189.92,3.02516498,12586.95,3.91730431
5191.97,3.432519853,12590.35,3.978881518
5194.03,3.024185405,12593.75,3.865968404
5196.08,2.833773411,12597.15,3.913593041
5198.13,3.054560667,12600.55,3.94897068
5200.19,2.887364237,12603.95,3.982535709
5202.24,2.940130229,12607.35,3.903493303
5204.29,2.6683153,12610.75,3.975611511
5206.35,2.864123532,12614.15,3.939154788
5208.4,2.862024135,12617.55,4.036153513
5210.45,3.016600542,12620.95,3.903578145
5212.51,3.106299797,12624.35,3.882332177
5214.56,3.050044263,12627.75,3.987318609
5216.62,2.98307583,12631.15,3.899154558
5218.67,2.893259517,12634.55,3.883387107
5220.72,2.999593006,12637.95,3.929484721
5222.78,2.936405374,12641.35,4.027241745
5224.83,2.838810582,12644.75,3.961790813
5226.88,3.049486676,12648.15,3.887534958
5228.94,2.643473693,12651.55,4.017013888
5230.99,2.702164946,12654.95,4.022934413
5233.04,2.898872729,12658.35,3.968252454
5235.1,2.881165709,12661.75,3.977324114
5237.15,2.897650673,12665.15,3.922661981
5239.21,3.065022499,12668.55,3.960096347
5241.26,2.870984531,12671.95,3.960778537
5243.31,2.873659588,12675.35,3.924246134
5245.37,2.942037697,12678.75,3.876196293
5247.43,2.958953022,12682.15,4.007290303
5249.49,2.858286681,12685.55,4.079673982
5251.54,2.747059855,12688.95,4.122203891
5253.6,2.528643524,12692.35,4.060879959
5255.66,2.481455821,12695.75,4.054370224
5257.72,2.494364705,12699.15,4.034950021
5259.78,2.358449741,12702.55,4.057956844
5261.84,2.366906199,12705.95,4.043589829
5263.9,2.500869351,12709.35,4.097915045
5265.96,2.637595222,12712.75,4.065643928
5268.02,2.699700667,12716.15,4.109492912
5270.08,2.874631528,12719.55,4.123622982
5272.14,2.986876471,12722.95,4.124354008
5274.2,3.037029831,12726.35,4.103078242
5276.26,3.039318836,12729.75,4.18577483
5278.31,3.296214724,12733.16,4.126535911
5280.37,3.204253306,12736.56,4.111680977
5282.43,3.108099435,12739.96,4.20266943
5284.49,3.165891693,12743.36,4.079736877
5286.55,3.178927574,12746.76,4.056303408
5288.61,3.12037747,12750.16,4.050588396
5290.67,3.019949197,12753.56,4.102947451
5292.73,3.131716014,12756.96,4.222024801
5294.79,2.832757244,12760.36,4.145333297
5296.85,2.946016681,12763.76,4.054873258
5298.91,3.077077913,12767.16,4.376959338
5300.97,3.045904608,12770.56,4.248900018
5303.03,3.017872128,12773.96,4.165124454
5305.09,3.143912786,12777.36,4.231435247
5307.14,3.048474622,12780.76,4.262777851
5309.2,3.08970203,12784.16,4.250427361
5311.26,3.146022127,12787.56,4.149109174
5313.32,2.944959948,12790.96,4.382899002
5315.38,2.90332714,12794.36,4.384062604
5317.44,2.946439869,12797.76,4.435630786
5319.5,3.038835377,12801.16,4.319238406
5321.56,2.948191329,12804.56,4.286362619
5323.62,2.966927712,12807.96,4.392445799
5325.68,2.925773685,12811.36,4.378117006
5327.74,3.007473232,12814.76,4.396042434
5329.8,2.96935533,12818.16,4.290295699
5331.86,3.156201643,12821.56,4.43776655
5333.91,2.85285391,12824.96,4.18352134
5335.97,2.500980475,12828.36,4.098327231
5338.03,2.603787912,12831.76,4.030942346
5340.09,2.777009015,12835.16,4.262703708
5342.15,2.735484275,12838.56,4.198467352
5344.21,2.643560827,12841.96,4.154489303
5346.27,2.773455065,12845.36,4.336627831
5348.33,2.721409178,12848.76,4.256610565
5350.38,2.657897536,12852.16,4.262883488
5352.44,2.775824971,12855.56,4.149861789
5354.49,2.752067087,12858.96,4.073198459
5356.55,2.901058255,12862.36,3.888100349
5358.6,2.865148746,12865.76,4.034989527
5360.66,2.907269166,12869.16,3.913569312
5362.71,2.800480769,12872.56,4.02363985
5364.77,2.802262188,12875.96,4.074858683
5366.82,2.828067875,12879.36,4.128349934
5368.88,2.799977381,12882.76,4.215625826
5370.93,2.818676826,12886.16,4.10908519
5372.99,2.703880271,12889.56,4.073391481
5375.04,2.787248274,12892.96,4.179019516
5377.1,2.652003412,12896.36,4.0985095
5379.15,2.700335602,12899.76,4.148404032
5381.21,2.798426399,12903.16,4.106375534
5383.26,2.678419292,12906.56,3.943879284
5385.32,2.704387899,12909.96,4.094866619
5387.37,2.605402655,12913.36,4.081232812
5389.42,2.528566718,12916.76,4.09221074
5391.48,2.593302657,12920.16,4.138791048
5393.53,2.642413037,12923.56,4.197664728
5395.59,2.788902298,12926.96,4.147147827
5397.64,2.803469772,12930.36,4.176303183
5399.7,2.917077491,12933.76,4.339173276
5401.75,2.698465796,12937.16,4.172544679
5403.81,2.78045906,12940.56,3.677324058
5405.86,3.164044308,12943.96,3.43431168
5407.92,3.010498109,12947.36,4.176913622
5409.97,2.851622566,12950.77,4.337315038
5412.03,2.814135842,12954.17,4.40077829
5414.08,2.868623978,12957.57,4.578605162
5416.14,2.816354586,12960.97,4.631366422
5418.19,2.613676828,12964.37,4.634784677
5420.25,2.651569789,12967.77,4.554849819
5422.3,2.861614428,12971.17,4.461462256
5424.36,2.847764625,12974.57,4.490188299
5426.41,2.638954104,12977.97,4.618430297
5428.47,2.621167765,12981.37,4.657937289
5430.52,2.617246498,12984.77,4.535486066
5432.58,2.706219765,12985.31,4.596195796
5434.63,2.744371761,12985.86,4.534533526
5436.68,2.717438951,12986.41,4.626795565
5438.74,2.740355551,12986.95,4.533967897
5440.79,2.510391333,12987.5,4.831647305
5442.85,2.582155083,12988.04,4.815150193
5444.9,2.646030048,12988.59,4.843649608
5446.96,2.9347688,12989.14,4.680871687
5449.01,2.980775808,12989.68,4.475950044
5451.07,2.917052148,12990.23,4.459252774
5458.83,2.679741167,12990.77,4.395165888
5466.6,2.830655454,12991.32,4.400106138
5474.36,2.826715319,12991.87,4.929448072
5482.13,2.901306116,12992.41,4.266930535
5489.89,2.796603598,12992.96,4.117904716
5497.66,2.750769062,12993.5,3.885863587
5505.43,2.909427844,12994.05,3.482417697
5513.19,3.192542273,12994.6,3.831419319
5520.96,3.109229408,12995.14,3.950302521
5528.72,3.050896159,12995.69,2.98911888
5536.49,3.083061238,12996.24,2.476468683
5544.25,3.139998728,12996.78,3.18047168
5552.02,3.191337306,12997.33,3.960756275
5559.78,3.09682839,12997.87,3.299178854
5567.55,3.215207132,12998.42,2.664659978
5575.31,3.171971206,12998.97,3.293996868
5583.08,3.00367363,12999.51,3.942884796
5590.84,2.928624417,13000.06,3.950458967
5598.61,3.087427802,13000.6,3.921418727
5606.37,3.186492699,13001.15,4.043545749
5614.14,3.159188264,13001.7,3.943372175
5621.9,3.03129531,13002.24,4.029744233
5629.67,3.172976506,13002.79,4.064616604
5637.43,3.152942783,13003.34,4.112281525
5645.2,3.036932895,13003.88,3.612691303
5652.97,3.047274473,13004.43,2.500127896
5660.73,3.038368007,13004.97,1.671336511
5668.5,3.123172177,13005.52,1.359914486
5676.26,3.307788081,13006.07,1.563871683
5684.03,3.230700245,13006.61,1.505599178
5691.79,3.106226468,13007.16,1.894556321
5699.56,2.868252571,13007.7,1.61293918
5707.32,2.611894594,13008.25,1.694340375
5715.09,2.500762629,13008.8,3.231995251
5722.85,2.30461295,13009.34,3.86903165
5730.62,1.997183071,13009.89,3.997685381
5738.38,1.047515291,13010.43,3.912299374
5746.15,1.768363678,13010.98,3.958046466
5753.91,1.484050669,13011.53,3.809383961
5761.68,2.762508368,13012.07,3.869637817
5769.44,2.979500848,13012.62,3.927241303
5777.21,3.134633836,13013.17,3.951772519
5784.97,3.101952246,13013.71,3.963509025
5792.74,3.148495777,13014.26,3.966503405
5800.51,3.178873167,13014.8,3.948432077
5808.27,3.334509544,13015.35,3.998113138
5816.04,3.19231239,13015.9,3.965654633
5823.8,3.150283033,13016.44,3.960783925
5831.57,3.170260076,13016.99,3.974336146
5839.33,3.285489983,13017.53,3.987761265
5846.82,3.394716862,13018.08,3.99842219
5854.31,3.370320647,13018.63,4.064217971
5861.8,3.289294909,13019.17,3.929756341
5869.29,3.376475699,13019.72,3.927682201
5876.78,3.162472154,13020.27,3.928460866
5884.27,3.332157017,13020.81,3.917890338
5891.76,3.372892436,13021.36,3.934545243
5899.25,3.368905877,13021.9,3.911000456
5906.74,3.352205177,13022.45,3.91818454
5914.23,3.384040013,13023,3.878784035
5921.72,3.483478797,13023.54,3.976337142
5929.2,3.714995301,13024.09,4.077092985
5936.69,3.654070049,13024.63,3.935002556
5944.18,3.629456034,13025.18,4.155320369
5959.16,3.522202514,13025.73,4.254661068
5966.65,3.314050057,13026.27,4.334987818
5974.14,3.437482786,13026.82,4.108146986
5981.63,3.419617819,13027.36,4.017108022
5989.12,3.480010385,13027.91,3.967857792
5996.61,3.431801411,13028.46,4.10702739
6004.1,3.281136593,13029,4.08279709
6011.59,3.315239931,13029.55,4.118489712
6019.08,3.339127792,13030.1,4.058261425
6026.57,3.402676771,13030.64,4.029409137
6034.06,3.511447883,13031.19,4.06153646
6041.55,3.503375756,13031.73,4.019486007
6049.03,3.308588229,13032.28,3.997347449
6056.52,3.340569826,13032.83,3.92541442
6064.01,3.441837266,13033.37,3.97973306
6071.5,3.431743898,13033.92,3.973689527
6078.99,3.554274645,13034.46,3.968655478
6086.48,3.644770723,13035.01,4.178782881
6093.97,3.661445919,13035.56,4.090750745
6101.46,3.596483789,13036.1,4.024530134
6108.95,3.517708402,13036.65,4.121594205
6116.44,3.5180049,13037.2,4.051223781
6123.93,3.464522988,13037.74,4.101850815
6131.42,3.492797225,13038.29,4.052030763
6138.91,3.460640583,13038.83,4.103591297
6146.4,3.330517552,13039.38,4.108036876
6153.89,3.372115808,13039.93,4.100421403
6161.38,3.298196137,13040.47,4.084440607
6168.86,3.162626315,13041.02,4.009156861
6176.35,3.019895961,13041.56,4.048105921
6183.84,2.952879744,13042.11,4.037500124
6191.33,2.966107335,13042.66,4.089302825
6198.82,2.775992582,13043.2,4.013434442
6206.31,2.88274655,13043.75,3.996263281
6213.8,2.760115916,13044.29,4.094921596
6220.9,2.593743576,13044.84,4.053298413
6228.01,2.549551347,13045.39,4.120280444
6235.11,2.495601939,13045.93,4.008046967
6242.21,2.241627395,13046.48,4.090332999
6249.32,2.531247138,13047.03,4.023803547
6256.42,2.467729214,13047.57,4.025283466
6263.52,2.746198631,13048.12,4.101072056
6270.63,2.553423601,13048.66,4.061787775
6277.73,2.833786602,13049.21,4.003938375
6284.83,2.81094322,13049.76,4.087624048
6291.93,2.380375629,13050.3,4.053107517
6299.04,2.866504276,13050.85,4.028604003
6306.14,3.304019913,13051.39,4.050779164
6313.24,2.955510115,13051.94,4.055290825
6320.35,3.174246592,13052.49,3.969871791
6327.45,3.179485785,13053.03,4.009246122
6334.55,2.416299763,13053.58,4.037599575
6341.66,3.042484679,13054.13,4.071007977
6348.76,2.90153353,13054.67,4.007060761
6355.86,2.962093628,13055.22,3.981417558
6362.96,2.885339035,13055.76,4.078070497
6370.07,2.523896902,13056.31,3.952962066
6377.17,2.79081979,13056.86,4.046198844
6384.27,2.464705919,13057.4,3.943898908
6391.38,2.798650177,13057.95,4.049018239
6398.48,2.709644371,13058.49,3.964184322
6405.58,2.996776832,13059.04,4.063907163
6412.69,2.694473514,13059.59,4.052290749
6419.79,2.810879299,13060.13,3.922169921
6426.89,2.260905994,13060.68,3.922141654
6434,2.779038583,13061.22,3.927516262
6441.1,2.406564003,13061.77,4.001656151
6448.2,2.574367625,13062.32,4.026414764
6455.3,2.438390551,13062.86,4.038416462
6462.41,2.551710748,13063.41,3.997235969
6469.51,2.636489446,13063.96,4.085806623
6476.61,2.650461507,13064.5,4.053649399
6483.72,2.747339106,13065.05,4.062180403
6490.82,2.491462428,13065.59,4.053685084
6497.92,2.032361453,13066.14,3.964875505
6505.03,2.498013312,13066.69,3.98895486
6512.13,2.987033128,13067.23,3.917406217
6519.23,2.740725897,13067.78,3.912454849
6526.33,2.755094449,13068.32,3.954534114
6533.44,2.687173059,13068.87,3.913399107
6540.54,1.846393705,13069.42,3.978134363
6547.64,2.670196478,13069.96,4.112920948
6554.75,3.002831368,13070.51,4.139415806
6561.85,2.540873496,13071.06,4.134025012
6568.95,2.566828644,13071.6,3.928042049
6576.26,2.584273033,13072.15,3.933173887
6583.57,2.913276342,13072.69,3.939556191
6590.87,2.62410378,13073.24,3.917236838
6598.18,2.476354114,13073.79,3.932771046
6605.48,2.199702985,13074.33,3.932501537
6612.79,2.295877667,13074.88,3.966928295
6620.1,2.294082324,13075.42,3.950074396
6627.4,2.74714657,13075.97,3.988588988
6634.71,2.821153695,13076.52,4.023464911
6642.02,3.120922301,13077.06,4.113149381
6649.32,2.933331384,13077.61,3.998511035
6656.63,3.111764622,13078.15,3.992250028
6663.94,3.10426811,13078.7,3.954379462
6671.24,3.081502139,13079.25,3.988215167
6678.55,3.092794565,13079.79,4.018039879
6685.85,3.114010389,13080.34,3.954160403
6693.16,2.880401586,13080.89,3.911407882
6700.47,2.844628186,13081.43,4.003729147
6707.77,2.667754028,13081.98,3.918403807
6715.08,2.938436279,13082.52,4.125253816
6722.39,3.456787778,13083.07,4.018363196
6729.69,3.424880643,13083.62,4.006718226
6737,3.321108099,13084.16,4.078035824
6744.3,3.227418938,13084.71,4.07432966
6751.61,3.172981464,13085.25,4.136246662
6758.92,2.890371758,13085.8,4.047844236
6766.22,2.908987621,13086.35,3.960417639
6773.53,2.846741496,13086.89,4.01025316
6780.84,3.031268433,13087.44,3.951134091
6788.14,2.864356233,13087.99,4.050440814
6795.45,2.602712338,13088.53,4.070742927
6802.76,2.446919474,13089.08,4.064667774
6810.06,3.167011483,13089.62,4.038493552
6817.37,3.084148158,13090.17,4.073203108
6824.67,3.041719712,13090.72,4.096356547
6831.98,2.796921209,13091.26,4.172085606
6839.29,2.813269772,13091.81,4.214455566
6846.59,2.770257051,13092.35,4.127869341
6853.9,2.722564981,13092.9,4.174934067
6861.21,2.783734454,13093.45,4.135517652
6868.51,2.919814973,13093.99,4.032192578
6875.82,2.867962542,13094.57,4.116086574
6883.13,2.334046829,13095.14,4.020873374
6890.43,2.618607681,13095.72,4.133293459
6897.74,2.946302572,13096.3,4.178501568
6905.04,2.819841607,13096.87,4.031187105
6912.35,2.693721489,13097.45,4.00544565
6919.66,2.637143876,13098.03,4.081019108
6926.96,2.799145268,13098.6,4.071746988
6934.27,2.808581324,13099.18,3.997079022
6939.73,2.499969389,13099.75,4.050539906
6945.19,2.312625767,13100.33,4.151978568
6950.65,2.433357674,13100.91,4.089275358
6956.11,2.306652744,13101.48,4.046612001
6961.57,2.549020232,13102.06,3.967566869
6967.02,2.72266424,13102.63,3.970878667
6972.48,2.776451577,13103.21,3.984732598
6977.94,2.76446897,13103.79,4.150563891
6983.4,2.905144394,13104.36,3.946899743
6988.86,2.651059923,13104.94,4.008628988
6994.32,3.173454578,13105.52,3.936171875
6999.78,3.097047205,13106.09,3.902052088
7005.24,3.145055652,13106.67,3.979155099
7010.7,2.722820309,13107.24,4.016086519
7016.16,0.839018728,13107.82,4.007510036
7021.61,1.916064867,13108.4,4.035140056
7027.07,2.562963483,13108.97,3.964124796
7032.53,2.583986563,13109.55,3.978378904
7037.99,2.385442437,13110.12,4.090238314
7043.45,2.250826912,13110.7,4.106536334
7048.91,2.313122455,13111.28,4.045968436
7054.37,0.5363338,13111.85,4.071313768
7059.83,0.605795725,13112.43,4.003549352
7065.29,2.011470078,13113,4.053190948
7070.75,2.386535996,13113.58,4.021234365
7076.21,2.389331599,13114.16,4.061137719
7081.66,2.546812279,13114.73,4.01236517
7087.12,2.535223752,13115.31,3.889252812
7092.58,2.868102743,13115.89,4.00972897
7098.04,3.11780561,13116.46,3.960404923
7103.5,3.04652928,13117.04,4.030090851
7108.96,3.260761278,13117.61,3.907721314
7114.42,3.348681495,13118.19,4.061038417
7119.88,3.50871443,13118.77,4.109828706
7125.34,3.526454188,13119.34,4.117338085
7130.8,3.623019929,13119.92,4.103669244
7136.25,3.582755521,13120.49,4.133474404
7141.71,3.637419941,13121.07,4.094611702
7147.17,3.761823138,13121.65,4.133912135
7152.63,3.561731584,13122.22,4.110888488
7158.09,3.417088495,13122.8,4.082657229
7163.55,3.464478257,13123.38,4.036589677
7169.01,3.383326221,13123.95,4.043846428
7174.47,3.261229278,13124.53,4.124010216
7179.93,3.194917636,13125.1,4.075281362
7185.39,3.009486536,13125.68,4.021079717
7190.85,2.838408925,13126.26,4.021302149
7196.3,3.122844593,13126.83,4.078891306
7201.76,3.25983624,13127.41,4.053911309
7207.22,3.0311772,13127.98,4.046658489
7211.04,3.035651535,13128.56,4.154032719
7214.87,2.837418022,13129.14,4.157128828
7218.69,2.5638304,13129.71,4.07525681
7222.51,2.620623198,13130.29,4.141001942
7226.33,2.538502714,13130.86,4.070745823
7230.15,2.504150837,13131.44,4.044657049
7233.97,1.976197709,13132.02,4.090703503
7237.8,2.30812305,13132.59,4.032215654
7241.62,1.758895699,13133.17,3.96634157
7245.44,1.44920564,13133.75,3.98940111
7249.26,1.9667091,13134.32,3.996154673
7253.08,2.695624155,13134.9,3.934336304
7256.91,2.655102801,13135.47,3.887151487
7260.73,2.752403369,13136.05,3.982705743
7264.55,2.979964856,13136.63,3.987965081
7268.37,3.336054233,13137.2,3.951840946
7272.19,3.264883354,13137.78,3.981314786
7276.01,3.089138504,13138.35,3.998512291
7279.84,3.32923206,13138.93,3.983979224
7283.66,2.958413869,13139.51,3.96362791
7287.48,2.568652068,13140.08,3.857929134
7291.3,2.457743813,13140.66,3.668438799
7295.12,2.459103244,13141.24,3.977888126
7298.94,2.46432518,13141.81,4.045574398
7302.77,2.552876238,13142.39,4.066153331
7306.59,2.694455692,13142.96,4.11030894
7310.41,2.801657287,13143.54,4.00006546
7314.23,2.674853501,13144.12,4.084940178
7318.05,2.768825172,13144.69,4.066128808
7321.88,2.560578025,13145.27,4.111155958
7325.7,2.418239637,13145.84,4.186614251
7329.52,2.691354899,13146.42,4.307915232
7333.34,2.798229453,13147,4.265831345
7337.16,2.622084604,13147.57,4.069516048
7340.98,2.055261515,13148.15,4.163834205
7344.81,2.333953304,13148.72,4.147731558
7348.63,2.169148934,13149.3,4.054925853
7352.45,1.901408842,13149.88,4.040244892
7356.27,0.935927615,13150.45,4.014061675
7360.09,1.609830482,13151.03,4.026341669
7363.91,1.508611564,13151.61,3.946337419
7367.74,1.677954955,13152.18,3.930757437
7371.56,1.976350409,13152.76,3.956461503
7375.38,1.753027373,13153.33,4.123205047
7379.2,1.508025006,13153.91,3.992922621
7383.02,1.839076305,13154.49,3.959659465
7386.85,1.816900708,13155.06,3.980435642
7390.67,1.603219202,13155.64,4.00474051
7394.49,1.545270558,13156.21,3.918425713
7398.31,1.801496574,13156.79,4.05528388
7402.22,1.606627573,13157.37,4.042332383
7406.12,1.746803227,13157.94,4.014404239
7410.03,1.782256865,13158.52,4.020290287
7413.93,1.67737569,13159.1,4.064908447
7417.84,1.372571291,13159.67,3.992956897
7421.75,1.464152391,13160.25,4.055386074
7425.65,1.414781397,13160.82,4.073308578
7429.56,1.665507454,13161.4,4.015013107
7433.46,1.752490733,13161.98,3.988849194
7437.37,1.616309529,13162.55,3.955968899
7441.27,0.96501448,13163.13,4.018815854
7445.18,1.243985394,13163.7,4.003693195
7449.09,1.422976432,13164.28,3.95625158
7452.99,1.808255533,13164.86,3.908042387
7456.9,1.734437188,13165.43,3.953243659
7460.8,1.794645931,13166.01,3.948486254
7464.71,1.66732075,13166.58,4.00948777
7468.61,1.330591116,13167.16,3.937333771
7472.52,1.562208856,13167.74,3.949970284
7476.43,1.682480794,13168.31,3.922986529
7480.33,1.608179011,13168.89,3.952150954
7484.24,1.133477834,13169.47,3.941381963
7488.14,2.115254501,13170.04,3.96353158
7492.05,2.039282296,13170.62,3.889139475
7495.96,1.748401421,13171.19,3.96557911
7499.86,1.151492488,13171.77,3.784659245
7503.77,0.920163558,13172.35,3.926459777
7507.67,1.112598531,13172.92,3.762792301
7511.58,0.553877621,13173.5,3.899012077
7515.48,1.125096456,13174.07,3.880048293
7519.39,1.814580564,13174.65,3.849666659
7523.3,1.887044749,13175.23,3.85603037
7527.2,1.977861749,13175.8,3.64886819
7531.11,1.736814604,13176.38,2.511715699
7535.01,1.456831509,13176.95,1.817666293
7538.92,1.785359706,13177.53,2.226508413
7542.82,2.152750734,13178.11,3.948827704
7546.73,2.006743841,13178.68,3.974232904
7550.64,1.734615641,13179.26,3.716240628
7554.54,0.967376655,13179.84,3.78524515
7558.45,2.331832698,13180.41,3.91240403
7562.35,2.654674007,13180.99,3.964381036
7566.26,2.313226851,13181.56,3.900970478
7570.17,2.308980422,13182.14,3.921322695
7574.07,2.652543315,13182.72,3.936296579
7577.98,2.516648118,13183.29,4.045226841
7581.88,3.181201564,13183.87,4.018341966
7585.79,2.892461979,13184.44,4.004931852
7589.69,2.210474591,13185.02,4.092026664
7593.6,1.971965263,13185.6,3.929030335
7597.44,1.931324184,13186.17,3.951954198
7601.27,1.696964301,13186.75,3.914523393
7605.11,1.784348368,13187.33,3.907430302
7608.95,1.81898951,13187.9,4.016145546
7612.79,1.884486404,13188.48,3.913611873
7616.62,1.509725384,13189.05,4.012329526
7620.46,1.170389108,13189.63,3.984324314
7624.3,1.570801411,13190.21,3.967320312
7628.13,1.384628592,13190.78,3.887673097
7631.97,1.372616883,13191.36,3.8742253
7635.81,0.895369575,13191.93,3.377030454
7639.65,1.111540717,13192.51,3.525966479
7643.48,1.674012188,13193.09,3.746466758
7647.32,1.800598688,13193.66,3.808999703
7651.16,2.044464291,13194.24,3.823444411
7654.99,2.094412487,13194.81,3.900399237
7658.83,1.919995492,13195.39,3.875552305
7662.67,1.861579075,13195.97,3.91017454
7666.5,1.707221762,13196.54,3.91832034
7670.34,1.325741293,13197.12,3.802057953
7674.18,1.11194746,13197.7,3.630034757
7678.02,1.194070324,13198.27,3.555640559
7681.85,0.838714393,13198.85,3.691095697
7685.69,1.153823181,13199.42,3.634226549
7689.53,1.271919552,13200,3.35461556
7693.36,1.423799683,13200.58,3.399193865
7697.2,1.462483499,13201.15,3.169773255
7701.04,1.722972521,13201.73,2.835506774
7704.88,1.657337929,13202.3,2.726569806
7708.71,1.986626567,13202.88,2.86386181
7712.55,1.470734606,13203.46,2.653818888
7716.39,2.015013941,13204.03,2.839084652
7720.22,2.400950429,13204.61,2.706481393
7724.06,2.307776641,13205.19,2.63264913
7727.9,2.688825895,13205.76,2.452198932
7731.74,2.886173679,13206.34,2.092507178
7735.57,2.954028927,13206.91,1.678253339
7739.41,3.060710397,13207.49,1.376035256
7743.25,2.985212013,13208.07,1.805865455
7747.08,2.8243012,13208.64,2.884025707
7750.92,3.07562575,13209.22,3.073669126
7754.76,3.326520883,13209.79,3.176036318
7758.6,3.241882669,13210.37,3.759731629
7762.43,3.622577673,13210.95,4.427584959
7766.27,3.964676252,13211.52,4.21542455
7770.11,3.613202204,13212.1,3.75785375
7773.94,3.460883152,13212.67,3.755377284
7777.78,3.365894534,13213.25,3.751782244
7781.62,3.512841562,13213.83,3.893157644
7785.45,3.415603887,13214.4,3.937645992
7789.22,3.363438975,13214.98,3.922396902
7792.98,3.268952693,13215.56,3.919076816
7796.75,3.289707006,13216.13,3.944115296
7800.51,3.144605896,13216.71,4.01459729
7804.28,3.183652501,13217.28,3.918037331
7808.04,3.211417862,13217.86,3.970675161
7811.8,3.212360893,13218.44,3.935081698
7815.57,3.11121243,13219.01,3.857975932
7819.33,3.143854692,13219.59,3.905778092
7823.1,3.165125402,13220.16,3.891267328
7826.86,3.125204077,13220.74,4.107495231
7830.63,3.117462656,13221.32,4.067946856
7834.39,2.977616282,13221.89,3.997438587
7838.15,2.479145712,13222.47,4.099919627
7841.92,2.677334511,13223.05,4.051057883
7845.68,2.635160715,13223.62,4.156628542
7849.45,2.383288812,13224.2,4.154205336
7853.21,2.507459423,13224.77,4.037559561
7856.98,1.993139636,13225.35,4.058110754
7860.74,1.890217999,13225.93,4.016549583
7864.5,2.295490216,13226.5,4.024643264
7868.27,2.443970393,13227.08,4.083773335
7872.03,2.416673573,13227.65,4.063075341
7875.8,2.287870623,13228.23,4.014202564
7879.56,2.1102132,13228.81,4.102677886
7883.33,2.198638405,13229.38,4.052898752
7887.09,2.121134355,13229.96,4.086347096
7890.85,2.211820168,13230.53,4.11746216
7894.62,2.387178261,13231.11,4.032546302
7898.38,2.297008827,13231.69,4.045377252
7902.15,2.161597167,13232.26,4.075455904
7905.91,2.427092107,13232.84,4.077489109
7909.68,2.642105916,13233.42,4.163180632
7913.44,3.044334759,13233.99,4.085069963
7917.2,2.971043663,13234.57,4.035171325
7920.97,3.184290084,13235.14,4.019250391
7924.73,3.269188144,13235.72,3.999067811
7928.5,3.225096843,13236.3,4.01276682
7932.26,3.088197501,13236.87,4.086038673
7936.03,3.303817248,13237.45,4.033804525
7939.79,3.288295441,13238.02,4.01292112
7943.55,3.149406649,13238.6,3.998249537
7947.32,3.076132699,13239.18,4.119745354
7951.08,3.160839062,13239.75,4.07645262
7954.85,3.328927185,13240.33,4.065492476
7958.61,3.138622311,13240.91,4.099785191
7962.38,3.124645825,13241.48,4.091182312
7966.14,3.133839157,13242.06,4.065772691
7969.9,3.109169014,13242.63,4.14560688
7973.67,3.210030094,13243.21,4.086757715
7979.51,3.200930044,13243.79,4.146053642
7985.35,3.163094245,13244.36,4.057158682
7991.2,3.155100976,13244.94,4.10069379
7997.04,3.142135449,13245.51,4.072512346
8002.88,3.16375859,13246.09,4.118972262
8008.73,3.169869421,13246.67,4.111787822
8014.57,3.278075005,13247.24,4.128438089
8020.41,3.145618555,13247.82,4.191492157
8026.25,3.140891476,13248.39,4.211742338
8032.1,3.226320571,13248.97,4.302801207
8037.94,3.223321885,13249.55,4.224027137
8043.78,3.19929292,13250.12,4.208502743
8049.63,3.212485077,13250.7,4.311284514
8055.47,3.237951972,13251.28,4.318812456
8061.31,3.267887448,13251.85,4.291783267
8067.15,3.277097086,13252.43,4.32323842
8073,3.28809297,13253,4.254002391
8078.84,3.32136265,13253.58,4.099039407
8084.68,3.049830183,13254.16,4.062734034
8090.53,2.582006139,13254.73,4.113604918
8096.37,2.439631313,13255.31,4.111996073
8102.21,2.002188913,13255.88,4.015167113
8108.05,0.246549198,13256.46,4.008054646
8113.9,2.059982605,13257.04,4.060412548
8119.74,1.985763414,13257.61,3.976014436
8125.58,2.148499262,13258.19,4.030712815
8131.43,2.158498262,13258.77,4.013271347
8137.27,1.325153077,13259.34,3.980431294
8143.11,1.391503144,13259.92,3.984329086
8148.95,2.041771913,13260.49,4.035906992
8154.8,2.815966084,13261.07,3.994132412
8160.64,2.147760786,13261.65,3.939039154
8166.48,2.037532101,13262.22,3.964850888
8172.33,1.832354661,13262.8,3.951544624
8178.17,2.196457186,13263.37,3.96656514
8184.01,2.545333763,13263.95,3.986787499
8189.85,1.902168988,13264.53,4.037903618
8195.7,1.365483924,13265.1,4.174417947
8201.54,2.427701025,13265.68,4.104977487
8207.38,1.731489,13266.25,4.077282057
8213.23,1.967758655,13266.83,4.109498268
8219.07,2.244573895,13267.41,4.057985047
8224.91,1.997859174,13267.98,3.971462629
8230.76,0.836333724,13268.56,3.994640107
8236.6,-1.187528456,13269.14,3.997066977
8242.44,0.260036778,13269.71,4.086653905
8248.28,1.175081595,13270.29,4.108079591
8254.13,1.440252763,13270.86,4.020146963
8259.97,1.53373224,13271.44,4.006845541
8265.81,1.791944176,13272.02,4.02278662
8272.17,2.194467585,13272.59,3.962858104
8278.54,2.652123521,13273.17,4.069090417
8284.9,2.873106987,13273.74,4.065359264
8291.26,2.895817279,13274.32,4.108591082
8297.62,2.794993687,13274.9,4.078693184
8303.98,2.763760043,13275.47,4.11057148
8310.35,2.308623098,13276.05,4.114153225
8316.71,1.603836808,13276.62,4.039946832
8323.07,0.070295525,13277.2,4.07473113
8329.43,-1.687788781,13277.78,4.034835453
8335.79,-1.988817712,13278.35,4.075016289
8342.16,0.190697138,13278.93,4.104578719
8348.52,0.758005374,13279.51,4.086282522
8354.88,2.013834434,13280.08,4.113677151
8361.24,2.590435615,13280.66,4.097518804
8367.6,2.507324544,13281.23,4.022120571
8373.97,2.162257915,13281.81,4.009266509
8380.33,0.74292243,13282.39,4.036892773
8386.69,1.027222596,13282.96,4.069711932
8393.05,1.989185273,13283.54,4.058118976
8399.41,2.018350685,13284.11,4.086370759
8405.77,0.848246977,13284.69,4.016342329
8412.14,0.890471565,13285.27,4.048605741
8418.5,2.097178162,13285.84,3.983289941
8424.86,2.572775862,13286.42,4.009075571
8431.22,2.207501756,13287,4.014398749
8437.58,1.533158,13287.57,4.050550706
8443.95,-0.495985453,13288.15,4.035018962
8450.31,-0.373172624,13288.72,3.996446768
8456.67,1.983906218,13289.3,4.087916383
8463.03,1.24187875,13289.88,4.010415616
8469.39,0.802080018,13290.45,4.049219033
8475.76,2.355133855,13291.03,4.102741082
8482.12,2.722831596,13291.6,4.051317173
8488.48,2.511446815,13292.18,4.121423757
8494.84,1.547635454,13292.76,4.015768064
8501.2,1.231732435,13293.33,4.023390029
8507.57,0.050193607,13293.91,4.002815611
8513.93,-0.240779431,13294.48,4.046830667
8520.29,3.328647649,13295.06,4.12080117
8526.65,2.919271107,13295.64,4.045320891
8533.01,2.923780531,13296.21,4.006267511
8539.38,3.272563158,13296.79,4.023987072
8545.74,2.91242632,13297.37,4.060502616
8552.1,2.776308184,13297.94,3.963476287
8558.46,2.671239443,13298.52,3.981536609
8564.82,2.46637068,13299.09,4.036629555
8571.19,2.740840024,13299.67,4.00407166
8577.55,2.850230468,13300.25,4.102027141
8583.91,2.9583437,13300.82,4.004354378
8588.4,3.201898701,13301.4,3.957962106
8592.89,2.770311147,13301.97,4.01851446
8597.38,2.697130311,13302.55,4.026398843
8601.87,2.571425929,13303.13,3.975974801
8606.36,2.526640281,13303.7,3.971810425
8610.85,2.332727813,13304.28,4.055544614
8615.34,2.375058356,13304.86,4.01819759
8619.83,2.137113934,13305.43,4.041125892
8624.32,2.170992838,13306.01,4.051404101
8628.82,2.061615282,13306.58,4.017882166
8633.31,2.147929788,13307.16,4.004243016
8637.8,1.901458386,13307.74,3.948579605
8642.29,2.027491755,13308.31,4.032625457
8646.78,1.536546401,13308.89,4.025640133
8673.72,3.07507444,13309.46,4.103989206
8678.21,2.971517262,13310.04,4.047420787
8682.7,3.229641199,13310.62,4.118063285
8687.19,3.346902143,13311.19,3.963365419
8691.68,3.322700916,13311.77,4.023442647
8696.17,3.318786358,13312.34,4.042428643
8700.66,3.348347263,13312.92,3.989571536
8705.16,3.264170246,,
8709.65,3.336645776,,
8714.14,3.316946585,,
8718.63,3.409147322,,
8723.12,3.390103444,,
8727.61,3.442027581,,
8732.1,3.440266768,,
8736.59,3.397632089,,
8741.08,3.390749833,,
8745.57,3.401739534,,
8750.06,3.49188359,,
8754.55,3.537807286,,
8759.04,3.509995631,,
8763.53,3.503292133,,
8768.02,3.366794673,,
8772.51,3.210874316,,
8777,2.619268174,,
8781.49,2.573583756,,
8785.99,0.854742502,,
8790.48,1.575810268,,
8794.97,1.23603968,,
8799.46,1.354669184,,
8803.95,1.51275454,,
8808.44,1.635257039,,
8813.47,1.947129166,,
8818.5,1.138367796,,
8823.53,1.228027361,,
8828.56,1.360258649,,
8833.59,1.914258124,,
8838.62,1.608308242,,
8843.64,1.47799493,,
8848.67,2.090712707,,
8853.7,1.825895506,,
8858.73,1.422285926,,
8863.76,1.394819562,,
8868.79,1.521613009,,
8873.82,1.584218807,,
8878.85,1.718828153,,
8883.88,1.631241325,,
8888.91,1.052632485,,
8893.94,0.730426537,,
8898.97,1.289584621,,
8904,1.174921862,,
8909.03,1.84376843,,
8914.06,2.344361497,,
8919.09,0.9896099,,
8924.12,0.850822243,,
8929.15,0.753077412,,
8934.17,1.438118218,,
8939.2,3.775949759,,
8944.23,2.770825527,,
8949.26,1.579344957,,
8954.29,1.784758601,,
8959.32,2.397773648,,
8964.35,0.452421357,,
8969.38,3.224697356,,
8974.41,3.080660027,,
8979.44,1.702288066,,
8984.47,1.602673512,,
8989.5,1.422505892,,
8994.53,1.555333178,,
8999.56,1.415210693,,
9004.59,1.518614243,,
9009.62,1.091259859,,
9014.65,0.533708638,,
9019.68,-0.201184804,,
9024.7,-0.700699935,,
9029.73,-0.509849891,,
9034.76,0.442640495,,
9039.79,1.204428866,,
9044.82,1.149403914,,
9049.85,0.744189823,,
9054.88,0.82425394,,
9059.91,1.286714715,,
9070.64,0.925157007,,
9081.37,0.71517725,,
9092.1,-0.789272897,,
9102.83,-0.848475096,,
9113.56,-0.782977513,,
9124.29,0.24710629,,
9135.02,-1.019707576,,
9145.74,1.458044001,,
9156.47,1.869707589,,
9167.2,1.680343698,,
9177.93,1.523289434,,
9188.66,1.403326084,,
9199.39,1.429654937,,
9210.12,1.786709444,,
9220.85,1.92950713,,
9231.58,2.043796687,,
9242.31,1.793211902,,
9253.04,1.243558117,,
9263.77,0.888154997,,
9274.5,-0.609666252,,
9285.23,-0.119682117,,
9295.95,1.431749406,,
9306.68,1.818057747,,
9317.41,1.709617244,,
9328.14,0.098246755,,
9338.87,0.084334344,,
9349.6,-0.430530714,,
9360.33,1.279704373,,
9371.06,1.36360665,,
9381.79,2.095964141,,
9392.52,2.413424111,,
9403.25,1.902297421,,
9413.98,0.137338062,,
9424.71,0.504748585,,
9435.43,1.590015112,,
9446.16,0.92077335,,
9456.89,0.431628659,,
9467.62,-1.112814969,,
9478.35,-0.418814117,,
9489.08,0.189451159,,
9499.81,0.559358523,,
9510.54,1.504672934,,
9521.27,2.892221897,,
9532,2.695716134,,
9542.73,2.643735241,,
9553.46,2.884856024,,
9564.19,2.68616749,,
9574.92,2.586764535,,
9585.64,2.691608421,,
9596.37,2.870446461,,
9607.1,2.966032261,,
9617.83,3.069155544,,
9628.56,2.990093918,,
9639.29,2.858471273,,
9650.02,2.861406915,,
9660.75,2.539029447,,
9671.48,2.273089029,,
9682.21,1.769887706,,
9692.94,1.308730197,,
9703.67,0.007362158,,
9725.12,1.929154004,,
9735.85,2.091152801,,
9746.58,0.432079653,,
9768.04,2.525173732,,
9778.77,2.212342366,,
9789.5,2.422825632,,
9800.23,0.88371499,,
9810.96,-1.364450818,,
9821.69,-1.102221548,,
9832.42,0.767094017,,
9843.15,2.014205578,,
9853.88,2.568208036,,
9864.61,2.729873705,,
9875.33,2.879040686,,
9886.06,2.890009472,,
9896.79,2.813170207,,
9907.52,2.813876846,,
9918.25,2.960553381,,
9928.98,2.940029896,,
9939.71,2.973331973,,
9950.44,3.04072682,,
9961.17,3.157389691,,
9971.9,3.253125324,,
9982.63,3.461027383,,
9993.36,3.377725025,,
10014.81,3.329915101,,
10025.54,3.400470901,,
10036.27,3.472229432,,
10047,3.618484153,,
10057.73,3.610556282,,
10068.46,3.815176185,,